Workbook

Sheet 使い方
A1: はじめに | C1: =HUAWEI製ＰＣＳ接続枚数計算ツール!B3 -> 2025.08.26版
A3: ・本ツールはHUAWEI製ＰＣＳ向けのパネル接続の検討ツールです。
A5: ・本ツールの使用手順は以下のとおりです。
A6: 色付きのセルは左記を示しています | F6: 入力項目 | I6: 計算結果
A7: １．「太陽電池モジュールリスト」シートに接続したいモジュール仕様を入力
A8: ２．「HUAWEI製ＰＣＳ接続枚数計算ツール」シートに接続したいモジュール型番を入力
A9: ３．「HUAWEI製ＰＣＳ接続枚数計算ツール」シートへ検討したいＰＣＳ型番を選択
A10: ４．「HUAWEI製ＰＣＳ接続枚数計算ツール」シートへ「設計条件」欄を入力
A11: ５．「HUAWEI製ＰＣＳ接続枚数計算ツール」シートの標準回路組み合わせに表示されている組み合わせが、計算結果です。詳しくは「表の見方」のシートをご覧ください。
A12: ６．「HUAWEI製ＰＣＳ接続枚数計算ツール」シートの「電圧、最大出力確認（直列数同一,標準直列数）」欄へ接続したい構成を入力することで、想定される電圧、電流値を確認可能です。
A13: ７．「HUAWEI製ＰＣＳ接続枚数計算ツール」シートの「複数直列組み合わせ回路構成判定」で複数の直列数を組み合わせた場合の接続確認が可能です。
A15: ・セル右上に赤い🔻があるセルにはコメントが付いています。 | H15: サンプル
A17: ・初期で「太陽電池モジュールリスト」シートに記載されているモジュール情報は過去に検討した際の情報であり、
A18: 最新ではない可能性がありますので仕様書等をご確認の上、仕様更新をしてください。
A20: ・結晶系パネルに対しての使用を想定した計算結果となります。
A21: 化合物系、薄膜系の計算にも使用可能ですが、これらの低電流パネルで行われる集電しての接続を考慮した計算結果にはなっておりません。
A23: ・ＰＣＳの環境温度は-20度から40度までの範囲の出力をもとに算定しています。
A25: ・条件により過積載が全くできないように表示されるケースがあります。 その際は弊社代理店若しくは弊社担当まで接続枚数検討をご依頼ください。
A27: ・一部機種は皮相電力(力率)、AC出力電圧により接続可能枚数が変わります。
A29: ・本ツールで示された直列数、回路数の範囲外での具体的な接続検討が必要な場合は、弊社代理店若しくは弊社担当までご依頼ください。
A31: ・本ツールの改造は行わないで下さい。
A33: ・本ツールを他社PCSメーカーに公開することは禁止です。

Sheet 表の見方
B25: ※ＰＣＳは２回路につき１ＭＰＰＴとなっています。
B26: ＭＰＰＴ内の直列数は同じになるようにしてください。
B27: やむを得ず異直列が発生する場合は１枚差までとしてください。
B28: （発電への影響を最小限に抑えるためです）
B30: SUN2000-50KTL-JPM0の入力回路の優先順位（参考）

Sheet 使い方 
A1: はじめに | C1: =HUAWEI製ＰＣＳ接続枚数計算ツール!B3 -> 2025.08.26版
A3: ・本ツールはHUAWEI製ＰＣＳ向けのパネル接続の検討ツールです。
A5: ・本ツールの使用手順は以下のとおりです。
A6: 色付きのセルは左記を示しています | F6: 入力項目 | I6: 計算結果
A7: １．「太陽電池モジュールリスト」シートに接続したいモジュール仕様を入力
A8: ２．「HUAWEI製ＰＣＳ接続枚数計算ツール」シートの「ﾓｼﾞｭｰﾙ型式」接続したいモジュール型番を入力
A9: ３．「HUAWEI製ＰＣＳ接続枚数計算ツール」シートの「設計条件」欄を入力
A10: ４．「HUAWEI製ＰＣＳ接続枚数計算ツール」シートの標準回路組み合わせに表示されている組み合わせが、計算結果です。詳しくは「表の見方」のシートをご覧ください。
A11: ５．標準電圧に満たない組み合わせを検討したい場合や、ＰＣＳ定格以上発電時の蓄電池への充電量を確認したい場合は、「SUN2000-4.95KTL-JPL1 接続確認」へ入力下さい。
A15: ・セル右上に赤い🔻があるセルにはコメントが付いています。 | H15: サンプル
A18: ・初期で「太陽電池モジュールリスト」シートに記載されているモジュール情報は過去に検討した際の情報であり、
A19: 最新ではない可能性がありますので仕様書等をご確認の上、仕様更新をしてください。
A21: ・結晶系パネルに対しての使用を想定した計算結果となります。
A22: 化合物系、薄膜系の計算にも使用可能ですが、これらの低電流パネルで行われる集電しての接続を考慮した計算結果にはなっておりません。
A24: ・ＰＣＳの環境温度は-20度から40度までの範囲の出力をもとに算定しています。
A26: ・条件により過積載が全くできないように表示されるケースがあります。 その際は弊社代理店若しくは弊社担当まで接続枚数検討をご依頼ください。
A28: ・本ツールで示された直列数、回路数の範囲外での具体的な接続検討が必要な場合は、弊社代理店若しくは弊社担当までご依頼ください。
A30: ・本ツールの改造は行わないで下さい。
A32: ・本ツールを他社PCSメーカーに公開することは禁止です。

Sheet 表の見方 
B13: ※ＰＣＳは２回路につき１ＭＰＰＴとなっています。
B14: ＭＰＰＴ内の直列数は同じになるようにしてください。
B15: やむを得ず異直列が発生する場合は１枚差までとしてください。
B16: （発電への影響を最小限に抑えるためです）

Sheet HUAWEI製ＰＣＳ接続枚数計算ツール 住宅向け
B2: HUAWEI製ＰＣＳ接続枚数計算ツール | F2: 入力項目 | I2: 計算結果
B4: 太陽電池モジュール条件
B5: ﾓｼﾞｭｰﾙ型式 | C5: XLB120-380LD-2 | F5: 最大動作電流(Imax) | G5: =VLOOKUP($C$5, 太陽電池モジュールリスト!A:J, 6,FALSE) -> 13.188 | H5: 短絡電流(Isc) | I5: =VLOOKUP($C$5, 太陽電池モジュールリスト!A:J, 5,FALSE) -> 14.376 | J5: 短絡電流温度係数(％/℃) | K5: =VLOOKUP($C$5, 太陽電池モジュールリスト!A:J, 9,FALSE) -> 0.00048
B6: 最大出力（Pmax） | C6: =VLOOKUP($C$5, 太陽電池モジュールリスト!A:J, 2,FALSE) -> 456 | D6: 最大出力温度係数(％/℃) | E6: =VLOOKUP($C$5, 太陽電池モジュールリスト!A:J, 7,FALSE) -> -0.0035 | F6: 最大動作電圧（Vmax） | G6: =VLOOKUP($C$5, 太陽電池モジュールリスト!A:J, 4,FALSE) -> 34.6 | H6: 開放電圧(Voc) | I6: =VLOOKUP($C$5, 太陽電池モジュールリスト!A:J, 3,FALSE) -> 41.7 | J6: 開放電圧温度係数(％/℃) | K6: =VLOOKUP($C$5, 太陽電池モジュールリスト!A:J, 8,FALSE) -> -0.0027
B7: 接続希望パネル枚数(PCS1台につき) | E7: 20 | F7: 過積載率 | H7: =+E7*C6/1000/VLOOKUP($C$9,$B$43:$P$61,2,FALSE) -> 1.8424242
B9: PCS型式 | C9: SUN2000-4.95KTL-JPL1
B11: 設計条件
B12: 環境温度 | D12: 発電によるパネル温度上昇 | G12: ＤＣ電圧降下 | J12: 最大短絡電流制限
B13: 高温時 | C13: 40 | D13: 最大温度上昇 | F13: 30 | G13: パネル過積載時 | I13: 0 | J13: 適用
B14: 低温時 | C14: -20 | G14: パネル非過積載時 | I14: 0.02 | J14: =IF(J13="非適用","最大短絡電流を超えるパネルの接続は極性の逆接続時の故障リスクが高くなりますのでご注意ください","")
B16: 標準設計目安 | C16: 定格出力を出力するには下記の直列数範囲のストリングが必要です。
B17: 最小直列数 | C17: =E33 -> 8 | D17: MPPT辺りの入力可能回路数 | G17: =+M32 -> 1
B18: 最大直列数 | C18: =IFERROR(MIN(C33,G33,U28),C33) -> 12 | D18: 最大入力回路数 | G18: =+M34 -> 2 | H18: 最大過積載率 | J18: =MIN(H7,AA28) -> 1.8424242
B20: SUN2000-4.95KTL-JPL1 低電圧接続検討 | F20: 起動電圧である100V+α程度での接続は低日照時の電圧低下による発電時間の減少リスクがあります。
B21: MPPT1入力直列数 | D21: 4 | E21: MPPT1入力回路数 | G21: 1 | H21: 接続パネル容量 | J21: =(D21*G21+D22*+G22)*C6*0.001 -> 3.648
B22: MPPT2入力直列数 | D22: 4 | E22: MPPT2入力回路数 | G22: 1 | H22: ＰＣＳ最大出力電力 | J22: =IF(MIN(MIN(C39,C40)+MIN(D39,D40),MAX(C39,D39))>=4.95,MIN(J21,4.95),MIN(MIN(C39,C40)+MIN(D39,D40),MAX(C39,D39))) -> 2.7225 | K22: 接続可否 | M22: =IF(AND(G39="接続可能",I39="接続可能",K38="接続可能"),G38,"接続不可") -> 制限あり
M23: =IF(M22="接続不可",IF(K38="接続可能",IF(I39="接続可能","直列数が多すぎます","直列数が少なすぎます"),K38),"")
B27: パネル温度係数計算
B28: 最大動作電流(低温) | C28: =$G$5*(1+($C$14-25+$F$13)*$K$5) -> 13.093046 | D28: 解放電圧(低温) | E28: =ROUNDUP($I$6*(1+(C14-25)*$K$6),2) -> 46.77 | F28: 運転電圧過積載なし(高温) | H28: =ROUNDDOWN($G$6*(1+(C13-25+$F$13)*$K$6)*(VLOOKUP($C$9,$B$43:$P$61,10,FALSE)-I14),2) -> 28.87 | I28: 最大過積載運転電圧(低温) | K28: =ROUNDUP(((1-1/G31)^0.5*($I$6-$G$6)+$G$6)*(1+($C$14-25+$F$13)*$K$6)*(VLOOKUP($C$9,$B$43:$P$61,10,FALSE)-I13),2) -> 40.4 | L28: 希望過積載運転電圧(高温) | N28: =ROUNDDOWN(((((1-1/MAX(100%,H7))^0.5*($I$6-$G$6)+$G$6)*(1+(C13-25+$F$13)*$K$6))*(VLOOKUP($C$9,$B$43:$P$61,10,FALSE)-I13)),2) -> 33.57 | P28: 最大直列数(低温) | R28: =ROUNDDOWN(G32/N29,0) -> 13 | S28: 希望過積載最大直列数(高温) | U28: =ROUNDDOWN(I32/N28,0) -> 15 | V28: 希望過積載最小直列数(高温) | X28: =ROUNDUP(K32/N28,0) -> 7 | Y28: 最大過積載率 | AA28: =IF(H7>100%,C18*G18*C6/1000/VLOOKUP($C$9,$B$43:$P$61,2,FALSE),100%) -> 2.2109091
B29: 最大動作電流(高温) | C29: =$G$5*(1+($C$13-25+$F$13)*$K$5) -> 13.472861 | D29: 最大短絡電流(高温) | E29: =$I$5*(1+(C13-25+$F$13)*$K$5) -> 14.686522 | I29: 最大過積載運転電圧(高温) | K29: =ROUNDDOWN(((((1-1/I31)^0.5*($I$6-$G$6)+$G$6)*(1+(C13-25+$F$13)*$K$6))*(VLOOKUP($C$9,$B$43:$P$61,10,FALSE)-I13)),2) -> 34.31 | L29: 希望過積載運転電圧(低温) | N29: =ROUNDUP(((1-1/MAX(100%,H7))^0.5*($I$6-$G$6)+$G$6)*(1+($C$14-25+$F$13)*$K$6)*(VLOOKUP($C$9,$B$43:$P$61,10,FALSE)-I13),2) -> 39.77 | P29: 最大直流電圧(低温) | R29: =R28*$N$29 -> 517.01 | S29: 希望過積載最大直流電圧(高温) | U29: =U28*$N$28 -> 503.55 | V29: 希望過積載最小直流電圧(高温) | X29: =X28*$N$28 -> 234.99
B31: 標準設計目安計算 | F31: 過積載率 | G31: =IF(M32=1,R28*C6*VLOOKUP($C$9,$B$43:$P$61,9,FALSE)/1000/VLOOKUP($C$9,$B$43:$P$61,2,FALSE)/2,R28*C6*VLOOKUP($C$9,$B$43:$P$61,9,FALSE)/1000/VLOOKUP($C$9,$B$43:$P$61,2,FALSE)) -> 2.3951515 | H31: 過積載率 | I31: =IF(M32=1,U28*C6*VLOOKUP($C$9, $B$43:$P$61, 9,FALSE)/1000/VLOOKUP($C$9, $B$43:$P$61,2,FALSE)/2,U28*C6*VLOOKUP($C$9, $B$43:$P$61, 9,FALSE)/1000/VLOOKUP($C$9, $B$43:$P$61,2,FALSE)) -> 2.7636364 | J31: 過積載率 | K31: =IF(O32=1,X28*C6*VLOOKUP($C$9, $B$43:$P$61, 9,FALSE)/1000/VLOOKUP($C$9, $B$43:$P$61,2,FALSE)/2,X28*C6*VLOOKUP($C$9, $B$43:$P$61, 9,FALSE)/1000/VLOOKUP($C$9, $B$43:$P$61,2,FALSE)) -> 1.289697 | L31: MPPT短絡電流 | M31: =VLOOKUP($C$9, $B$43:$P$61, 7,FALSE) -> 25 | N31: MPPT電流最大回路数 | O31: 1
B32: 最大直流電圧 | C32: =VLOOKUP($C$9, $B$43:$P$61, 3,FALSE) -> 600 | D32: 最小運転電圧(高温) | E32: =VLOOKUP($C$9, $B$43:$P$61, 4,FALSE) -> 220 | F32: 最大運転電圧(低温) | G32: =VLOOKUP($C$9, $B$43:$P$61, 5,FALSE) -> 530 | H32: 最大運転電圧(高温) | I32: =VLOOKUP($C$9, $B$43:$P$61, 6,FALSE) -> 530 | J32: 最小運転電圧(高温) | K32: =VLOOKUP($C$9, $B$43:$P$61, 4,FALSE)*1 -> 220 | L32: MPPT入力回路数 | M32: =IF(J13="非適用",2,IF(ROUNDDOWN(M31/E29,0)>1.9,2,ROUNDDOWN(M31/E29,0))) -> 1 | N32: MPPT電流通常回路数 | O32: =VLOOKUP($C$9, $B$43:$P$61, 9,FALSE)/2-1 -> 1 | Q32: 最大短絡電流制限
B33: 最大直流数(低温) | C33: =ROUNDDOWN(C32/E28,0) -> 12 | D33: 最小直列数(高温) | E33: =ROUNDUP(E32/H28,0) -> 8 | F33: 最大直列数(低温) | G33: =ROUNDDOWN(G32/N29,0) -> 13 | H33: 最大直列数(高温) | I33: =ROUNDDOWN(I32/K29,0) -> 15 | J33: 最小直列数(高温) | K33: =IF(K31>100%,ROUNDUP(K32/K29,0),E33) -> 7 | L33: MPPT短絡電流 | M33: =M32*E29 -> 14.686522 | N33: 最大出力電力 | O33: =MIN(G34,I34,E34)*((O31*VLOOKUP($C$9,B43:P61,8,FALSE)+O32*C28))*0.001 -> 6.71933 | Q33: 適用
B34: 最大解放電圧(低温) | C34: =ROUNDUP(C$33*$E$28,2) -> 561.24 | D34: 最小直流電圧(高温) | E34: =E33*$H$28 -> 230.96 | F34: 最大直流電圧(低温) | G34: =G33*$N$29 -> 517.01 | H34: 最大直流電圧(高温) | I34: =I33*$K$29 -> 514.65 | J34: 最小直流電圧(高温) | K34: =K33*$K$29 -> 240.17 | L34: 入力回路数 | M34: =IF(M32=2,VLOOKUP($C$9,$B$43:$P$61,9,FALSE),IF(M32=0,"接続不可",VLOOKUP($C$9,$B$43:$P$61,9,FALSE)/2)) -> 2 | N34: MPPT制限 | O34: =IF(VLOOKUP($C$9,B43:P61,2,FALSE)>O33,"制限あり","制限なし") -> 制限なし | Q34: 非適用
B36: SUN2000-4.95KTL-JPL1 低電圧,蓄電池接続検討
B37: 最小直流電圧(高温) | C37: =+H28*D21 -> 115.48 | D37: =+H28*D22 -> 115.48 | F37: 4.95KTL-JPL1運転制限
B38: 出力制限 | C38: =ROUNDDOWN((C37-80)/2.33+40,0)/100 -> 0.55 | D38: =ROUNDDOWN((D37-80)/2.33+40,0)/100 -> 0.55 | F38: 運転制限 | G38: =IF(AND(J22<J21,4.95>J22),"制限あり","制限なし") -> 制限あり | H38: 最小電圧 | I38: =IF(OR(C37=0,D37=0),MAX(C37,D37),MIN(C37,D37)) -> 115.48 | J38: 最大短絡電流確認 | K38: =IF(AND(J13="適用",MAX(G21,G22)*E29>M31),"最大短絡電流を超えています","接続可能") -> 接続可能
B39: 制限後出力 | C39: =MIN(C38*4.95) -> 2.7225 | D39: =MIN(D38*4.95) -> 2.7225 | F39: 最大電圧確認 | G39: =IF(MAX(D21,D22)>MIN(C33,R28),"接続不可","接続可能") -> 接続可能 | H39: 最小電圧判定 | I39: =IF(I38>100,"接続可能","接続不可") -> 接続可能
B40: 出力可能電力 | C40: =MIN(D21*G21*C6*0.001) -> 1.824 | D40: =MIN(D22*G22*C6*0.001) -> 1.824
B42: ＰＣＳ機種 | C42: 定格出力 | D42: 最大直流電圧 | E42: 40℃最低直流電圧 | F42: -10℃最大直流電圧 | G42: 40℃最大直流電圧 | H42: 短絡電流 | I42: 入力電流 | J42: 入力回路数 | K42: 変換効率 | M42: 最小電圧 | N42: 最小電圧出力 | O42: 標準電圧 | P42: 電流値
B43: SUN2000-125KTL-JPH0 力率1.0 | C43: 125 | D43: 1500 | E43: 800 | F43: 1200 | G43: 1100 | H43: 50 | I43: 30 | J43: 18 | K43: 0.981
B44: SUN2000-125KTL-JPH0 力率0.9 | C44: 125 | D44: 1500 | E44: 800 | F44: 1200 | G44: 950 | H44: 50 | I44: 30 | J44: 18 | K44: 0.981
B45: SUN2000-111KTL-NHM0 力率1.0 AC420V.440V | C45: 111 | D45: 1020 | E45: 550 | F45: 800 | G45: 670 | H45: 40 | I45: 26 | J45: 20 | K45: 0.981 | M45: 200 | N45: 0.34 | O45: 550
B46: SUN2000-111KTL-NHM0 力率0.9 AC420V.440V | C46: 111 | D46: 1020 | E46: 550 | F46: 800 | G46: 670 | H46: 40 | I46: 26 | J46: 20 | K46: 0.981 | M46: 200 | N46: 0.34 | O46: 550
B47: SUN2000-63KTL-JPM0 | C47: 62.5 | D47: 1020 | E47: 550 | F47: 850 | G47: 800 | H47: 30 | I47: 22 | J47: 12 | K47: 0.986
B48: SUN2000-63KTL-JPH0 | C48: 62.5 | D48: 1500 | E48: 800 | F48: 1200 | G48: 1100 | H48: 33 | I48: 22 | J48: 12 | K48: 0.985
B49: SUN2000-50KTL-JPM0 | C49: 50 | D49: 1020 | E49: 550 | F49: 890 | G49: 800 | H49: 30 | I49: 22 | J49: 12 | K49: 0.986
B50: SUN2000-40KTL-NH AC420V | C50: 40 | D50: 1020 | E50: 550 | F50: 850 | G50: 634 | H50: 40 | I50: 26 | J50: 8 | K50: 0.984
B51: SUN2000-40KTL-NH AC440V | C51: 40 | D51: 1020 | E51: 590 | F51: 850 | G51: 660 | H51: 40 | I51: 26 | J51: 8 | K51: 0.984
B52: SUN2000-33KTL-NH AC420V | C52: 33 | D52: 1020 | E52: 480 | F52: 850 | G52: 660 | H52: 40 | I52: 26 | J52: 8 | K52: 0.985
B53: SUN2000-33KTL-NH AC440V | C53: 33 | D53: 1020 | E53: 500 | F53: 850 | G53: 660 | H53: 40 | I53: 26 | J53: 8 | K53: 0.985
B54: SUN2000-20KTL-M3 AC202V | C54: 20 | D54: 750 | E54: 300 | F54: 550 | G54: 420 | H54: 40 | I54: 26 | J54: 8 | K54: 0.971
B55: SUN2000-4.95KTL-JPL1 | C55: 4.95 | D55: 600 | E55: 220 | F55: 530 | G55: 530 | H55: 25 | I55: 16 | J55: 4 | K55: 0.97
B56: SUN2000-4.95KTL-NHL2 | C56: 4.95 | D56: 600 | E56: 220 | F56: 530 | G56: 530 | H56: 30 | I56: 16 | J56: 4 | K56: 0.97
B58: SUN2000-4.95KTL-JPL0 | C58: 4.95 | D58: 600 | E58: 310 | F58: 530 | G58: 530 | H58: 30 | I58: 16 | J58: 4 | K58: 0.97
B59: SUN2000-111KTL-NHM0 力率1.0 AC480V | C59: 111 | D59: 1020 | E59: 550 | F59: 800 | G59: 720 | H59: 40 | I59: 26 | J59: 20 | K59: 0.981
... B61: SUN2000-20KTL-M3 AC220V | C61: 20 | D61: 750 | E61: 340 | F61: 500 | G61: 420 | H61: 40 | I61: 26 | J61: 8 | K61: 0.971

Sheet 太陽電池モジュールリスト
A1: 太陽電池モジュール型式 | B1: 最大出力（Pmax） | C1: 開放電圧(Voc) | D1: 最大動作電圧（Vmax） | E1: 短絡電流(Isc) | F1: 最大動作電流(Imax) | G1: 最大出力温度係数(％/℃) | H1: 開放電圧温度係数(％/℃) | I1: 短絡電流温度係数(％/℃) | J1: 裏面発電量(％) | K1: 集電数
A2: サンプル | B2: 400 | C2: 45 | D2: 40 | E2: 12 | F2: 10 | G2: -0.0035 | H2: -0.0025 | I2: 0.0004
A3: サンプル（集電） | B3: =B2*K3 -> 800 | C3: =C2 -> 45 | D3: =D2 -> 40 | E3: =E2*K3 -> 24 | F3: =F2*K3 -> 20 | G3: =G2 -> -0.0035 | H3: =H2 -> -0.0025 | I3: =I2 -> 0.0004 | K3: 2
A4: サンプル（両面） | B4: =B3*(1+J4) -> 1000 | C4: =C3 -> 45 | D4: =D3 -> 40 | E4: =E3*(1+J4) -> 30 | F4: =F3*(1+J4) -> 25 | G4: =G3 -> -0.0035 | H4: =H3 -> -0.0025 | I4: =I3 -> 0.0004 | J4: 0.25
A5: CS-304B61 | B5: 304 | C5: 40.4 | D5: 33.1 | E5: 9.75 | F5: 9.2 | G5: -0.004 | H5: -0.003 | I5: 0.0005
A6: 260W | B6: 260 | C6: 38.1 | D6: 31.1 | E6: 9.05 | F6: 8.38 | G6: -0.00436 | H6: -0.0033 | I6: 0.0006
A7: 305-Panel | B7: 305 | C7: 39.7 | D7: 32.7 | E7: 9.82 | G7: =-1.12/305 -> -0.0036721311 | H7: =-0.141/39.7 -> -0.0035516373
A8: 48HL4M-DV-455 | B8: 475 | C8: 36.89 | D8: 31.4 | E8: 16.06 | F8: 15.13 | G8: -0.0029 | H8: -0.0025 | I8: 0.00045
A9: 54HL4M-BDV-525 | B9: 525 | C9: 41.46 | D9: 35.05 | E9: 15.78 | F9: 14.98 | G9: -0.0029 | H9: -0.0025 | I9: 0.00045
A10: 590N | B10: 190 | C10: 27.16 | D10: 21.91 | E10: 9.3 | F10: 8.68 | G10: -0.0036 | H10: -0.0028 | I10: 0.00048
A11: 6MN5A210 | B11: 210 | C11: 31.65 | D11: 26.36 | E11: 8.31 | F11: 7.98 | G11: -0.0042 | H11: -0.0032 | I11: 0.0003
A12: AC-320M/60S | B12: 320 | C12: 40.58 | D12: 32.94 | E12: 10.13 | F12: 9.73 | G12: -0.0039 | H12: -0.0029 | I12: 0.0004
A13: AC-330MH/120S | B13: 330 | C13: 40.49 | D13: 33.74 | E13: 10.25 | F13: 9.79 | G13: -0.0039 | H13: -0.0029 | I13: 0.0004
A14: AC-345MH/120S | B14: 345 | C14: 40.98 | D14: 34.45 | E14: 10.47 | F14: 10.02 | G14: -0.0039 | H14: -0.0029 | I14: 0.0004
A15: AC-370MH/120S | B15: 370 | C15: 41.32 | D15: 34.09 | E15: 11.39 | F15: 10.86 | G15: -0.0035 | H15: -0.0027 | I15: 0.00048
A16: AC-370MH/144S | B16: 370 | C16: 47.4 | D16: 39.6 | E16: 9.85 | F16: 9.35 | G16: -0.0039 | H16: -0.0029 | I16: 0.0004
A17: AC-375MH/120S | B17: 375 | C17: 41.56 | D17: 34.29 | E17: 11.46 | F17: 10.94 | G17: -0.0035 | H17: -0.0027 | I17: 0.00048
A18: AC-380MH/120S | B18: 380 | C18: 41.72 | D18: 34.49 | E18: 11.53 | F18: 11.02 | G18: -0.0035 | H18: -0.0027 | I18: 0.00048
A19: AC-400MH/108V | B19: 400 | C19: 37.1 | D19: 31.2 | E19: 13.73 | F19: 12.83 | G19: -0.0035 | H19: -0.0027 | I19: 0.00048
... A25: AC-450MB/144V | B25: 450 | C25: 49.8 | D25: 41.4 | E25: 11.58 | F25: 10.87 | G25: -0.0035 | H25: -0.0029 | I25: 0.00048
A26: AC-450MB/144V-2 | B26: =B25*(1+J26) -> 562.5 | C26: =C25 -> 49.8 | D26: =D25 -> 41.4 | E26: =E25*(1+J26) -> 14.475 | F26: =F25*(1+J26) -> 13.5875 | G26: =G25 -> -0.0035 | H26: =H25 -> -0.0029 | I26: =I25 -> 0.00048 | J26: 0.25
A27: AC-450MH/144S | B27: 450 | C27: 50.1 | D27: 41.39 | E27: 11.48 | F27: 10.88 | G27: -0.0035 | H27: -0.0027 | I27: 0.00048
A28: AC-450MH/144S | B28: 450 | C28: 50.1 | D28: 41.39 | E28: 11.48 | F28: 10.88 | G28: -0.0035 | H28: -0.0027 | I28: 0.00048
A29: AC-455MH/144S | B29: 455 | C29: 50.34 | D29: 41.61 | E29: 11.54 | F29: 10.94 | G29: -0.0035 | H29: -0.0027 | I29: 0.00048
A30: AC-530MH/144V | B30: 530 | C30: 49.25 | D30: 41.4 | E30: 13.73 | F30: 12.81 | G30: -0.0036 | H30: -0.0028 | I30: 0.00045
A31: AC-535MBT/144V | B31: 535 | C31: 49.4 | D31: 41.55 | E31: 13.79 | F31: 12.88 | G31: -0.0035 | H31: -0.0029 | I31: 0.00048
A32: AC-535MBT/144V-2 | B32: =B31*(1+J32) -> 668.75 | C32: =C31 -> 49.4 | D32: =D31 -> 41.55 | E32: =E31*(1+J32) -> 17.2375 | F32: =F31*(1+J32) -> 16.1 | G32: =G31 -> -0.0035 | H32: =H31 -> -0.0029 | I32: =I31 -> 0.00048 | J32: 0.25
A33: AC-540MBT/144V | B33: 540 | C33: 49.55 | D33: 41.7 | E33: 13.85 | F33: 12.95 | G33: -0.0035 | H33: -0.0029 | I33: 0.00048
A34: AC-540MBT/144V-2 | B34: =B33*(1+J34) -> 675 | C34: =C33 -> 49.55 | D34: =D33 -> 41.7 | E34: =E33*(1+J34) -> 17.3125 | F34: =F33*(1+J34) -> 16.1875 | G34: =G33 -> -0.0035 | H34: =H33 -> -0.0029 | I34: =I33 -> 0.00048 | J34: 0.25
A35: AC-540MH/144V | B35: 540 | C35: 49.55 | D35: 41.7 | E35: 13.85 | F35: 12.95 | G35: -0.0036 | H35: -0.0028 | I35: 0.00045
A36: AC-545MH/144V | B36: 545 | C36: 49.7 | D36: 41.85 | E36: 13.91 | F36: 13.03 | G36: -0.0036 | H36: -0.0028 | I36: 0.00045
A37: AC-550MH/144V | B37: 550 | C37: 49.9 | D37: 41.96 | E37: 14 | F37: 13.11 | G37: -0.0036 | H37: -0.0028 | I37: 0.00045
A38: AIKO-A615-MAH72Mw | B38: 615 | C38: 53.59 | D38: 45.11 | E38: 14.1 | F38: 13.64 | G38: -0.0029 | H38: -0.0024 | I38: 0.0005
A39: AIKO-A700-MAE78Dw | B39: 700 | C39: 59.28 | D39: 49.15 | E39: 14.84 | F39: 14.25 | G39: -0.0026 | H39: -0.0022 | I39: 0.0005
A40: AIKO-A700-MAE78Dw （両面） | B40: =B39*(1+J40) -> 875 | C40: =C39 -> 59.28 | D40: =D39 -> 49.15 | E40: =E39*(1+J40) -> 18.55 | F40: =F39*(1+J40) -> 17.8125 | G40: =G39 -> -0.0026 | H40: =H39 -> -0.0022 | I40: =I39 -> 0.0005 | J40: 0.25
A41: AIKO-A770-GRH78Dw | B41: 770 | C41: 59.1 | D41: 48.77 | E41: 16.59 | F41: 15.79 | G41: -0.0026 | H41: -0.0022 | I41: 0.0005
A42: AIKO-A770-GRH78Dw（両面） | B42: =B41*(1+J42) -> 962.5 | C42: =C41 -> 59.1 | D42: =D41 -> 48.77 | E42: =E41*(1+J42) -> 20.7375 | F42: =F41*(1+J42) -> 19.7375 | G42: =G41 -> -0.0026 | H42: =H41 -> -0.0022 | I42: =I41 -> 0.0005 | J42: 0.25
A43: AIKO-G640-MCH72Dw | B43: 640 | C43: 53.8 | D43: 45.1 | E43: 14.9 | F43: 14.2 | G43: -0.0026 | H43: -0.0022 | I43: 0.0005
A44: AIKO-G640-MCH72Dw(両面） | B44: =B43*(1+J44) -> 800 | C44: =C43 -> 53.8 | D44: =D43 -> 45.1 | E44: =E43*(1+J44) -> 18.625 | F44: =F43*(1+J44) -> 17.75 | G44: =G43 -> -0.0026 | H44: =H43 -> -0.0022 | I44: =I43 -> 0.0005 | J44: 0.25
A45: AS-6M120-HC-370 | B45: 370 | C45: 41.6 | D45: 34.6 | E45: 11.3 | F45: 10.7 | G45: -0.0036 | H45: -0.0028 | I45: 0.0005
A46: AS-6M120-HC-380 | B46: 380 | C46: 42 | D46: 35 | E46: 11.44 | F46: 10.86 | G46: -0.0036 | H46: -0.0028 | I46: 0.0005
A47: AstroHalo | B47: 310 | C47: 40.18 | D47: 32.96 | E47: 9.86 | F47: 9.42 | G47: -0.0038 | H47: -0.00284 | I47: 0.00042
A48: AstrroSemi-455 | B48: 455 | C48: 49.35 | D48: 41.51 | E48: 11.44 | F48: 10.96 | G48: -0.0035 | H48: -0.0028 | I48: 0.0004
A49: BSM310M-60 | B49: 310 | C49: 40.18 | D49: 32.95 | E49: 10.08 | F49: 9.41 | G49: -0.0042 | H49: -0.0032 | I49: 0.0005
A50: BYD 260P6C-30 | B50: 260 | C50: 38.38 | D50: 30.67 | E50: 8.97 | F50: 8.48 | G50: -0.0043 | H50: -0.0032 | I50: 0.00059
A51: Can_295 | B51: 295 | C51: 39.1 | D51: 32.5 | E51: 9.57 | F51: 9.08 | G51: -0.0038 | H51: -0.0029
A52: Can_300 | B52: 300 | C52: 39.3 | D52: 32.7 | E52: 9.65 | F52: 9.18 | G52: -0.0038 | H52: -0.0029
A53: Can_315 | B53: 315 | C53: 39.9 | D53: 33.1 | E53: 10.01 | F53: 9.52 | G53: -0.0037 | H53: -0.0029
A54: Can_355 | B54: 355 | C54: 46.8 | D54: 39.4 | E54: 9.59 | F54: 9.02 | G54: -0.0039 | H54: -0.003
A55: Can_375 | B55: 375 | C55: 47.6 | D55: 39.8 | E55: 9.93 | F55: 9.43 | G55: -0.0037 | H55: -0.0029
A56: Can_405P | B56: 405 | C56: 47.4 | D56: 38.9 | E56: 10.98 | F56: 10.42 | G56: -0.0037 | H56: -0.0029 | I56: 0.0005
A57: Cana_355 | B57: 355 | C57: 46.8 | D57: 39.4 | E57: 9.59 | F57: 9.02 | G57: -0.0039 | H57: -0.003
A58: Cana_360 | B58: 360 | C58: 47 | D58: 39.6 | E58: 9.67 | F58: 9.1 | G58: -0.0039 | H58: -0.003
A59: Canadia_300_2 | B59: 300 | C59: 39.3 | D59: 32.7 | E59: 9.65 | F59: 9.18 | G59: -0.0038 | H59: -0.0029 | I59: 0.0005
A60: Canadian_265 | B60: 265 | C60: 37.7 | D60: 30.6 | G60: -0.0041 | H60: -0.0031
A61: Canadian_275 | B61: 275 | C61: 38 | D61: 31 | G61: -0.0041 | H61: -0.0031
A62: Canadian_330 | B62: 330 | C62: 45.6 | D62: 37.2 | G62: -0.0041 | H62: -0.0031
A63: Candia_360 | B63: 360 | C63: 47 | D63: 39.6 | E63: 9.67 | F63: 9.1 | G63: -0.0037 | H63: -0.0029 | I63: 0.0005
A64: CANDia_405 | B64: 405 | C64: 47.4 | D64: 38.9 | E64: 10.98 | F64: 10.42 | G64: -0.0037 | H64: -0.0029 | I64: 0.0005
A65: CHSM6610P -250 | B65: 265 | C65: 37.87 | D65: 30.92 | E65: 9.18 | F65: 8.58 | G65: -0.00407 | H65: -0.0031 | I65: 0.00049
A66: CHSM6612M/HV-370 | B66: 370 | C66: 48.13 | D66: 39.66 | E66: 9.82 | F66: 9.34 | G66: -0.00376 | H66: -0.00282 | I66: 0.00043
A67: CHSM72M-HC-445 | B67: 445 | C67: 48.8 | D67: 41.05 | E67: 11.3 | F67: 10.84 | G67: -0.0035 | H67: -0.0028 | I67: 0.0004
A68: CHSM72M-HC-450 | B68: 450 | C68: 49.05 | D68: 41.32 | E68: 11.37 | F68: 10.89 | G68: -0.0035 | H68: -0.0027 | I68: 0.0005
A69: CHSM72M-HC-455 | B69: 455 | C69: 49.35 | D69: 41.51 | E69: 11.44 | F69: 10.96 | G69: -0.0035 | H69: -0.0028 | I69: 0.0004
A70: CHSM72M-HC-460 | B70: 460 | C70: 49.62 | D70: 41.7 | E70: 11.51 | F70: 11.03 | G70: -0.0035 | H70: -0.0027 | I70: 0.0005
A71: CHSM72M-HC-550 | B71: 550 | C71: 50.1 | D71: 42.1 | E71: 13.9 | F71: 13.06 | G71: -0.0035 | H71: -0.0027 | I71: 0.00045
A72: CHSM72N-HC590 | B72: 590 | C72: 51.45 | D72: 42.88 | E72: 14.5 | F72: 13.76 | G72: -0.0029 | H72: -0.0025 | I72: 0.00043
A73: CP18-72HT-540 | B73: 540 | C73: 49.45 | D73: 41.47 | E73: 13.79 | F73: 12.9 | G73: -0.0035 | H73: -0.00275 | I73: 0.00045
A74: CP18-72HT-540-2 | B74: =B73*(1+J74) -> 594 | C74: =C73 -> 49.45 | D74: =D73 -> 41.47 | E74: =E73*(1+J74) -> 15.169 | F74: =F73*(1+J74) -> 14.19 | G74: =G73 -> -0.0035 | H74: =H73 -> -0.00275 | I74: =I73 -> 0.00045 | J74: 0.1
A75: CP6P-250P | B75: 250 | C75: 37.2 | D75: 30.1 | E75: 8.87 | F75: 8.3 | G75: -0.0043 | H75: -0.0034 | I75: 0.00065
A76: CP6P-250P（集電） | B76: =B75*K76 -> 4000 | C76: =C75 -> 37.2 | D76: =D75 -> 30.1 | E76: =E75*K76 -> 141.92 | F76: =F75*K76 -> 132.8 | G76: =G75 -> -0.0043 | H76: =H75 -> -0.0034 | I76: =I75 -> 0.00065 | K76: 16
A77: CP6P-265P | B77: 265 | C77: 37.7 | D77: 30.6 | E77: 9.23 | F77: 8.66 | G77: -0.0041 | H77: -0.0031 | I77: 0.00053
A78: CS-109B81S | B78: 109 | C78: 12.3 | D78: 10.3 | E78: 11.14 | F78: 10.59 | G78: -0.0044 | H78: -0.00329 | I78: 0.00038
A79: CS-113B41S | B79: 113 | C79: 16.3 | D79: 13.3 | E79: 9.01 | F79: 8.5 | G79: -0.0044 | H79: -0.00329 | I79: 0.00038
A80: CS1H-335MS | B80: 335 | C80: 44.3 | D80: 37.4 | E80: 9.72 | F80: 8.96 | G80: -0.0037 | H80: -0.0029 | I80: 0.0005
A81: CS1U_405_1 | B81: 405 | C81: 53.5 | D81: 44.3 | E81: 9.65 | F81: 9.16 | G81: -0.0037 | H81: -0.0029 | I81: 0.0005
A82: CS1U-410MS | B82: 410 | C82: 53.6 | D82: 44.5 | E82: 9.7 | F82: 9.23 | G82: -0.0037 | H82: -0.0029 | I82: 0.0005
A83: CS1U-415MS | B83: 415 | C83: 53.7 | D83: 44.7 | E83: 9.75 | F83: 9.3 | G83: -0.0037 | H83: -0.0029 | I83: 0.0005
A84: CS1V-265MS | B84: 265 | C84: 35.7 | D84: 29.4 | E84: 9.51 | F84: 9 | G84: -0.0037 | H84: -0.0029 | I84: 0.0005
A85: CS1VL-210MS CS1V-265MS換算 0.8枚 | B85: 210 | C85: 28.4 | D85: 23.3 | E85: 9.58 | F85: 9.01 | G85: -0.0037 | H85: -0.0029 | I85: 0.0005
A86: CS-210NH1 | B86: 210 | C86: 50.9 | D86: 41.3 | E86: 5.57 | F86: 5.07 | G86: -0.0044 | H86: -0.00329 | I86: 0.00038 | K86: 23
A87: CS-223B81S | B87: 223 | C87: 24.8 | D87: 20.9 | E87: 11.26 | F87: 10.67 | G87: -0.0044 | H87: -0.00329 | I87: 0.00038
A88: CS-226C31S | B88: 226 | C88: 32.1 | D88: 25.7 | E88: 9.43 | F88: 8.8 | G88: -0.0044 | H88: -0.00329 | I88: 0.00038
A89: CS-230B41S | B89: 230 | C89: 32.6 | D89: 26.4 | E89: 9.25 | F89: 8.72 | G89: -0.0044 | H89: -0.00329 | I89: 0.00038
A90: CS-240B31 | B90: 240 | C90: 34.8 | D90: 28.1 | E90: 9.08 | F90: 8.55 | G90: -0.0044 | H90: -0.00329 | I90: 0.00038
A91: CS-250B41 | B91: 250 | C91: 34.8 | D91: 28.1 | E91: 9.48 | F91: 8.9 | G91: -0.0044 | H91: -0.00329 | I91: 0.00038
A92: CS-250B61S | B92: 250 | C92: 33 | D92: 26.8 | E92: 9.87 | F92: 9.33 | G92: -0.004 | H92: -0.0035
A93: CS-260B61B | B93: 260 | C93: 33.3 | D93: 27.1 | E93: 10.04 | F93: 9.6 | G93: -0.0044 | H93: -0.00329 | I93: 0.00038
A94: CS-260B61S | B94: 260 | C94: 33.3 | D94: 27.1 | E94: 10.04 | F94: 9.6 | G94: -0.004 | H94: -0.0035
A95: CS-270C31 | B95: 270 | C95: 38.3 | D95: 30.9 | E95: 9.35 | F95: 8.74 | G95: -0.0044 | H95: -0.00329 | I95: 0.00038
A96: CS-340B81 | B96: 340 | C96: 37.5 | D96: 31.9 | E96: 11.12 | F96: 10.66 | G96: -0.00333 | H96: -0.00276 | I96: 0.00038
A97: CS-375K44H | B97: 375 | C97: 41.89 | D97: 34.1 | E97: 11.43 | F97: 11.01 | G97: -0.00328 | H97: -0.00256
A98: CS3K_300_1 | B98: 300 | C98: 39.3 | D98: 32.7 | E98: 9.65 | F98: 9.18 | G98: -0.0038 | H98: -0.0029 | I98: 0.0005
A99: CS3K-295 | B99: 295 | C99: 39.1 | D99: 32.5 | E99: 9.57 | F99: 9.08 | G99: -0.0038 | H99: -0.003
A100: CS3K-310MS | B100: 310 | C100: 39.7 | D100: 32.9 | E100: 9.98 | F100: 9.43 | G100: -0.0037 | H100: -0.0029 | I100: 0.0005
A101: CS3K-315MS | B101: 315 | C101: 39.9 | D101: 33.1 | E101: 10.06 | F101: 9.52 | G101: -0.0037 | H101: -0.0029 | I101: 0.0005
A102: CS3K-325MS | B102: 325 | C102: 40.3 | D102: 33.5 | E102: 10.22 | F102: 9.71 | G102: -0.0037 | H102: -0.0029 | I102: 0.0005
A103: CS3K-MS | B103: 325 | C103: 40.3 | D103: 33.5 | E103: 10.22 | F103: 9.71 | G103: -0.0037 | H103: -0.0029 | I103: 0.0005
A104: CS3L-360MS | B104: 360 | C104: 40 | D104: 33.1 | E104: 11.45 | F104: 10.88 | G104: -0.0036 | H104: -0.0029 | I104: 0.0005
A105: CS3L-365MS | B105: 365 | C105: 40.6 | D105: 33.9 | E105: 11.47 | F105: 10.78 | G105: -0.0035 | H105: -0.0027 | I105: 0.0005
...

Sheet HUAWEI製ＰＣＳ接続枚数計算ツール
B2: HUAWEI製ＰＣＳ接続枚数計算ツール | F2: 入力項目 | I2: 計算結果
B3: 2025.08.26版
B4: 太陽電池モジュール条件
B5: ﾓｼﾞｭｰﾙ型式 | C5: JKM600N-72HL4-V | F5: 最大動作電流(Imax) | G5: =VLOOKUP($C$5, 太陽電池モジュールリスト!A:J, 6,FALSE) -> 13.62 | H5: 短絡電流(Isc) | I5: =VLOOKUP($C$5, 太陽電池モジュールリスト!A:J, 5,FALSE) -> 14.25 | J5: 短絡電流温度係数(％/℃) | L5: =VLOOKUP($C$5, 太陽電池モジュールリスト!A:J, 9,FALSE) -> 0.00045
B6: 最大出力（Pmax） | C6: =VLOOKUP($C$5, 太陽電池モジュールリスト!A:J, 2,FALSE) -> 600 | D6: 最大出力温度係数(％/℃) | E6: =VLOOKUP($C$5, 太陽電池モジュールリスト!A:J, 7,FALSE) -> -0.0029 | F6: 最大動作電圧（Vmax） | G6: =VLOOKUP($C$5, 太陽電池モジュールリスト!A:J, 4,FALSE) -> 44.06 | H6: 開放電圧(Voc) | I6: =VLOOKUP($C$5, 太陽電池モジュールリスト!A:J, 3,FALSE) -> 52.9 | J6: 開放電圧温度係数(％/℃) | L6: =VLOOKUP($C$5, 太陽電池モジュールリスト!A:J, 8,FALSE) -> -0.0025
B7: 接続希望パネル枚数(PCS1台につき) | E7: 200 | F7: 過積載率 | H7: =+E7*C6/1000/VLOOKUP($C$9,$B$110:$P$139,2,FALSE) -> 0.96
B9: PCS型式 | C9: SUN2000-125KTL-JPH0 皮相140kVA 力率0.9 | F9: 回路数 | G9: =VLOOKUP($C$9, $B$119:$P$149,9,FALSE) -> 18 | H9: 最大電圧 | J9: =VLOOKUP($C$9, $B$119:$P$149, 3,FALSE) -> 1500 | K9: MPPT最大短絡電流 | M9: =VLOOKUP($C$9, $B$119:$P$149,7,FALSE) -> 50
B10: 定格出力 | C10: =VLOOKUP($C$9, $B$119:$P$149,2,FALSE) -> 125 | D10: JIS変換効率 | E10: =VLOOKUP($C$9, $B$119:$P$149,10,FALSE) -> 0.981 | F10: MPPT数 | G10: =VLOOKUP($C$9, $B$119:$T$149,18,FALSE) -> 9 | H10: MPPT電圧範囲 | J10: =VLOOKUP($C$9, $B$119:$P$149,11,FALSE) -> 500-1500Ｖ | K10: MPPT最大入力電流 | M10: =VLOOKUP($C$9, $B$119:$P$149,8,FALSE) -> 30
C11: =IF(OR(C9="SUN2000-125KTL-NHM0 270V",C9="SUN2000-125KTL-NHM0 330V",C9="SUN2000-125KTL-NHM0 380V",C9="SUN2000-62.5KTL-NHM0"),"※リパワリング向けＰＣＳ接続確認時の太陽電池モジュール条件は接続箱で集電された回路数に応じた電流値で検討してください","")
B13: 設計条件 | E13: MEMO
B14: 設置環境温度
B15: 高温時 | C15: 40
B16: 低温時 | C16: -20
B17: 発電によるパネル温度上昇 | E17: ＤＣ電圧降下 | H17: 最大短絡電流制限
B18: 最大温度上昇 | D18: 30 | E18: パネル過積載時 | G18: 0 | H18: 適用 | J18: 「SUN2000-125KTL-JPH0 皮相125kVA 力率1未満」専用設定 | P18: 設置角度要素(南方位、水平のみ対応)
E19: パネル非過積載時 | G19: 0.01 | H19: =IF(H18="非適用","最大短絡電流を超えるパネルの接続は極性の逆接続時の故障リスクが高くなりますのでご注意ください","") | J19: 設定力率(1～0.8) | L19: 0.87 | P19: 適用・非適用 | R19: 非適用
P20: 設置場所緯度 | R20: 33 | S20: パネル設置角度 | U20: 20
B22: 標準設計目安
B23: 最小直列数 | C23: =E108 -> 21 | D23: MPPT辺りの入力可能回路数 | G23: =+M107 -> 2
B24: 最大直列数 | C24: =IFERROR(MIN(C108,G108,#REF!),C108) -> 25 | D24: 最大入力回路数 | G24: =+M109 -> 18 | H24: 最大過積載率 | J24: =MIN(H7,#REF!) -> #REF!
D27: ＭＰＰＴ１ | E27: ＭＰＰＴ２ | F27: ＭＰＰＴ３ | G27: ＭＰＰＴ４ | H27: ＭＰＰＴ５ | I27: ＭＰＰＴ６ | J27: ＭＰＰＴ７ | K27: ＭＰＰＴ８ | L27: ＭＰＰＴ９ | M27: ＭＰＰＴ１０
B28: 直列数 | D28: 21 | E28: 21 | F28: 21 | G28: 21 | H28: 20 | I28: 20 | J28: 20 | K28: 20 | L28: 20 | M28: 13
B29: 並列数 | D29: 2 | E29: 2 | F29: 2 | G29: 2 | H29: 2 | I29: 2 | J29: 2 | K29: 2 | L29: 2 | M29: 1
B30: 枚数 | D30: =D28*D29 -> 42 | E30: =E28*E29 -> 42 | F30: =F28*F29 -> 42 | G30: =G28*G29 -> 42 | H30: =H28*H29 -> 40 | I30: =I28*I29 -> 40 | J30: =J28*J29 -> 40 | K30: =K28*K29 -> 40 | ... M30: =M28*M29 -> 13
B31: 反映条件 | D31: =IF(G$10-1<0,0,1) -> 1 | E31: =IF($G$10-1.9<0,0,1) -> 1 | F31: =IF($G$10-2.9<0,0,1) -> 1 | G31: =IF($G$10-3.9<0,0,1) -> 1 | H31: =IF($G$10-4.9<0,0,1) -> 1 | I31: =IF($G$10-5.9<0,0,1) -> 1 | J31: =IF($G$10-6.9<0,0,1) -> 1 | K31: =IF($G$10-7.9<0,0,1) -> 1 | L31: =IF($G$10-8.9<0,0,1) -> 1 | M31: =IF($G$10-9.9<0,0,1) -> 0 | U31: 過積載係数 | V31: =(D45/(VLOOKUP($C$9,$B$119:$P$149,2,FALSE)*Z113)) -> 1.7664 | W31: 未使用MPPT | X31: =G10-COUNTIF(D33:M33,">0") -> 0 | Y31: MPPT活用判定 | Z31: =IF(AND(X31>0,MAX(D33:M33)>1),"使用されていないMPPTがあります",1) -> 1 | AA31: 低圧高温大 | AB31: =COUNTIF(D38:M38,">"&E107) -> 4
B32: 直列数 | D32: =IF(D$31=1,D28,"") -> 21 | E32: =IF(E$31=1,E28,0) -> 21 | F32: =IF(F$31=1,F28,0) -> 21 | G32: =IF(G$31=1,G28,0) -> 21 | H32: =IF(H$31=1,H28,0) -> 20 | I32: =IF(I$31=1,I28,0) -> 20 | J32: =IF(J$31=1,J28,0) -> 20 | K32: =IF(K$31=1,K28,0) -> 20 | L32: =IF(L$31=1,L28,0) -> 20 | M32: =IF(M$31=1,M28,0) -> 0 | U32: 開放電圧 | V32: =IF(MAX(D37:M37)<$C$107,1,"開放電圧が高いです") -> 1 | W32: 電圧高温 | X32: =IF(AND($D$40<$I$107),1,"最大動作電圧が高いです") -> 1 | Y32: 低温高圧判定 | Z32: =IF(AND(AB34<1,AJ32>AD33),1,"低電圧回路が多すぎます") -> 1 | AA32: 低圧高温少 | AB32: =COUNTIF(D38:M38,"<"&E107) -> 6 | AC32: 低圧高温 | AD32: =SMALL(D32:M32,COUNTIF(D32:M32,0)+1) -> 20 | AE32: ＰＣＳ低圧 | AF32: =VLOOKUP($C$9, $B$119:$Q$149,12,FALSE) -> 500 | AG32: =VLOOKUP($C$9, $B$119:$Q$149,13,FALSE) -> 6.75 | AH32: =VLOOKUP($C$9, $B$119:$Q$149,14,FALSE) -> 60 | AI32: =SMALL(D38:M38,COUNTIF(D38:M38,0)+1) -> 759.2 | AJ32: =ROUNDDOWN((AI32-AF32)/AG32+AH32,0)/100 -> 0.98
B33: 並列数 | D33: =IF(D$31=1,D29,"") -> 2 | E33: =IF(E$31=1,E29,0) -> 2 | F33: =IF(F$31=1,F29,0) -> 2 | G33: =IF(G$31=1,G29,0) -> 2 | H33: =IF(H$31=1,H29,0) -> 2 | I33: =IF(I$31=1,I29,0) -> 2 | J33: =IF(J$31=1,J29,0) -> 2 | K33: =IF(K$31=1,K29,0) -> 2 | L33: =IF(L$31=1,L29,0) -> 2 | M33: =IF(M$31=1,M29,0) -> 0 | U33: 短絡電流 | V33: =IF(OR(H18="非適用",MAX(D41:M41)<M106),1,"短絡電流が高いです") -> 1 | W33: 電圧低温 | X33: =IF($D$39<$G$107,1,"最大動作電圧が高いです") -> 1 | Y33: 最低電圧判定 | Z33: =IF(SMALL(D38:M38,COUNTIF(D38:M38,0)+1)>AF32,1,"直列数が少なすぎます") -> 1 | AA33: 低圧高温 | AB33: =MAX(D38:M38) -> 797.16 | AC33: 低圧高温 | AD33: =(AD32*(C6+(C6*E6*(C15+D18-25)))*SUM(D35:M35)/1000)/D46 -> 0.83472
B34: 枚数 | D34: =IF(D$31=1,D30,"") -> 42 | E34: =IF(E$31=1,E30,0) -> 42 | F34: =IF(F$31=1,F30,0) -> 42 | G34: =IF(G$31=1,G30,0) -> 42 | H34: =IF(H$31=1,H30,0) -> 40 | I34: =IF(I$31=1,I30,0) -> 40 | J34: =IF(J$31=1,J30,0) -> 40 | K34: =IF(K$31=1,K30,0) -> 40 | L34: =IF(L$31=1,L30,0) -> 40 | M34: =IF(M$31=1,M30,0) -> 0 | AA34: 低温普過積載 | AB34: =MAX(D36:M36)*SUM(D35:M35)*C6/1000/D46 -> 0.96
B35: 低圧高温 | D35: =IF(AND($E$107>D38,D33>0),D33,0) -> 0 | E35: =IF(AND($E$107>E38,E33>0),E33,0) -> 0 | F35: =IF(AND($E$107>F38,F33>0),F33,0) -> 0 | G35: =IF(AND($E$107>G38,G33>0),G33,0) -> 0 | H35: =IF(AND($E$107>H38,H33>0),H33,0) -> 2 | I35: =IF(AND($E$107>I38,I33>0),I33,0) -> 2 | J35: =IF(AND($E$107>J38,J33>0),J33,0) -> 2 | K35: =IF(AND($E$107>K38,K33>0),K33,0) -> 2 | ... M35: =IF(AND($E$107>M38,M33>0),M33,0) -> 0
B36: 低温直列 | D36: =IF(0<D35,D32,0) -> 0 | E36: =IF(0<E35,E32,0) -> 0 | F36: =IF(0<F35,F32,0) -> 0 | G36: =IF(0<G35,G32,0) -> 0 | H36: =IF(0<H35,H32,0) -> 20 | I36: =IF(0<I35,I32,0) -> 20 | J36: =IF(0<J35,J32,0) -> 20 | K36: =IF(0<K35,K32,0) -> 20 | ... M36: =IF(0<M35,M32,0) -> 0 | V36: 開放電圧がアラームのしきい値を超えているため、計算結果の開放電圧が検出された際にアラームにより運転ができません。
B37: 解放電圧(低温) | D37: =IF(D31=1,ROUNDUP(D$28*$E$103,2),0) -> 1236.06 | E37: =IF(E31=1,ROUNDUP(E$28*$E$103,2),0) -> 1236.06 | F37: =IF(F31=1,ROUNDUP(F$28*$E$103,2),0) -> 1236.06 | G37: =IF(G31=1,ROUNDUP(G$28*$E$103,2),0) -> 1236.06 | H37: =IF(H31=1,ROUNDUP(H$28*$E$103,2),0) -> 1177.2 | I37: =IF(I31=1,ROUNDUP(I$28*$E$103,2),0) -> 1177.2 | J37: =IF(J31=1,ROUNDUP(J$28*$E$103,2),0) -> 1177.2 | K37: =IF(K31=1,ROUNDUP(K$28*$E$103,2),0) -> 1177.2 | ... M37: =IF(M31=1,ROUNDUP(M$28*$E$103,2),0) -> 0 | V37: 計算結果が仕様書の最大電圧を超えている場合は、故障のリスクがあるため最大直列数を見直してください。
B38: 最小動作電圧(高温) | D38: =IF(D31=1,D28*$H$103,0) -> 797.16 | E38: =IF(E31=1,E28*$H$103,0) -> 797.16 | F38: =IF(F31=1,F28*$H$103,0) -> 797.16 | G38: =IF(G31=1,G28*$H$103,0) -> 797.16 | H38: =IF(H31=1,H28*$H$103,0) -> 759.2 | I38: =IF(I31=1,I28*$H$103,0) -> 759.2 | J38: =IF(J31=1,J28*$H$103,0) -> 759.2 | K38: =IF(K31=1,K28*$H$103,0) -> 759.2 | ... M38: =IF(M31=1,M28*$H$103,0) -> 0 | V38: MPPTに接続されるパネル短絡電流が高すぎるため内部短絡などが発生した際に短絡電流を遮断できず火災に繋がるため避けてください。
B39: 最大動作電圧(低温) | D39: =ROUNDUP(((1-1/MAX(V31,100%))^0.5*($I$6-$G$6)+$G$6)*(1+($C$16-25+$D$18)*$L$6)*(VLOOKUP($C$9,$B$119:$P$149,10,FALSE)-G18),2)*MAX(D32:M32) -> 1066.38 | V39: 赤く表示されている条件下でストリング動作電圧が高すぎるためにPCSで出力の抑制が発生する可能性があります。
B40: 最大動作電圧(高温) | D40: =ROUNDDOWN(((((1-1/MAX(1,V31))^0.5*($I$6-$G$6)+$G$6)*(1+(C15-25+$D$18)*$L$6))*(VLOOKUP($C$9,$B$119:$P$146,10,FALSE)-G18)),2)*MAX(D32:M32) -> 911.82 | V40: 赤く表示されている条件下でストリング動作電圧が低すぎるためにPCSで出力の抑制が発生する可能性があります。
B41: MPPT短絡電流 | D41: =$I$5*D33 -> 28.5 | E41: =$I$5*E33 -> 28.5 | F41: =$I$5*F33 -> 28.5 | G41: =$I$5*G33 -> 28.5 | H41: =$I$5*H33 -> 28.5 | I41: =$I$5*I33 -> 28.5 | J41: =$I$5*J33 -> 28.5 | K41: =$I$5*K33 -> 28.5 | ... M41: =$I$5*M33 -> 0 | V41: 発電を最適化するため全てのMPPTを使用してください。
B42: MPPT運転電流 | D42: =MIN($C$104*D33,$M$10) -> 27.79161 | E42: =MIN($C$104*E33,$M$10) -> 27.79161 | F42: =MIN($C$104*F33,$M$10) -> 27.79161 | G42: =MIN($C$104*G33,$M$10) -> 27.79161 | H42: =MIN($C$104*H33,$M$10) -> 27.79161 | I42: =MIN($C$104*I33,$M$10) -> 27.79161 | J42: =MIN($C$104*J33,$M$10) -> 27.79161 | K42: =MIN($C$104*K33,$M$10) -> 27.79161 | ... M42: =MIN($C$104*M33,$M$10) -> 0 | V42: 低電圧回路が多いことによりPCSで発電の抑制が顕著に出ることが予想されます。
D43: 1 | E43: 2 | F43: 3 | G43: 4 | H43: 5 | I43: 6 | J43: 7 | K43: 8 | L43: 9 | M43: 10 | V43: MPPT運転電圧範囲未満の電圧になり運転できないMPPTが発生する可能性があります。
B44: 接続パネル枚数 | D44: =SUM(D34:M34) -> 368
B45: 接続パネル容量 | D45: =D44*C6/1000 -> 220.8
B46: PCS定格出力 | D46: =C10 -> 125
B47: 過積載率 | D47: =D45/D46 -> 1.7664 | G47: =IF(V32=1,"",V36)
B48: 接続可否 | D48: =IF(V32=1,IF(V33=1,IF(X32=1,IF(X33=1,IF(Z31=1,IF(Z33=1,IF(Z32=1,"接続可能",Z32),Z33),Z31),X33),X32),V33),V32) -> 接続可能 | G48: =IF(V32=1,IF(V33=1,IF(X32=1,IF(X33=1,IF(Z31=1,IF(Z33=1,IF(Z32=1,"",V42),V43),V41),V39),V39),V38),V37)
B50: 簡易計算（標準回路構成表内、黒字表示のみ箇所のみ対応）
B51: 入力直列数 | C51: 20 | D51: 接続パネル枚数 | F51: =+C51*C52 -> 240 | G51: 解放電圧(低温) | I51: =ROUNDUP(C$51*$E$103,2) -> 1177.2 | J51: 最大動作電圧(低温) | L51: =C51*$G$104 -> 962.4 | M51: MPPT短絡電流 | O51: =ROUNDUP($C$52/VLOOKUP($C$9,$B$119:$T$149,18,FALSE),0)*$E$104 -> 28.5 | Y51: 2入力ＭＰＰＴ数 | AA51: =IF(VLOOKUP($C$9,$B$119:$P$149,9,FALSE)/2>=C52,0,VLOOKUP($C$9,$B$119:$P$149,9,FALSE)/2-AA52) -> 3 | AB51: 運転電力制限 | AD51: =IF(AD52="接続不可","接続不可",IF(VLOOKUP($C$9,$B$119:$P$149,8,FALSE)>C104*2,"影響なし",IF(AND(VLOOKUP($C$9,$B$119:$P$149,2,FALSE)>AD52,(AA51*2+AA52)*C51*C6*0.001>VLOOKUP($C$9,$B$119:$P$149,2,FALSE)),"影響あり","影響なし"))) -> 接続不可
B52: 入力回路数 | C52: 12 | D52: 接続パネル容量 | F52: =+C51*C52*C6/1000 -> 144 | G52: 最小動作電圧(高温) | I52: =C51*$H$103 -> 759.2 | J52: 最大動作電圧(高温) | L52: =ROUNDDOWN(((((1-1/MAX(1,$Z$114))^0.5*($I$6-$G$6)+$G$6)*(1+(C15-25+$D$18)*$L$6))*(VLOOKUP($C$9,$B$119:$P$146,10,FALSE)-G18)),2)*C51 -> 823 | M52: MPPT運転電流 | O52: =MIN(ROUNDUP($C$52/VLOOKUP($C$9,$B$119:$T$149,18,FALSE),0)*$C$104,$M$10) -> 27.79161 | Y52: 1入力ＭＰＰＴ数 | AA52: =IF(VLOOKUP($C$9,$B$119:$P$149,9,FALSE)/2<C52,VLOOKUP($C$9,$B$119:$P$149,9,FALSE)-C52,C52) -> 6 | AB52: 入力電流制限後 | AD52: =IF(AND(I51<C107,L51<G107,I52>E107,OR(H18="非適用",O51<M106)),MIN(F52,C10,(C6*C51/1000*AA52)+((C51*AA51*VLOOKUP($C$9,$B$119:$P$149,8,FALSE)*G6*0.001))),"接続不可") -> 接続不可
B53: 接続可否 | C53: =IF(AND(I51<C107,L51<G107,I52>E107,L52<I107,OR(H18="非適用",O51<M106)),"接続可能","接続不可") -> 接続不可 | D53: 過積載率 | F53: =+C51*C52*C6/1000/VLOOKUP($C$9,$B$119:$P$149,2,FALSE) -> 1.152
C54: =IF($I$51<$C$107,IF($I$52>$E$107,IF(AND($L$51<$G$107,$L$52<$I$107),IF(OR(H18="非適用",O51<M106),"問題なし","短絡電流が高いです"),"動作電圧が高いです"),"動作電圧が低いです"),"開放電圧が高いです") -> 動作電圧が低いです
B56: SUN2000-4.95KTL-JPL1 接続確認 | F56: 標準回路構成以外や、蓄電池接続時の定格出力を超える発電量の入力充電量を確認できます
B57: MPPT1入力直列数 | D57: 5 | E57: MPPT1入力回路数 | G57: 1 | H57: 接続パネル容量 | J57: =(D57*G57+D58*+G58)*C6*0.001 -> 6 | K57: 過積載率 | M57: =J57/4.95 -> 1.2121212 | N57: 最小動作電圧1(高温) | P57: =D57*$H$103 -> 189.8
B58: MPPT2入力直列数 | D58: 5 | E58: MPPT2入力回路数 | G58: 1 | H58: 接続パネル枚数 | J58: =D57*G57+D58*+G58 -> 10 | K58: 低電圧抑制 | M58: =IF(G115>0,"無し",G115) -> -0.7425 | N58: 最小動作電圧2(高温) | P58: =D58*$H$103 -> 189.8
B59: 接続可否 | D59: =IF(AND(L113="接続可能",L114="接続可能",J114="接続可能",G114="接続可能"),G113,"接続不可") -> 運転制限あり | F59: =IF($J$114="接続可能",IF(MAX($D$57,$D$58)*$E$103<$C$107,IF($L$113="接続可能",IF(G114="接続可能",IF(D59="運転制限あり","ＰＣＳ出力が制限されます","問題なし"),"短絡電流が高いです"),"動作電圧が高いです"),"開放電圧が高いです"),"動作電圧が低いです") -> ＰＣＳ出力が制限されます | K59: MPPT短絡電流 | M59: =$E$104*MAX(G57,$G$58) -> 14.25 | N59: 最大動作電圧(低温) | P59: =MAX(D57,D58)*$J$104 -> 266.9
B60: 起動電圧である100V+α程度での接続は低日照時の電圧低下による発電時間の減少リスクがあります。 | K60: MPPT運転電流 | M60: =MIN(M10,$C$104*MAX($G$57,$G$58)) -> 13.895805 | N60: 最大動作電圧(高温) | P60: =ROUNDDOWN(((((1-1/MAX(1,$J$58))^0.5*($I$6-$G$6)+$G$6)*(1+(C15-25+$D$18)*$L$6))*(VLOOKUP($C$9,$B$119:$P$139,10,FALSE)-G18)),2)*MAX(D57,D58) -> 228.3
N61: 解放電圧(低温) | P61: =ROUNDUP(MAX(D$57,D58)*$E$103,2) -> 294.3
B62: 蓄電池数量 | D62: 2
B63: 4.95kW以上発電時の最大充電量 | E63: =IF(D59="運転制限なし",MAX(0,MIN(D115+C115-4.95,D62*1.5)),"-") -> - | F63: =IF(D59="運転制限なし",IF(D115+C115-4.95>D62*1.5,"問題なし",IF(AND(J57>4.95,U112>D115+C115-4.95),"MPPT入力電流制限によりピーク発電の一部が充電できません","問題なし")),"-") -> -
B70: 複数モジュールの直列数変換 | F70: 枚数 | G70: 換算枚数 | I70: 計算結果 | W70: 出力 | X70: 開放電圧 | Y70: 動作電圧 | Z70: 短絡電流 | AA70: 動作電流 | AB70: 出力温度係数 | AC70: 電圧温度係数 | AD70: 電流温度係数
B71: 基準ﾓｼﾞｭｰﾙ型式 | C71: =C5 -> JKM600N-72HL4-V | F71: 4 | G71: =F71 -> 4 | I71: =IF(OR(G71="組み合わせ不可",G72="組み合わせ不可",G73="組み合わせ不可"),"組み合わせ不可",_xlfn.AGGREGATE(9,6,G71:G73)) -> 組み合わせ不可 | W71: =VLOOKUP($C$71, 太陽電池モジュールリスト!$A:$J, 2,FALSE) -> 600 | X71: =VLOOKUP($C$71, 太陽電池モジュールリスト!$A:$J, 3,FALSE) -> 52.9 | Y71: =VLOOKUP($C$71, 太陽電池モジュールリスト!$A:$J, 4,FALSE) -> 44.06 | Z71: =VLOOKUP($C$71, 太陽電池モジュールリスト!$A:$J, 5,FALSE) -> 14.25 | AA71: =VLOOKUP($C$71, 太陽電池モジュールリスト!$A:$J, 6,FALSE) -> 13.62 | AB71: =VLOOKUP($C$71, 太陽電池モジュールリスト!$A:$J, 7,FALSE) -> -0.0029 | AC71: =VLOOKUP($C$71, 太陽電池モジュールリスト!$A:$J, 8,FALSE) -> -0.0025 | AD71: =VLOOKUP($C$71, 太陽電池モジュールリスト!$A:$J, 9,FALSE) -> 0.00045
B72: 組み合わせﾓｼﾞｭｰﾙ型式1 | C72: KJ210P-5ETCG | F72: 1 | G72: =IF(AF72=1,F72*AG72,IF(OR(C72=0,C72=""),0,"組み合わせ不可")) -> 組み合わせ不可 | W72: =VLOOKUP($C$72, 太陽電池モジュールリスト!$A:$J, 2,FALSE) -> 210 | X72: =VLOOKUP($C$72, 太陽電池モジュールリスト!$A:$J, 3,FALSE) -> 27.7 | Y72: =VLOOKUP($C$72, 太陽電池モジュールリスト!$A:$J, 4,FALSE) -> 22.8 | Z72: =VLOOKUP($C$72, 太陽電池モジュールリスト!$A:$J, 5,FALSE) -> 9.75 | AA72: =VLOOKUP($C$72, 太陽電池モジュールリスト!$A:$J, 6,FALSE) -> 9.25 | AB72: =VLOOKUP($C$72, 太陽電池モジュールリスト!$A:$J, 7,FALSE) -> -0.005 | AC72: =VLOOKUP($C$72, 太陽電池モジュールリスト!$A:$J, 8,FALSE) -> -0.0036 | AD72: =VLOOKUP($C$72, 太陽電池モジュールリスト!$A:$J, 9,FALSE) -> 0.0005 | AE72: =IF(OR(C72=0,C72=""),0,AA71/AA72) -> 1.4724324 | AF72: =IF(AND(AE72>=0.95,AE72<=1.05),1,"") | AG72: =ROUND(IF(AF72=1,Y72/Y71,""),2) -> #VALUE!
B73: 組み合わせﾓｼﾞｭｰﾙ型式2 | C73: KJ137P-5ETCG | F73: 0 | G73: =IF(AF73=1,F73*AG73,IF(OR(C73=0,C73=""),0,"組み合わせ不可")) -> 組み合わせ不可 | W73: =VLOOKUP($C$73, 太陽電池モジュールリスト!$A:$J, 2,FALSE) -> 137 | X73: =VLOOKUP($C$73, 太陽電池モジュールリスト!$A:$J, 3,FALSE) -> 18.5 | Y73: =VLOOKUP($C$73, 太陽電池モジュールリスト!$A:$J, 4,FALSE) -> 14.9 | Z73: =VLOOKUP($C$73, 太陽電池モジュールリスト!$A:$J, 5,FALSE) -> 9.75 | AA73: =VLOOKUP($C$73, 太陽電池モジュールリスト!$A:$J, 6,FALSE) -> 9.25 | AB73: =VLOOKUP($C$73, 太陽電池モジュールリスト!$A:$J, 7,FALSE) -> -0.005 | AC73: =VLOOKUP($C$73, 太陽電池モジュールリスト!$A:$J, 8,FALSE) -> -0.0036 | AD73: =VLOOKUP($C$73, 太陽電池モジュールリスト!$A:$J, 9,FALSE) -> 0.0005 | AE73: =IF(OR(C73=0,C73=""),0,AA71/AA73) -> 1.4724324 | AF73: =IF(AND(AE73>=0.95,AE73<=1.05),1,"") | AG73: =ROUND(IF(AF73=1,Y73/Y71,""),2) -> #VALUE!
B75: 標準回路構成（同一直列数で構成する場合に参照ください、青字は電圧が低めのため黒字と組み合わせて接続することを推奨します）
B102: パネル温度係数計算
B103: 最大動作電流(低温) | C103: =$G$5*(1+($C$16-25+$D$18)*$L$5) -> 13.528065 | D103: 解放電圧(低温) | E103: =ROUNDUP($I$6*(1+(C16-25)*$L$6),2) -> 58.86 | F103: 運転電圧過積載なし(高温) | H103: =ROUNDDOWN($G$6*(1+(C15-25+$D$18)*$L$6)*(VLOOKUP($C$9,$B$119:$P$149,10,FALSE)-G19),2) -> 37.96
B104: 最大動作電流(高温) | C104: =$G$5*(1+($C$15-25+$D$18)*$L$5) -> 13.895805 | D104: 短絡電流 | E104: =I5 -> 14.25 | F104: 運転電圧(低温) | G104: =ROUNDUP(((1-1/MAX(Z114,100%))^0.5*($I$6-$G$6)+$G$6)*(1+($C$16-25+$D$18)*$L$6)*(VLOOKUP($C$9,$B$119:$P$149,10,FALSE)-G18),2) -> 48.12 | I104: 4.95運転電圧(低温) | J104: =ROUNDUP(((1-1/MAX(J58,100%))^0.5*($I$6-$G$6)+$G$6)*(1+($C$16-25+$D$18)*$L$6)*(VLOOKUP($C$9,$B$119:$P$149,10,FALSE)-G18),2) -> 53.38
D105: 最大短絡電流(高温) | E105: =$I$5*(1+(C15-25+$D$18)*$L$5) -> 14.538563
L106: MPPT短絡電流 | M106: =VLOOKUP($C$9, $B$119:$P$149, 7,FALSE) -> 50 | N106: MPPT電流最大回路数
B107: 最大直流電圧 | C107: =VLOOKUP($C$9, $B$119:$P$149, 3,FALSE) -> 1500 | D107: 最小運転電圧(高温) | E107: =VLOOKUP($C$9, $B$119:$P$149, 4,FALSE) -> 770 | F107: 最大運転電圧(低温) | G107: =VLOOKUP($C$9, $B$119:$P$149, 5,FALSE) -> 1200 | H107: 最大運転電圧(高温) | I107: =VLOOKUP($C$9, $B$119:$P$149, 6,FALSE) -> 950 | J107: 最小運転電圧(高温) | K107: =VLOOKUP($C$9, $B$119:$P$149, 4,FALSE)*1 -> 770 | L107: MPPT入力回路数 | M107: =IF(H18="非適用",2,IF(ROUNDDOWN(M106/E104,0)>1.9,2,ROUNDDOWN(M106/E104,0))) -> 2 | N107: MPPT電流通常回路数
B108: 最大直流数(低温) | C108: =ROUNDDOWN(C107/E103,0) -> 25 | D108: 最小直列数(高温) | E108: =ROUNDUP(E107/H103,0) -> 21 | L108: MPPT短絡電流 | M108: =M107*E104 -> 28.5 | N108: 最大出力電力
B109: 最大解放電圧(低温) | C109: =ROUNDUP(C$108*$E$103,2) -> 1471.5 | D109: 最小直流電圧(高温) | E109: =E108*$H$103 -> 797.16 | L109: 入力回路数 | M109: =IF(M107=2,VLOOKUP($C$9,$B$119:$P$149,9,FALSE),IF(M107=0,"接続不可",VLOOKUP($C$9,$B$119:$P$149,9,FALSE)/2)) -> 18 | N109: MPPT制限
B111: SUN2000-4.95KTL-JPL1 低電圧,蓄電池接続検討
B112: 最小直流電圧(高温) | C112: =IF(G57>0,H103*D57,0) -> 189.8 | D112: =IF(G58>0,H103*D58,0) -> 189.8 | F112: 4.95KTL-JPL1運転制限 | N112: 最大短絡電流制限 | Q112: 蓄電池 | R112: 0 | S112: パネル-定格 | U112: =G115 -> -0.7425 | W112: 最大皮相電力 | Y112: コサイン | Z112: 設定力率による過積載率変更
B113: 出力制限 | C113: =MIN(ROUNDDOWN((C112-100)/2+40,0)/100) -> 0.84 | D113: =MIN(ROUNDDOWN((D112-100)/2+40,0)/100) -> 0.84 | F113: 運転制限 | G113: =IF(AND(M58<J57,4.95>M58,G115<0),"運転制限あり","運転制限なし") -> 運転制限あり | I113: 最小電圧 | J113: =IF(OR(C112=0,D112=0),MAX(C112,D112),MIN(C112,D112)) -> 189.8 | K113: 最大電圧 | L113: =IF(P59>G107,"接続不可","接続可能") -> 接続可能 | N113: 適用 | R113: 1 | W113: 125 | Y113: =$Z$113/IF($R$19="適用",$Y$114,1) -> 1 | Z113: =IF(C9="SUN2000-125KTL-JPH0 皮相125kVA 力率1未満",L19,1) -> 1
B114: 制限後出力 | C114: =MIN(4.95,MAX(0,C113*4.95)) -> 4.158 | D114: =MIN(4.95,MAX(0,D113*4.95)) -> 4.158 | F114: 最大短絡電流確認 | G114: =IF(AND(H18="適用",MAX(G57,G58)*E104>M106),"最大短絡電流を超えています","接続可能") -> 接続可能 | I114: 最小電圧判定 | J114: =IF(J113>100,"接続可能","接続不可") -> 接続可能 | K114: 最大電圧確認 | L114: =IF(MAX(D57,D58)>MIN(C108),"接続不可","接続可能") -> 接続可能 | N114: 非適用 | R114: 2 | W114: 140 | Y114: =ABS(COS(RADIANS(U20-R20))) -> 0.97437006 | Z114: =+(C51*C52*C6)/1000/(VLOOKUP($C$9,$B$119:$P$149,2,FALSE)*Z113) -> 1.152
B115: 出力可能電力 | C115: =MIN(IF(G57*G5<M10,D57*G57*C6*0.001,G6*M10*D57/1000)) -> 3 | D115: =MIN(IF(G58*G5<M10,D58*G58*C6*0.001,G6*M10*D58/1000)) -> 3 | F115: ＰＣＳ予想出力抑制 | G115: =MIN(住宅出力!J8:J68) -> -0.7425 | I115: パネル容量(高温時) | J115: =(D57*G57+D58*+G58)*(H103*C104)*0.001 -> 5.2748476 | R115: 3
B116: ＰＣＳ最大出力電力 | C116: =IF(MIN(MIN(C114,C115),MIN(D114,D115),MAX(C114,D114))>=4.95,MIN(J57,4.95),MIN(MIN(C115)+MIN(D115),MIN(4.95,MAX(C114,D114,)))) -> 4.158 | I116: 高温時パネル出力 | J116: =C6+C6*E6*(C15+D18-25) -> 521.7
B118: ＰＣＳ機種 | C118: 定格出力 | D118: 最大直流電圧 | E118: 40℃最低直流電圧 | F118: -10℃最大直流電圧 | G118: 40℃最大直流電圧 | H118: 短絡電流 | I118: 入力電流 | J118: 入力回路数 | K118: 変換効率 | L118: MPPT電圧範囲 | M118: 最低電圧 | N118: 出力係数 | O118: 最低出力% | P118: 計算電圧 | Q118: 出力容量 | S118: MPPT数 | T118: 回路数/MPPT数
B119: SUN2000-188KTL-NHH0 力率1 | C119: 187.5 | D119: 1500 | E119: 800 | F119: 1200 | G119: 1100 | H119: 115 | I119: 65 | J119: 24 | K119: 0.9805 | L119: 500-1500Ｖ | M119: 500 | N119: =(E119-M119)/(100-O119) -> 10.344828 | O119: 71 | P119: 800 | Q119: =ROUNDDOWN((P119-M119)/N119+O119,0)/100 -> 1 | S119: 6 | T119: =J119/S119 -> 4
B120: SUN2000-188KTL-NHH0 力率0.9 | C120: 187.5 | D120: 1500 | E120: 800 | F120: 1200 | G120: 950 | H120: 115 | I120: 65 | J120: 24 | K120: 0.9805 | L120: 500-1500Ｖ | M120: 500 | N120: =(E120-M120)/(100-O120) -> 10.344828 | O120: 71 | P120: 800 | Q120: =ROUNDDOWN((P120-M120)/N120+O120,0)/100 -> 1 | S120: 6 | T120: =J120/S120 -> 4
B121: SUN2000-125KTL-JPH0 皮相125kVA 力率1.0 | C121: 125 | D121: 1500 | E121: 770 | F121: 1200 | G121: 1100 | H121: 50 | I121: 30 | J121: 18 | K121: 0.981 | L121: 500-1500Ｖ | M121: 500 | N121: =(E121-M121)/(100-O121) -> 6.75 | O121: 60 | P121: 770 | Q121: =ROUNDDOWN((P121-M121)/N121+O121,0)/100 -> 1 | S121: 9 | T121: =J121/S121 -> 2
B122: SUN2000-125KTL-JPH0 皮相140kVA 力率0.9 | C122: 125 | D122: 1500 | E122: 770 | F122: 1200 | G122: 950 | H122: 50 | I122: 30 | J122: 18 | K122: 0.981 | L122: 500-1500Ｖ | M122: 500 | N122: =(E122-M122)/(100-O122) -> 6.75 | O122: 60 | P122: =E122 -> 770 | Q122: =ROUNDDOWN((P122-M122)/N122+O122,0)/100 -> 1 | S122: 9 | T122: =J122/S122 -> 2
B123: SUN2000-111KTL-NHM0 AC440V | C123: 111.1 | D123: 1020 | E123: 550 | F123: 900 | G123: 700 | H123: 40 | I123: 26 | J123: 20 | K123: 0.981 | L123: 200-1000Ｖ | M123: 200 | N123: =(E123-M123)/(100-O123) -> 5.3030303 | O123: 34 | P123: =E123 -> 550 | Q123: =ROUNDDOWN((P123-M123)/N123+O123,0)/100 -> 1 | S123: 10 | T123: =J123/S123 -> 2
B124: SUN2000-111KTL-NHM0 AC420V | C124: 111.1 | D124: 1020 | E124: 550 | F124: 900 | G124: 670 | H124: 40 | I124: 26 | J124: 20 | K124: 0.981 | L124: 200-1000Ｖ | M124: 200 | N124: =(E124-M124)/(100-O124) -> 5.3030303 | O124: 34 | P124: =E124 -> 550 | Q124: =ROUNDDOWN((P124-M124)/N124+O124,0)/100 -> 1 | S124: 10 | T124: =J124/S124 -> 2
B125: SUN2000-63KTL-JPH0 | C125: 62.5 | D125: 1500 | E125: 800 | F125: 1200 | G125: 1100 | H125: 33 | I125: 22 | J125: 12 | K125: 0.985 | L125: 600-1500Ｖ | M125: 600 | N125: =(E125-M125)/(100-O125) -> 4 | O125: 50 | P125: =E125 -> 800 | Q125: =ROUNDDOWN((P125-M125)/N125+O125,0)/100 -> 1 | S125: 6 | T125: =J125/S125 -> 2
B126: SUN2000-63KTL-JPM0 | C126: 62.5 | D126: 1020 | E126: 550 | F126: 850 | G126: 750 | H126: 30 | I126: 22 | J126: 12 | K126: 0.986 | L126: 200-1000Ｖ | M126: 200 | N126: =(E126-M126)/(100-O126) -> 4.7945205 | O126: 27 | P126: 487.4 | Q126: =ROUNDDOWN((P126-M126)/N126+O126,0)/100 -> 0.86 | S126: 6 | T126: =J126/S126 -> 2
B127: SUN2000-50KTL-NHM3 AC420V | C127: 50 | D127: 1020 | E127: 610 | F127: 830 | G127: 780 | H127: 40 | I127: 30 | J127: 8 | K127: 0.984 | L127: 200-1000Ｖ | M127: 200 | N127: =(E127-M127)/(100-O127) -> 5.4666667 | O127: 25 | P127: =E127 -> 610 | Q127: =ROUNDDOWN((P127-M127)/N127+O127,0)/100 -> 1 | S127: 4 | T127: =J127/S127 -> 2
B128: SUN2000-50KTL-NHM3 AC440V | C128: 50 | D128: 1020 | E128: 570 | F128: 830 | G128: 830 | H128: 40 | I128: 30 | J128: 8 | K128: 0.984 | L128: 200-1000Ｖ | M128: 200 | N128: =(E128-M128)/(100-O128) -> 4.9333333 | O128: 25 | P128: =E128 -> 570 | Q128: =ROUNDDOWN((P128-M128)/N128+O128,0)/100 -> 1 | S128: 4 | T128: =J128/S128 -> 2
B129: SUN2000-50KTL-JPM0 | C129: 50 | D129: 1020 | E129: 550 | F129: 890 | G129: 800 | H129: 30 | I129: 22 | J129: 12 | K129: 0.986 | L129: 200-1000Ｖ | M129: 200 | N129: =(E129-M129)/(100-O129) -> 5.3030303 | O129: 34 | P129: 550 | Q129: =ROUNDDOWN((P129-M129)/N129+O129,0)/100 -> 1 | S129: 6 | T129: =J129/S129 -> 2
B130: SUN2000-40KTL-NH AC440V | C130: 40 | D130: 1020 | E130: 580 | F130: 850 | G130: 710 | H130: 40 | I130: 26 | J130: 8 | K130: 0.984 | L130: 200-1000Ｖ | M130: 300 | N130: =(E130-M130)/(100-O130) -> 3.7333333 | O130: 25 | P130: =E130 -> 580 | Q130: =ROUNDDOWN((P130-M130)/N130+O130,0)/100 -> 1 | S130: 4 | T130: =J130/S130 -> 2
B131: SUN2000-33KTL-NH AC420V | C131: 33 | D131: 1020 | E131: 480 | F131: 850 | G131: 730 | H131: 40 | I131: 26 | J131: 8 | K131: 0.985 | L131: 200-1000Ｖ | M131: 300 | N131: =(E131-M131)/(100-O131) -> 2.4 | O131: 25 | P131: =E131 -> 480 | Q131: =ROUNDDOWN((P131-M131)/N131+O131,0)/100 -> 1 | S131: 4 | T131: =J131/S131 -> 2
B132: SUN2000-33KTL-NH | C132: 33 | D132: 1020 | E132: 500 | F132: 850 | G132: 750 | H132: 40 | I132: 26 | J132: 8 | K132: 0.985 | L132: 200-1000Ｖ | M132: 300 | N132: =(E132-M132)/(100-O132) -> 2.6666667 | O132: 25 | P132: =E132 -> 500 | Q132: =ROUNDDOWN((P132-M132)/N132+O132,0)/100 -> 1 | S132: 4 | T132: =J132/S132 -> 2
B133: SUN2000-20KTL-M3 AC202V | C133: 20 | D133: 750 | E133: 300 | F133: 550 | G133: 450 | H133: 40 | I133: 26 | J133: 8 | K133: 0.971 | L133: 200-750Ｖ | M133: 200 | N133: =(E133-M133)/(100-O133) -> 2 | O133: 50 | P133: =E133 -> 300 | Q133: =ROUNDDOWN((P133-M133)/N133+O133,0)/100 -> 1 | S133: 4 | T133: =J133/S133 -> 2
B134: SUN2000-125KTL-NHM0 270V | C134: 83.3 | D134: 1000 | E134: 420 | F134: 800 | G134: 700 | H134: 400 | I134: 224.9 | J134: 2 | K134: 0.986 | L134: 405-950 | M134: 500 | N134: 1 | O134: 100 | P134: =E134 -> 420 | Q134: =ROUNDDOWN((P134-M134)/N134+O134,0)/100 -> 0.2 | S134: 1 | T134: =J134/S134 -> 2
B135: SUN2000-125KTL-NHM0 330V | C135: 83.3 | D135: 1000 | E135: 500 | F135: 950 | G135: 800 | H135: 400 | I135: 224.9 | J135: 2 | K135: 0.986 | L135: 488-950 | M135: 500 | N135: 1 | O135: 100 | P135: =E135 -> 500 | Q135: =ROUNDDOWN((P135-M135)/N135+O135,0)/100 -> 1 | S135: 1 | T135: =J135/S135 -> 2
B136: SUN2000-125KTL-NHM0 380V | C136: 125 | D136: 1000 | E136: 570 | F136: 900 | G136: 750 | H136: 400 | I136: 224.9 | J136: 2 | K136: 0.986 | L136: 588-900Ｖ | M136: 420 | N136: =(E136-M136)/(100-O136) -> 3.75 | O136: 60 | P136: =E136 -> 570 | Q136: =ROUNDDOWN((P136-M136)/N136+O136,0)/100 -> 1 | S136: 1 | T136: =J136/S136 -> 2
B137: SUN2000-62.5KTL-NHM0 | C137: 62.5 | D137: 1000 | E137: 320 | F137: 600 | G137: 600 | H137: 300 | I137: 240 | J137: 2 | K137: 0.97 | L137: 320-600V | M137: 310 | N137: 2.3 | O137: 40 | P137: 450 | Q137: =ROUNDDOWN((P137-M137)/N137+O137,0)/100 -> 1 | S137: 1 | T137: =J137/S137 -> 2
B138: SUN2000-4.95KTL-NHL2 | C138: 4.95 | D138: 600 | E138: 220 | F138: 530 | G138: 530 | H138: 30 | I138: 16 | J138: 4 | K138: 0.97 | L138: 90-560Ｖ | M138: 100 | N138: =(E138-M138)/(100-O138) -> 2 | O138: 40 | P138: =E138 -> 220 | Q138: =ROUNDDOWN((P138-M138)/N138+O138,0)/100 -> 1 | S138: 2 | T138: =J138/S138 -> 2
B139: SUN2000-4.95KTL-JPL1 | C139: 4.95 | D139: 600 | E139: 220 | F139: 530 | G139: 530 | H139: 25 | I139: 16 | J139: 4 | K139: 0.97 | L139: 90-560Ｖ | M139: 100 | N139: =(E139-M139)/(100-O139) -> 2 | O139: 40 | P139: 190 | Q139: =ROUNDDOWN((P139-M139)/N139+O139,0)/100 -> 0.85 | S139: 2 | T139: =J139/S139 -> 2
B140: SUN2000-4.95KTL-JPL0 | C140: 4.95 | D140: 600 | E140: 310 | F140: 530 | G140: 530 | H140: 30 | I140: 16 | J140: 4 | K140: 0.97 | S140: 2 | T140: =J140/S140 -> 2
B141: SUN2000-20KTL-M3 AC220V | C141: 20 | D141: 750 | E141: 300 | F141: 500 | G141: 440 | H141: 40 | I141: 26 | J141: 8 | K141: 0.971 | L141: 200-750Ｖ | S141: 4 | T141: =J141/S141 -> 2
B142: SUN2000-125KTL-JPH0 力率0.9 | C142: 125 | D142: 1500 | E142: 800 | F142: 1200 | G142: 950 | H142: 50 | I142: 30 | J142: 18 | K142: 0.981 | L142: 500-1500Ｖ | S142: 9 | T142: =J142/S142 -> 2
B143: SUN2000-125KTL-JPH0 皮相125kVA 力率1未満 | C143: 125 | D143: 1500 | E143: 770 | F143: 1200 | G143: =(0.86-$L$19)*100*9.09+1100 -> 1090.91 | H143: 50 | I143: 30 | J143: 18 | K143: 0.981 | L143: 500-1500Ｖ | M143: 500 | N143: =(E143-M143)/(100-O143) -> 6.75 | O143: 60 | P143: =E143 -> 770 | Q143: =ROUNDDOWN((P143-M143)/N143+O143,0)/100 -> 1 | S143: 9 | T143: =J143/S143 -> 2
...

Sheet HUAWEI製ＰＣＳ接続枚数計算ツール 複数直列数
B2: HUAWEI製ＰＣＳ接続枚数計算ツール | F2: 入力項目 | I2: 計算結果
B3: 2022.8.29版
B4: 太陽電池モジュール条件
B5: ﾓｼﾞｭｰﾙ型式 | C5: ND-163AW | F5: 最大動作電流(Imax) | G5: =VLOOKUP($C$5, 太陽電池モジュールリスト!A:J, 6,FALSE) -> 7.65 | H5: 短絡電流(Isc) | I5: =VLOOKUP($C$5, 太陽電池モジュールリスト!A:J, 5,FALSE) -> 8.46 | J5: 短絡電流温度係数(％/℃) | L5: =VLOOKUP($C$5, 太陽電池モジュールリスト!A:J, 9,FALSE) -> 0.0006
B6: 最大出力（Pmax） | C6: =VLOOKUP($C$5, 太陽電池モジュールリスト!A:J, 2,FALSE) -> 163 | D6: 最大出力温度係数(％/℃) | E6: =VLOOKUP($C$5, 太陽電池モジュールリスト!A:J, 7,FALSE) -> -0.0045 | F6: 最大動作電圧（Vmax） | G6: =VLOOKUP($C$5, 太陽電池モジュールリスト!A:J, 4,FALSE) -> 21.31 | H6: 開放電圧(Voc) | I6: =VLOOKUP($C$5, 太陽電池モジュールリスト!A:J, 3,FALSE) -> 25.63 | J6: 開放電圧温度係数(％/℃) | L6: =VLOOKUP($C$5, 太陽電池モジュールリスト!A:J, 8,FALSE) -> -0.0036
B7: 接続希望パネル枚数(PCS1台につき) | E7: 200 | F7: 過積載率 | H7: =+E7*C6/1000/VLOOKUP($C$9,$B$71:$P$89,2,FALSE) -> #N/A
B9: PCS型式 | C9: SUN2000-4.95KTL-NHL2 | F9: 回路数 | G9: =VLOOKUP($C$9, $B$79:$P$101,9,FALSE) -> 4 | H9: 最大電圧 | I9: =VLOOKUP($C$9, $B$79:$P$101, 3,FALSE) -> 600 | J9: 最大短絡電流 | K9: =VLOOKUP($C$9, $B$79:$P$101,7,FALSE) -> 30
B10: 定格出力 | C10: =VLOOKUP($C$9, $B$79:$P$101,2,FALSE) -> 4.95 | D10: JIS変換効率 | E10: =VLOOKUP($C$9, $B$79:$P$101,10,FALSE) -> 0.97 | F10: MPPT数 | G10: =VLOOKUP($C$9, $B$79:$P$101,9,FALSE)/2 -> 2 | H10: MPPT電圧範囲 | I10: =VLOOKUP($C$9, $B$79:$P$101,11,FALSE) -> 90-560Ｖ | J10: 最大入力電流 | K10: =VLOOKUP($C$9, $B$79:$P$101,8,FALSE) -> 16
B12: 設計条件
B13: 環境温度 | D13: 発電によるパネル温度上昇 | G13: ＤＣ電圧降下 | J13: 最大短絡電流制限
B14: 高温時 | C14: 40 | D14: 最大温度上昇 | F14: 30 | G14: パネル過積載時 | I14: 0 | J14: 適用
B15: 低温時 | C15: -20 | G15: パネル非過積載時 | I15: 0.02 | J15: =IF(J14="非適用","最大短絡電流を超えるパネルの接続は極性の逆接続時の故障リスクが高くなりますのでご注意ください","")
B17: 標準設計目安
B18: 最小直列数 | C18: =E69 -> 13 | D18: MPPT辺りの入力可能回路数 | G18: =+M68 -> 2
B19: 最大直列数 | C19: =IFERROR(MIN(C69,G69,#REF!),C69) -> 20 | D19: 最大入力回路数 | G19: =+M70 -> 4 | H19: 最大過積載率 | J19: =MIN(H7,#REF!) -> #REF!
C21: 入力A(MPPT1) | D21: 入力B(MPPT2) | E21: 入力C(MPPT3) | F21: 入力D(MPPT4) | G21: 入力E(MPPT5) | H21: 入力F(MPPT6) | I21: 入力F(MPPT7) | J21: 入力F(MPPT8) | K21: 入力F(MPPT9) | L21: 入力F(MPPT10)
B22: 直列数 | C22: 15 | M22: ⇒下の緑字3箇所に従い、直列数を入力下さい。
B24: 周囲温度（冬場）（℃） | C24: 上記直列数でのVoc(V) | D24: 上記直列数でのVoc(V) | E24: 上記直列数でのVoc(V) | F24: 上記直列数でのVoc(V) | G24: 上記直列数でのVoc(V) | H24: 上記直列数でのVoc(V) | I24: 上記直列数でのVoc(V) | J24: 上記直列数でのVoc(V) | K24: 上記直列数でのVoc(V) | L24: 上記直列数でのVoc(V) | M24: 動作電圧 | N24: ⇒冬場の最低気温を考慮し、「上記直列数でのVoc」の欄が全て青になるように上の直列数を設定して下さい。 ⇒赤くなれば最大直列数を減らしてください。
B25: -20 | C25: =ROUNDUP($I$6*(1+($B25-25)*$L$6),2)*C$22 -> 446.85 | D25: =ROUNDUP($I$6*(1+($B25-25)*$L$6),2)*D$22 -> 0 | E25: =ROUNDUP($I$6*(1+($B25-25)*$L$6),2)*E$22 -> 0 | F25: =ROUNDUP($I$6*(1+($B25-25)*$L$6),2)*F$22 -> 0 | G25: =ROUNDUP($I$6*(1+($B25-25)*$L$6),2)*G$22 -> 0 | H25: =ROUNDUP($I$6*(1+($B25-25)*$L$6),2)*H$22 -> 0 | I25: =ROUNDUP($I$6*(1+($B25-25)*$L$6),2)*I$22 -> 0 | J25: =ROUNDUP($I$6*(1+($B25-25)*$L$6),2)*J$22 -> 0 | ... L25: =ROUNDUP($I$6*(1+($B25-25)*$L$6),2)*L$22 -> 0 | M25: =ROUNDUP(((1-1/MAX($P$41,100%))^0.5*($I$6-$G$6)+$G$6)*(1+($B25-25+$F$14)*$L$6)*(VLOOKUP($C$9,$B$79:$P$101,10,FALSE)-$I$14),2)*MAX($C$22:$L$22) -> 326.85
B26: -15 | C26: =ROUNDUP($I$6*(1+($B26-25)*$L$6),2)*C$22 -> 439.95 | D26: =ROUNDUP($I$6*(1+($B26-25)*$L$6),2)*D$22 -> 0 | E26: =ROUNDUP($I$6*(1+($B26-25)*$L$6),2)*E$22 -> 0 | F26: =ROUNDUP($I$6*(1+($B26-25)*$L$6),2)*F$22 -> 0 | G26: =ROUNDUP($I$6*(1+($B26-25)*$L$6),2)*G$22 -> 0 | H26: =ROUNDUP($I$6*(1+($B26-25)*$L$6),2)*H$22 -> 0 | I26: =ROUNDUP($I$6*(1+($B26-25)*$L$6),2)*I$22 -> 0 | J26: =ROUNDUP($I$6*(1+($B26-25)*$L$6),2)*J$22 -> 0 | ... L26: =ROUNDUP($I$6*(1+($B26-25)*$L$6),2)*L$22 -> 0 | M26: =ROUNDUP(((1-1/MAX($P$41,100%))^0.5*($I$6-$G$6)+$G$6)*(1+($B26-25+$F$14)*$L$6)*(VLOOKUP($C$9,$B$79:$P$101,10,FALSE)-$I$14),2)*MAX($C$22:$L$22) -> 321.3
B27: -10 | C27: =ROUNDUP($I$6*(1+($B27-25)*$L$6),2)*C$22 -> 432.9 | D27: =ROUNDUP($I$6*(1+($B27-25)*$L$6),2)*D$22 -> 0 | E27: =ROUNDUP($I$6*(1+($B27-25)*$L$6),2)*E$22 -> 0 | F27: =ROUNDUP($I$6*(1+($B27-25)*$L$6),2)*F$22 -> 0 | G27: =ROUNDUP($I$6*(1+($B27-25)*$L$6),2)*G$22 -> 0 | H27: =ROUNDUP($I$6*(1+($B27-25)*$L$6),2)*H$22 -> 0 | I27: =ROUNDUP($I$6*(1+($B27-25)*$L$6),2)*I$22 -> 0 | J27: =ROUNDUP($I$6*(1+($B27-25)*$L$6),2)*J$22 -> 0 | ... L27: =ROUNDUP($I$6*(1+($B27-25)*$L$6),2)*L$22 -> 0 | M27: =ROUNDUP(((1-1/MAX($P$41,100%))^0.5*($I$6-$G$6)+$G$6)*(1+($B27-25+$F$14)*$L$6)*(VLOOKUP($C$9,$B$79:$P$101,10,FALSE)-$I$14),2)*MAX($C$22:$L$22) -> 315.75
B28: -5 | C28: =ROUNDUP($I$6*(1+($B28-25)*$L$6),2)*C$22 -> 426 | D28: =ROUNDUP($I$6*(1+($B28-25)*$L$6),2)*D$22 -> 0 | E28: =ROUNDUP($I$6*(1+($B28-25)*$L$6),2)*E$22 -> 0 | F28: =ROUNDUP($I$6*(1+($B28-25)*$L$6),2)*F$22 -> 0 | G28: =ROUNDUP($I$6*(1+($B28-25)*$L$6),2)*G$22 -> 0 | H28: =ROUNDUP($I$6*(1+($B28-25)*$L$6),2)*H$22 -> 0 | I28: =ROUNDUP($I$6*(1+($B28-25)*$L$6),2)*I$22 -> 0 | J28: =ROUNDUP($I$6*(1+($B28-25)*$L$6),2)*J$22 -> 0 | ... L28: =ROUNDUP($I$6*(1+($B28-25)*$L$6),2)*L$22 -> 0 | M28: =ROUNDUP(((1-1/MAX($P$41,100%))^0.5*($I$6-$G$6)+$G$6)*(1+($B28-25+$F$14)*$L$6)*(VLOOKUP($C$9,$B$79:$P$101,10,FALSE)-$I$14),2)*MAX($C$22:$L$22) -> 310.2
B29: 0 | C29: =ROUNDUP($I$6*(1+($B29-25)*$L$6),2)*C$22 -> 419.1 | D29: =ROUNDUP($I$6*(1+($B29-25)*$L$6),2)*D$22 -> 0 | E29: =ROUNDUP($I$6*(1+($B29-25)*$L$6),2)*E$22 -> 0 | F29: =ROUNDUP($I$6*(1+($B29-25)*$L$6),2)*F$22 -> 0 | G29: =ROUNDUP($I$6*(1+($B29-25)*$L$6),2)*G$22 -> 0 | H29: =ROUNDUP($I$6*(1+($B29-25)*$L$6),2)*H$22 -> 0 | I29: =ROUNDUP($I$6*(1+($B29-25)*$L$6),2)*I$22 -> 0 | J29: =ROUNDUP($I$6*(1+($B29-25)*$L$6),2)*J$22 -> 0 | ... L29: =ROUNDUP($I$6*(1+($B29-25)*$L$6),2)*L$22 -> 0 | M29: =ROUNDUP(((1-1/MAX($P$41,100%))^0.5*($I$6-$G$6)+$G$6)*(1+($B29-25+$F$14)*$L$6)*(VLOOKUP($C$9,$B$79:$P$101,10,FALSE)-$I$14),2)*MAX($C$22:$L$22) -> 304.5
B30: 10 | C30: =ROUNDUP($I$6*(1+($B30-25)*$L$6),2)*C$22 -> 405.3 | D30: =ROUNDUP($I$6*(1+($B30-25)*$L$6),2)*D$22 -> 0 | E30: =ROUNDUP($I$6*(1+($B30-25)*$L$6),2)*E$22 -> 0 | F30: =ROUNDUP($I$6*(1+($B30-25)*$L$6),2)*F$22 -> 0 | G30: =ROUNDUP($I$6*(1+($B30-25)*$L$6),2)*G$22 -> 0 | H30: =ROUNDUP($I$6*(1+($B30-25)*$L$6),2)*H$22 -> 0 | I30: =ROUNDUP($I$6*(1+($B30-25)*$L$6),2)*I$22 -> 0 | J30: =ROUNDUP($I$6*(1+($B30-25)*$L$6),2)*J$22 -> 0 | ... L30: =ROUNDUP($I$6*(1+($B30-25)*$L$6),2)*L$22 -> 0 | M30: =ROUNDUP(((1-1/MAX($P$41,100%))^0.5*($I$6-$G$6)+$G$6)*(1+($B30-25+$F$14)*$L$6)*(VLOOKUP($C$9,$B$79:$P$101,10,FALSE)-$I$14),2)*MAX($C$22:$L$22) -> 293.4
B32: 周囲温度（夏場）（℃） | C32: 上記直列数でのVmp(V) | D32: 上記直列数でのVmp(V) | E32: 上記直列数でのVmp(V) | F32: 上記直列数でのVmp(V) | G32: 上記直列数でのVmp(V) | H32: 上記直列数でのVmp(V) | I32: 上記直列数でのVmp(V) | J32: 上記直列数でのVmp(V) | K32: 上記直列数でのVmp(V) | L32: 上記直列数でのVmp(V) | M32: 動作電圧
B33: 30 | C33: =ROUNDDOWN($G$6*(1+($B33-25+$F$14)*$L$6)*(VLOOKUP($C$9,$B$79:$P$101,10,FALSE)-$I$15),2)*C$22 -> 265.35 | D33: =ROUNDDOWN($G$6*(1+($B33-25+$F$14)*$L$6)*(VLOOKUP($C$9,$B$79:$P$101,10,FALSE)-$I$15),2)*D$22 -> 0 | E33: =ROUNDDOWN($G$6*(1+($B33-25+$F$14)*$L$6)*(VLOOKUP($C$9,$B$79:$P$101,10,FALSE)-$I$15),2)*E$22 -> 0 | F33: =ROUNDDOWN($G$6*(1+($B33-25+$F$14)*$L$6)*(VLOOKUP($C$9,$B$79:$P$101,10,FALSE)-$I$15),2)*F$22 -> 0 | G33: =ROUNDDOWN($G$6*(1+($B33-25+$F$14)*$L$6)*(VLOOKUP($C$9,$B$79:$P$101,10,FALSE)-$I$15),2)*G$22 -> 0 | H33: =ROUNDDOWN($G$6*(1+($B33-25+$F$14)*$L$6)*(VLOOKUP($C$9,$B$79:$P$101,10,FALSE)-$I$15),2)*H$22 -> 0 | I33: =ROUNDDOWN($G$6*(1+($B33-25+$F$14)*$L$6)*(VLOOKUP($C$9,$B$79:$P$101,10,FALSE)-$I$15),2)*I$22 -> 0 | J33: =ROUNDDOWN($G$6*(1+($B33-25+$F$14)*$L$6)*(VLOOKUP($C$9,$B$79:$P$101,10,FALSE)-$I$15),2)*J$22 -> 0 | ... L33: =ROUNDDOWN($G$6*(1+($B33-25+$F$14)*$L$6)*(VLOOKUP($C$9,$B$79:$P$101,10,FALSE)-$I$15),2)*L$22 -> 0 | M33: =ROUNDDOWN(((((1-1/MAX(1,$P$41))^0.5*($I$6-$G$6)+$G$6)*(1+($B33-25+$F$14)*$L$6))*(VLOOKUP($C$9,$B$79:$P$96,10,FALSE)-$I$14)),2)*C$22 -> 270.9 | N33: ⇒夏場の最高温度を考慮し、「上記直列数でのVpm」の欄が全て青になるように上の直列数を設定して下さい。 ⇒赤くなれば最大並列数を減らしてください。
B34: 35 | C34: =ROUNDDOWN($G$6*(1+($B34-25+$F$14)*$L$6)*(VLOOKUP($C$9,$B$79:$P$101,10,FALSE)-$I$15),2)*C$22 -> 259.8 | D34: =ROUNDDOWN($G$6*(1+($B34-25+$F$14)*$L$6)*(VLOOKUP($C$9,$B$79:$P$101,10,FALSE)-$I$15),2)*D$22 -> 0 | E34: =ROUNDDOWN($G$6*(1+($B34-25+$F$14)*$L$6)*(VLOOKUP($C$9,$B$79:$P$101,10,FALSE)-$I$15),2)*E$22 -> 0 | F34: =ROUNDDOWN($G$6*(1+($B34-25+$F$14)*$L$6)*(VLOOKUP($C$9,$B$79:$P$101,10,FALSE)-$I$15),2)*F$22 -> 0 | G34: =ROUNDDOWN($G$6*(1+($B34-25+$F$14)*$L$6)*(VLOOKUP($C$9,$B$79:$P$101,10,FALSE)-$I$15),2)*G$22 -> 0 | H34: =ROUNDDOWN($G$6*(1+($B34-25+$F$14)*$L$6)*(VLOOKUP($C$9,$B$79:$P$101,10,FALSE)-$I$15),2)*H$22 -> 0 | I34: =ROUNDDOWN($G$6*(1+($B34-25+$F$14)*$L$6)*(VLOOKUP($C$9,$B$79:$P$101,10,FALSE)-$I$15),2)*I$22 -> 0 | J34: =ROUNDDOWN($G$6*(1+($B34-25+$F$14)*$L$6)*(VLOOKUP($C$9,$B$79:$P$101,10,FALSE)-$I$15),2)*J$22 -> 0 | ... L34: =ROUNDDOWN($G$6*(1+($B34-25+$F$14)*$L$6)*(VLOOKUP($C$9,$B$79:$P$101,10,FALSE)-$I$15),2)*L$22 -> 0 | M34: =ROUNDDOWN(((((1-1/MAX(1,$P$41))^0.5*($I$6-$G$6)+$G$6)*(1+($B34-25+$F$14)*$L$6))*(VLOOKUP($C$9,$B$79:$P$96,10,FALSE)-$I$14)),2)*C$22 -> 265.35
B35: 40 | C35: =ROUNDDOWN($G$6*(1+($B35-25+$F$14)*$L$6)*(VLOOKUP($C$9,$B$79:$P$101,10,FALSE)-$I$15),2)*C$22 -> 254.4 | D35: =ROUNDDOWN($G$6*(1+($B35-25+$F$14)*$L$6)*(VLOOKUP($C$9,$B$79:$P$101,10,FALSE)-$I$15),2)*D$22 -> 0 | E35: =ROUNDDOWN($G$6*(1+($B35-25+$F$14)*$L$6)*(VLOOKUP($C$9,$B$79:$P$101,10,FALSE)-$I$15),2)*E$22 -> 0 | F35: =ROUNDDOWN($G$6*(1+($B35-25+$F$14)*$L$6)*(VLOOKUP($C$9,$B$79:$P$101,10,FALSE)-$I$15),2)*F$22 -> 0 | G35: =ROUNDDOWN($G$6*(1+($B35-25+$F$14)*$L$6)*(VLOOKUP($C$9,$B$79:$P$101,10,FALSE)-$I$15),2)*G$22 -> 0 | H35: =ROUNDDOWN($G$6*(1+($B35-25+$F$14)*$L$6)*(VLOOKUP($C$9,$B$79:$P$101,10,FALSE)-$I$15),2)*H$22 -> 0 | I35: =ROUNDDOWN($G$6*(1+($B35-25+$F$14)*$L$6)*(VLOOKUP($C$9,$B$79:$P$101,10,FALSE)-$I$15),2)*I$22 -> 0 | J35: =ROUNDDOWN($G$6*(1+($B35-25+$F$14)*$L$6)*(VLOOKUP($C$9,$B$79:$P$101,10,FALSE)-$I$15),2)*J$22 -> 0 | ... L35: =ROUNDDOWN($G$6*(1+($B35-25+$F$14)*$L$6)*(VLOOKUP($C$9,$B$79:$P$101,10,FALSE)-$I$15),2)*L$22 -> 0 | M35: =ROUNDDOWN(((((1-1/MAX(1,$P$41))^0.5*($I$6-$G$6)+$G$6)*(1+($B35-25+$F$14)*$L$6))*(VLOOKUP($C$9,$B$79:$P$96,10,FALSE)-$I$14)),2)*C$22 -> 259.8
B37: 並列数 各入力2並列まで | C37: 2 | D37: 2 | E37: 2 | F37: 2 | G37: 2 | H37: 2 | I37: 2 | J37: 2 | K37: 2 | L37: 2 | M37: ⇒並列数を入力下さい。※各入力Impが最大入力電流値を超える分はパワコン側でカットします（過積載可能）。
B38: 上記並列数でのImp | C38: =$E$65*C37 -> 17.37684 | D38: =$E$65*D37 -> 17.37684 | E38: =$E$65*E37 -> 17.37684 | F38: =$E$65*F37 -> 17.37684 | G38: =$E$65*G37 -> 17.37684 | H38: =$E$65*H37 -> 17.37684 | I38: =$E$65*I37 -> 17.37684 | J38: =$E$65*J37 -> 17.37684 | ... L38: =$E$65*L37 -> 17.37684 | M38: ⇒赤くなれば最大並列数を減らしてください。
C40: =C22*C37 -> 30 | D40: =D22*D37 -> 0 | E40: =E22*E37 -> 0 | F40: =F22*F37 -> 0 | G40: =G22*G37 -> 0 | H40: =H22*H37 -> 0 | I40: =I22*I37 -> 0 | J40: =J22*J37 -> 0 | ... L40: =L22*L37 -> 0 | M40: =SUM(C40:L40) -> 30
C41: =C22*C37*$C$6/1000 -> 4.89 | D41: =D22*D37*$C$6/1000 -> 0 | E41: =E22*E37*$C$6/1000 -> 0 | F41: =F22*F37*$C$6/1000 -> 0 | G41: =G22*G37*$C$6/1000 -> 0 | H41: =H22*H37*$C$6/1000 -> 0 | I41: =I22*I37*$C$6/1000 -> 0 | J41: =J22*J37*$C$6/1000 -> 0 | ... L41: =L22*L37*$C$6/1000 -> 0 | M41: =SUM(C41:L41) -> 4.89 | O41: 過積載率 | P41: =$M$41/VLOOKUP($C$9,$B$79:$P$101,2,FALSE) -> 0.98787879
B44: 結果
B45: 積載枚数(枚/PCS) | C45: =$M$40 -> 30
B46: 積載容量(kW/PCS) | C46: =$C$6*$C$45/1000 -> 4.89
B47: 4.95kWパワコン過積載(%) | C47: =$P$41 -> 0.98787879
B52: 電圧、最大出力確認（直列数同一,標準直列数）
B53: 入力直列数 | C53: 16 | D53: 解放電圧(低温) | F53: =ROUNDUP(C$53*$E$64,2) -> 476.64 | G53: 最大動作電圧(低温) | I53: =C53*$G$65 -> 404.32 | J53: MPPT短絡電流 | L53: =IF(VLOOKUP($C$9,$B$79:$P$101,9,FALSE)/2>=$C$54,$E$65,$E$65*2) -> 17.37684 | M53: 2入力ＭＰＰＴ数 | O53: =IF(VLOOKUP($C$9,$B$79:$P$101,9,FALSE)/2>=C54,0,VLOOKUP($C$9,$B$79:$P$101,9,FALSE)/2-O54) -> 3 | P53: 過積載率 | Q53: =+C53*C54*C6/1000/VLOOKUP($C$9,$B$79:$P$101,2,FALSE) -> 2.6343434 | R53: ＰＣＳ出力 | T53: =IF(AND(F53<C68,I53<G68,F54>E68,AND(J14="適用",L54<M67)),(C53*H64*C65*0.001*O54)+((C53*O53*VLOOKUP($C$9,$B$79:$P$101,8,FALSE)*H64*0.001)),"接続不可") -> 10.893327
B54: 入力回路数 | C54: 5 | D54: 最小動作電圧(高温) | F54: =C53*$H$64 -> 271.36 | G54: 最大動作電圧(高温) | I54: =ROUNDDOWN(((((1-1/Q53)^0.5*($I$6-$G$6)+$G$6)*(1+(C14-25+$F$14)*$L$6))*(VLOOKUP($C$9,$B$79:$P$96,10,FALSE)-I14)),2)*C53 -> 321.28 | J54: MPPT運転電流 | L54: =MIN(VLOOKUP($C$9,$B$79:$P$101,8,FALSE),IF(VLOOKUP($C$9,$B$79:$P$101,9,FALSE)/2>=C54,C65,C65*2)) -> 15.7131 | M54: 1入力ＭＰＰＴ数 | O54: =IF(VLOOKUP($C$9,$B$79:$P$101,9,FALSE)/2<C54,VLOOKUP($C$9,$B$79:$P$101,9,FALSE)-C54,C54) -> -1 | P54: 接続可否 | Q54: =IF(AND(F53<C68,I53<G68,F54>E68,I54<I68,AND(J14="適用",L54<M67)),"接続可能","接続不可") -> 接続可能 | R54: 運転電力制限 | T54: =IF(T53="接続不可","接続不可",IF(VLOOKUP($C$9,$B$79:$P$101,8,FALSE)>C65*2,"影響なし",IF(AND(VLOOKUP($C$9,$B$79:$P$101,2,FALSE)>T53,(O53*2+O54)*C53*C6*0.001>VLOOKUP($C$9,$B$79:$P$101,2,FALSE)),"影響あり","影響なし"))) -> 影響なし
Q55: =IF($F$53<$C$68,IF($F$54>$E$68,IF(AND($I$53<$G$68,$I$54<$I$68),"","動作電圧が高すぎます"),"動作電圧が低すぎます"),"開放電圧が高すぎます")
B57: SUN2000-4.95KTL-JPL1 低電圧接続確認 | F57: 起動電圧である100V+α程度での接続は低日照時の電圧低下による発電時間の減少リスクがあります。
B58: MPPT1入力直列数 | D58: 8 | E58: MPPT1入力回路数 | G58: 1 | H58: 最小動作電圧(高温) | J58: =D58*$H$64 -> 135.68 | K58: 接続パネル容量 | M58: =(D58*G58+D59*+G59)*C6*0.001 -> 3.912
B59: MPPT2入力直列数 | D59: 8 | E59: MPPT2入力回路数 | G59: 2 | H59: 最小動作電圧(高温) | J59: =D59*$H$64 -> 135.68 | K59: ＰＣＳ最大出力電力 | M59: =IF(MIN(MIN(C75,C76),MIN(D75,D76),MAX(C75,D75))>=4.95,MIN(M58,4.95),MIN(MIN(C76)+MIN(D76),MAX(C75,D75))) -> 2.7225 | N59: 接続可否 | P59: =IF(AND(L75="接続可能",J75="接続可能",G75="接続可能"),G74,"接続不可") -> 運転制限あり
P60: =IF($J$75="接続可能",IF(MAX($D$58,$D$59)*$E$64<$C$68,IF($L$75="接続可能","","動作電圧が高すぎます"),"開放電圧が高すぎます"),"動作電圧が低すぎます")
B63: パネル温度係数計算
B64: 最大動作電流(低温) | C64: =$G$5*(1+($C$15-25+$F$14)*$L$5) -> 7.58115 | D64: 解放電圧(低温) | E64: =ROUNDUP($I$6*(1+(C15-25)*$L$6),2) -> 29.79 | F64: 運転電圧過積載なし(高温) | H64: =ROUNDDOWN($G$6*(1+(C14-25+$F$14)*$L$6)*(VLOOKUP($C$9,$B$79:$P$101,10,FALSE)-I15),2) -> 16.96
B65: 最大動作電流(高温) | C65: =$G$5*(1+($C$14-25+$F$14)*$L$5) -> 7.85655 | D65: 最大短絡電流(高温) | E65: =$I$5*(1+(C14-25+$F$14)*$L$5) -> 8.68842 | F65: 運転電圧(低温) | G65: =ROUNDUP(((1-1/MAX(Q53,100%))^0.5*($I$6-$G$6)+$G$6)*(1+($C$15-25+$F$14)*$L$6)*(VLOOKUP($C$9,$B$79:$P$101,10,FALSE)-I14),2) -> 25.27
L67: MPPT短絡電流 | M67: =VLOOKUP($C$9, $B$79:$P$101, 7,FALSE) -> 30 | N67: MPPT電流最大回路数
B68: 最大直流電圧 | C68: =VLOOKUP($C$9, $B$79:$P$101, 3,FALSE) -> 600 | D68: 最小運転電圧(高温) | E68: =VLOOKUP($C$9, $B$79:$P$101, 4,FALSE) -> 220 | F68: 最大運転電圧(低温) | G68: =VLOOKUP($C$9, $B$79:$P$101, 5,FALSE) -> 530 | H68: 最大運転電圧(高温) | I68: =VLOOKUP($C$9, $B$79:$P$101, 6,FALSE) -> 530 | J68: 最小運転電圧(高温) | K68: =VLOOKUP($C$9, $B$79:$P$101, 4,FALSE)*1 -> 220 | L68: MPPT入力回路数 | M68: =IF(J14="非適用",2,IF(ROUNDDOWN(M67/E65,0)>1.9,2,ROUNDDOWN(M67/E65,0))) -> 2 | N68: MPPT電流通常回路数
B69: 最大直流数(低温) | C69: =ROUNDDOWN(C68/E64,0) -> 20 | D69: 最小直列数(高温) | E69: =ROUNDUP(E68/H64,0) -> 13 | L69: MPPT短絡電流 | M69: =M68*E65 -> 17.37684 | N69: 最大出力電力
B70: 最大解放電圧(低温) | C70: =ROUNDUP(C$69*$E$64,2) -> 595.8 | D70: 最小直流電圧(高温) | E70: =E69*$H$64 -> 220.48 | L70: 入力回路数 | M70: =IF(M68=2,VLOOKUP($C$9,$B$79:$P$101,9,FALSE),IF(M68=0,"接続不可",VLOOKUP($C$9,$B$79:$P$101,9,FALSE)/2)) -> 4 | N70: MPPT制限
B72: SUN2000-4.95KTL-JPL1 低電圧,蓄電池接続検討
B73: 最小直流電圧(高温) | C73: =IF(G58>0,H64*D58,0) -> 135.68 | D73: =IF(G59>0,H64*D59,0) -> 135.68 | F73: 4.95KTL-JPL1運転制限 | N73: 最大短絡電流制限
B74: 出力制限 | C74: =ROUNDDOWN((C73-100)/2.33+40,0)/100 -> 0.55 | D74: =ROUNDDOWN((D73-100)/2.33+40,0)/100 -> 0.55 | F74: 運転制限 | G74: =IF(AND(M59<M58,4.95>M59),"運転制限あり","運転制限なし") -> 運転制限あり | I74: 最小電圧 | J74: =IF(OR(C73=0,D73=0),MAX(C73,D73),MIN(C73,D73)) -> 135.68 | K74: 最大電圧 | N74: 適用
B75: 制限後出力 | C75: =MIN(C74*4.95) -> 2.7225 | D75: =MIN(D74*4.95) -> 2.7225 | F75: 最大短絡電流確認 | G75: =IF(AND(J14="適用",MAX(G58,G59)*E65>M67),"最大短絡電流を超えています","接続可能") -> 接続可能 | I75: 最小電圧判定 | J75: =IF(J74>100,"接続可能","接続不可") -> 接続可能 | K75: 最大電圧確認 | L75: =IF(MAX(D58,D59)>MIN(C69),"接続不可","接続可能") -> 接続可能 | N75: 非適用
B76: 出力可能電力 | C76: =MIN(MAX(D58*G58*C6*0.001),4.95) -> 1.304 | D76: =MIN(MAX(D59*G59*C6*0.001),4.95) -> 2.608
B78: ＰＣＳ機種 | C78: 定格出力 | D78: 最大直流電圧 | E78: 40℃最低直流電圧 | F78: -10℃最大直流電圧 | G78: 40℃最大直流電圧 | H78: 短絡電流 | I78: 入力電流 | J78: 入力回路数 | K78: 変換効率 | L78: MPPT電圧範囲 | M78: 最低電圧 | N78: 出力係数 | O78: 最低出力%
B79: SUN2000-125KTL-JPH0 皮相125kVA | C79: 125 | D79: 1500 | E79: 800 | F79: 1200 | G79: 1100 | H79: 50 | I79: 30 | J79: 18 | K79: 0.981 | L79: 500-1500Ｖ | M79: 500 | N79: 7.5 | O79: 60 | P79: 800 | Q79: =ROUNDDOWN((P79-500)/7.5+60,0)/100 -> 1
B80: SUN2000-125KTL-JPH0 皮相140kVA | C80: 125 | D80: 1500 | E80: 800 | F80: 1200 | G80: 850 | H80: 50 | I80: 30 | J80: 18 | K80: 0.981 | L80: 500-1500Ｖ | M80: 500 | N80: 7.5 | O80: 60 | P80: 800 | Q80: =ROUNDDOWN((P80-500)/7.5+60,0)/100 -> 1
B81: SUN2000-111KTL-NHM0 皮相111.1kVA | C81: 111 | D81: 1020 | E81: 550 | F81: 900 | G81: 670 | H81: 40 | I81: 26 | J81: 20 | K81: 0.981 | L81: 200-1000Ｖ | M81: 200 | N81: 5.3 | O81: 34 | P81: 550 | Q81: =ROUNDDOWN((P81-200)/5.3+34,0)/100 -> 1
B83: SUN2000-63KTL-JPH0 | C83: 62.5 | D83: 1500 | E83: 800 | F83: 1200 | G83: 1100 | H83: 33 | I83: 22 | J83: 12 | K83: 0.985 | L83: 600-1500Ｖ | M83: 600 | N83: 4 | O83: 50 | P83: 800 | Q83: =ROUNDDOWN((P83-600)/4+50,0)/100 -> 1
B84: SUN2000-63KTL-JPM0 | C84: 62.5 | D84: 1020 | E84: 550 | F84: 850 | G84: 800 | H84: 30 | I84: 22 | J84: 12 | K84: 0.986 | L84: 200-1000Ｖ | M84: 200 | N84: 4.79 | O84: 27 | P84: 550 | Q84: =ROUNDDOWN((P84-200)/4.79+27,0)/100 -> 1
B85: SUN2000-50KTL-JPM0 | C85: 50 | D85: 1020 | E85: 550 | F85: 890 | G85: 800 | H85: 30 | I85: 22 | J85: 12 | K85: 0.986 | L85: 200-1000Ｖ | M85: 200 | N85: 5.3 | O85: 34 | P85: 550 | Q85: =ROUNDDOWN((P85-200)/5.3+34,0)/100 -> 1
B86: SUN2000-40KTL-NH AC420V | C86: 40 | D86: 1020 | E86: 550 | F86: 850 | G86: 660 | H86: 40 | I86: 26 | J86: 8 | K86: 0.984 | L86: 200-1000Ｖ | M86: 300 | N86: 3.33 | O86: 25 | P86: 550 | Q86: =ROUNDDOWN((P86-300)/3.33+25,0)/100 -> 1
B87: SUN2000-40KTL-NH AC440V | C87: 40 | D87: 1020 | E87: 570 | F87: 850 | G87: 660 | H87: 40 | I87: 26 | J87: 8 | K87: 0.984 | L87: 200-1000Ｖ | M87: 300 | N87: 3.6 | O87: 25 | P87: 570 | Q87: =ROUNDDOWN((P87-300)/3.6+25,0)/100 -> 1
B88: SUN2000-33KTL-NH AC420V | C88: 33 | D88: 1020 | E88: 480 | F88: 850 | G88: 850 | H88: 40 | I88: 26 | J88: 8 | K88: 0.985 | L88: 200-1000Ｖ | M88: 300 | N88: 2.4 | O88: 25 | P88: 480 | Q88: =ROUNDDOWN((P88-300)/2.4+25,0)/100 -> 1
B89: SUN2000-33KTL-NH AC440V | C89: 33 | D89: 1020 | E89: 500 | F89: 850 | G89: 850 | H89: 40 | I89: 26 | J89: 8 | K89: 0.985 | L89: 200-1000Ｖ | M89: 300 | N89: 2.66 | O89: 25 | P89: 500 | Q89: =ROUNDDOWN((P89-300)/2.65+25,0)/100 -> 1
B90: SUN2000-20KTL-M3 AC202V 皮相20kVA | C90: 20 | D90: 750 | E90: 300 | F90: 550 | G90: 420 | H90: 40 | I90: 26 | J90: 8 | K90: 0.971 | L90: 200-750Ｖ | M90: 200 | N90: 2 | O90: 50 | P90: 300 | Q90: =ROUNDDOWN((P90-200)/2+50,0)/100 -> 1
B91: SUN2000-4.95KTL-JPL1 | C91: 4.95 | D91: 600 | E91: 220 | F91: 530 | G91: 530 | H91: 25 | I91: 16 | J91: 4 | K91: 0.97 | L91: 90-560Ｖ | M91: 100 | N91: 3.3 | O91: 40 | P91: 300 | Q91: =ROUNDDOWN((P91-100)/3.3+40,0)/100 -> 1
B92: SUN2000-4.95KTL-NHL2 | C92: 4.95 | D92: 600 | E92: 220 | F92: 530 | G92: 530 | H92: 30 | I92: 16 | J92: 4 | K92: 0.97 | L92: 90-560Ｖ | M92: 100 | N92: 3.3 | O92: 40 | P92: 300 | Q92: =ROUNDDOWN((P92-100)/3.3+40,0)/100 -> 1
B94: SUN2000-4.95KTL-JPL0 | C94: 4.95 | D94: 600 | E94: 310 | F94: 530 | G94: 530 | H94: 30 | I94: 16 | J94: 4 | K94: 0.97
B95: SUN2000-20KTL-M3 AC220V | C95: 20 | D95: 750 | E95: 340 | F95: 500 | G95: 420 | H95: 40 | I95: 26 | J95: 8 | K95: 0.971 | L95: 200-750Ｖ
B96: SUN2000-125KTL-JPH0 力率0.9 | C96: 125 | D96: 1500 | E96: 800 | F96: 1200 | G96: 950 | H96: 50 | I96: 30 | J96: 18 | K96: 0.981 | L96: 500-1500Ｖ
B97: SUN2000-111KTL-NHM0 力率0.9 AC420V.440V | C97: 111 | D97: 1020 | E97: 550 | F97: 800 | G97: 670 | H97: 40 | I97: 26 | J97: 20 | K97: 0.981 | L97: 200-1000Ｖ
C99: 電圧 | D99: 数式
B100: SUN2000-4.95KTL-JPL1 | C100: 300 | D100: =ROUNDDOWN((C100-100)/3.3+40,0)/100 -> 1
B101: SUN2000-20KTL-M3 AC202V 皮相20kVA | C101: 300 | D101: =ROUNDDOWN((C101-200)/2+50,0)/100 -> 1
B102: SUN2000-4.95KTL-NHL2 | C102: 300 | D102: =ROUNDDOWN((C102-80)/2.33+40,0)/100 -> 1.34
B103: SUN2000-50KTL-JPM0 | C103: 550 | D103: =ROUNDDOWN((C103-200)/5.3+34,0)/100 -> 1
B104: SUN2000-63KTL-JPM0 | C104: 550 | D104: =ROUNDDOWN((C104-200)/4.79+27,0)/100 -> 1
B105: SUN2000-111KTL-NHM0 皮相111.1kVA | C105: 550 | D105: =ROUNDDOWN((C105-200)/5.3+34,0)/100 -> 1
B106: SUN2000-125KTL-JPH0 皮相125kVA | C106: 800 | D106: =ROUNDDOWN((C106-500)/7.5+60,0)/100 -> 1
B107: SUN2000-63KTL-JPH0 | C107: 800 | D107: =ROUNDDOWN((C107-600)/4+50,0)/100 -> 1
B108: SUN2000-40KTL-NH AC420V | C108: 550 | D108: =ROUNDDOWN((C108-300)/3.33+25,0)/100 -> 1
B109: SUN2000-40KTL-NH AC440V | C109: 570 | D109: =ROUNDDOWN((C109-300)/3.6+25,0)/100 -> 1
B110: SUN2000-33KTL-NH AC420V | C110: 480 | D110: =ROUNDDOWN((C110-300)/2.4+25,0)/100 -> 1
B111: SUN2000-33KTL-NH AC440V | C111: 500 | D111: =ROUNDDOWN((C111-300)/2.65+25,0)/100 -> 1

Sheet PCS出力の抑制について
B2: なぜ温度で計算が変わるのですか？
B3: 太陽光パネルは太陽光パネル仕様書に記載されている温度特性により電圧、電流が変化します。
B5: 出力の抑制とはなんですか？
B6: 一般的にはディレーティングと呼ばれるものになります。
B7: PCSにはMPPT運転電圧範囲が設定されていますが、運転可能な電圧範囲であり、
B8: 全ての範囲でPCSの定格出力が出せることを示すものではありません。
B9: 太陽光パネルは主に温度により電圧が変化するため電圧の低いとき（高温）、電圧の高いとき（低温）のときに
B10: 本ツールでは定格出力が計算上出せるかを確認しています。
B11: PCSの環境温度もこれには影響し、本ツールでは高温時は周囲温度40度、低温時は-20度にて検討しています。
B12: 他にも機種によりAC電圧や力率が大きく影響する機種についてはそれらを選択するようにしています。
B14: 実環境下では直射日光の有無や換気状況、他熱源との距離などの影響を受けます。
B15: よって本計算ツールの結果によりディレーティングが発生しないことを保証するものでありませんので
B16: ご理解ください。

Sheet 電流値は超えても問題ないのか

Sheet 過積載すると最大動作電圧が変化するのはなぜか 

Sheet 住宅出力
A1: Q.PEAK DUO M-G11 400 | B1: 400 | C1: 37.16 | D1: 31 | E1: 13.54 | F1: 12.9 | G1: -0.0034 | H1: -0.0027 | I1: 0.0004 | J1: 0.97
L2: 90-560Ｖ | M2: 100 | N2: =(220-M2)/(100-O2) -> 2 | O2: 40
B3: ﾓｼﾞｭｰﾙ型式 | C3: =HUAWEI製ＰＣＳ接続枚数計算ツール!C5 -> JKM600N-72HL4-V | F3: 最大動作電流(Imax) | G3: =VLOOKUP($C$3, 太陽電池モジュールリスト!A:J, 6,FALSE) -> 13.62 | H3: 短絡電流(Isc) | I3: =VLOOKUP($C$3, 太陽電池モジュールリスト!A:J, 5,FALSE) -> 14.25 | J3: 短絡電流温度係数(％/℃) | L3: =VLOOKUP($C$3, 太陽電池モジュールリスト!A:J, 9,FALSE) -> 0.00045
B4: 最大出力（Pmax） | C4: =VLOOKUP($C$3, 太陽電池モジュールリスト!A:J, 2,FALSE) -> 600 | D4: 最大出力温度係数(％/℃) | E4: =VLOOKUP($C$3, 太陽電池モジュールリスト!A:J, 7,FALSE) -> -0.0029 | F4: 最大動作電圧（Vmax） | G4: =VLOOKUP($C$3, 太陽電池モジュールリスト!A:J, 4,FALSE) -> 44.06 | H4: 開放電圧(Voc) | I4: =VLOOKUP($C$3, 太陽電池モジュールリスト!A:J, 3,FALSE) -> 52.9 | J4: 開放電圧温度係数(％/℃) | L4: =VLOOKUP($C$3, 太陽電池モジュールリスト!A:J, 8,FALSE) -> -0.0025
C6: 直列数 | D6: =MAX(HUAWEI製ＰＣＳ接続枚数計算ツール!D57,HUAWEI製ＰＣＳ接続枚数計算ツール!D58) -> 5 | F6: 接続枚数 | G6: =HUAWEI製ＰＣＳ接続枚数計算ツール!J57*1000/住宅出力!C4 -> 10
A7: 環境温度 | B7: パネル温度 | C7: パネル電圧 | D7: ストリング電圧 | E7: PCS出力倍率 | F7: PCS出力倍率補正後 | G7: PCS出力 | H7: パネル出力 | I7: パネル出力補正 | J7: 出力抑制値
A8: 40 | B8: =A8+30 -> 70 | C8: =$G$4+$G$4*($B8-25)*$E$4 -> 38.31017 | D8: =C8*$D$6 -> 191.55085 | E8: =ROUNDDOWN((D8-$M$2)/$N$2+$O$2,0)/100 -> 0.85 | F8: =IF(E8>0.99,1,E8) -> 0.85 | G8: =F8*4.95 -> 4.2075 | H8: =$G$6*($C$4+$E$4*$C$4*(B8-25))/1000 -> 5.217 | I8: =IF(H8>4.95,4.95,H8) -> 4.95 | J8: =G8-I8 -> -0.7425
A9: 39 | B9: =A9+30 -> 69 | C9: =$G$4+$G$4*($B9-25)*$E$4 -> 38.437944 | D9: =C9*$D$6 -> 192.18972 | E9: =ROUNDDOWN((D9-$M$2)/$N$2+$O$2,0)/100 -> 0.86 | F9: =IF(E9>0.99,1,E9) -> 0.86 | G9: =F9*4.95 -> 4.257 | H9: =$G$6*($C$4+$E$4*$C$4*(B9-25))/1000 -> 5.2344 | I9: =IF(H9>4.95,4.95,H9) -> 4.95 | J9: =G9-I9 -> -0.693
A10: 38 | B10: =A10+30 -> 68 | C10: =$G$4+$G$4*($B10-25)*$E$4 -> 38.565718 | D10: =C10*$D$6 -> 192.82859 | E10: =ROUNDDOWN((D10-$M$2)/$N$2+$O$2,0)/100 -> 0.86 | F10: =IF(E10>0.99,1,E10) -> 0.86 | G10: =F10*4.95 -> 4.257 | H10: =$G$6*($C$4+$E$4*$C$4*(B10-25))/1000 -> 5.2518 | I10: =IF(H10>4.95,4.95,H10) -> 4.95 | J10: =G10-I10 -> -0.693
A11: 37 | B11: =A11+30 -> 67 | C11: =$G$4+$G$4*($B11-25)*$E$4 -> 38.693492 | D11: =C11*$D$6 -> 193.46746 | E11: =ROUNDDOWN((D11-$M$2)/$N$2+$O$2,0)/100 -> 0.86 | F11: =IF(E11>0.99,1,E11) -> 0.86 | G11: =F11*4.95 -> 4.257 | H11: =$G$6*($C$4+$E$4*$C$4*(B11-25))/1000 -> 5.2692 | I11: =IF(H11>4.95,4.95,H11) -> 4.95 | J11: =G11-I11 -> -0.693
A12: 36 | B12: =A12+30 -> 66 | C12: =$G$4+$G$4*($B12-25)*$E$4 -> 38.821266 | D12: =C12*$D$6 -> 194.10633 | E12: =ROUNDDOWN((D12-$M$2)/$N$2+$O$2,0)/100 -> 0.87 | F12: =IF(E12>0.99,1,E12) -> 0.87 | G12: =F12*4.95 -> 4.3065 | H12: =$G$6*($C$4+$E$4*$C$4*(B12-25))/1000 -> 5.2866 | I12: =IF(H12>4.95,4.95,H12) -> 4.95 | J12: =G12-I12 -> -0.6435
A13: 35 | B13: =A13+30 -> 65 | C13: =$G$4+$G$4*($B13-25)*$E$4 -> 38.94904 | D13: =C13*$D$6 -> 194.7452 | E13: =ROUNDDOWN((D13-$M$2)/$N$2+$O$2,0)/100 -> 0.87 | F13: =IF(E13>0.99,1,E13) -> 0.87 | G13: =F13*4.95 -> 4.3065 | H13: =$G$6*($C$4+$E$4*$C$4*(B13-25))/1000 -> 5.304 | I13: =IF(H13>4.95,4.95,H13) -> 4.95 | J13: =G13-I13 -> -0.6435
A14: 34 | B14: =A14+30 -> 64 | C14: =$G$4+$G$4*($B14-25)*$E$4 -> 39.076814 | D14: =C14*$D$6 -> 195.38407 | E14: =ROUNDDOWN((D14-$M$2)/$N$2+$O$2,0)/100 -> 0.87 | F14: =IF(E14>0.99,1,E14) -> 0.87 | G14: =F14*4.95 -> 4.3065 | H14: =$G$6*($C$4+$E$4*$C$4*(B14-25))/1000 -> 5.3214 | I14: =IF(H14>4.95,4.95,H14) -> 4.95 | J14: =G14-I14 -> -0.6435
A15: 33 | B15: =A15+30 -> 63 | C15: =$G$4+$G$4*($B15-25)*$E$4 -> 39.204588 | D15: =C15*$D$6 -> 196.02294 | E15: =ROUNDDOWN((D15-$M$2)/$N$2+$O$2,0)/100 -> 0.88 | F15: =IF(E15>0.99,1,E15) -> 0.88 | G15: =F15*4.95 -> 4.356 | H15: =$G$6*($C$4+$E$4*$C$4*(B15-25))/1000 -> 5.3388 | I15: =IF(H15>4.95,4.95,H15) -> 4.95 | J15: =G15-I15 -> -0.594
A16: 32 | B16: =A16+30 -> 62 | C16: =$G$4+$G$4*($B16-25)*$E$4 -> 39.332362 | D16: =C16*$D$6 -> 196.66181 | E16: =ROUNDDOWN((D16-$M$2)/$N$2+$O$2,0)/100 -> 0.88 | F16: =IF(E16>0.99,1,E16) -> 0.88 | G16: =F16*4.95 -> 4.356 | H16: =$G$6*($C$4+$E$4*$C$4*(B16-25))/1000 -> 5.3562 | I16: =IF(H16>4.95,4.95,H16) -> 4.95 | J16: =G16-I16 -> -0.594
A17: 31 | B17: =A17+30 -> 61 | C17: =$G$4+$G$4*($B17-25)*$E$4 -> 39.460136 | D17: =C17*$D$6 -> 197.30068 | E17: =ROUNDDOWN((D17-$M$2)/$N$2+$O$2,0)/100 -> 0.88 | F17: =IF(E17>0.99,1,E17) -> 0.88 | G17: =F17*4.95 -> 4.356 | H17: =$G$6*($C$4+$E$4*$C$4*(B17-25))/1000 -> 5.3736 | I17: =IF(H17>4.95,4.95,H17) -> 4.95 | J17: =G17-I17 -> -0.594
A18: 30 | B18: =A18+30 -> 60 | C18: =$G$4+$G$4*($B18-25)*$E$4 -> 39.58791 | D18: =C18*$D$6 -> 197.93955 | E18: =ROUNDDOWN((D18-$M$2)/$N$2+$O$2,0)/100 -> 0.88 | F18: =IF(E18>0.99,1,E18) -> 0.88 | G18: =F18*4.95 -> 4.356 | H18: =$G$6*($C$4+$E$4*$C$4*(B18-25))/1000 -> 5.391 | I18: =IF(H18>4.95,4.95,H18) -> 4.95 | J18: =G18-I18 -> -0.594
A19: 29 | B19: =A19+30 -> 59 | C19: =$G$4+$G$4*($B19-25)*$E$4 -> 39.715684 | D19: =C19*$D$6 -> 198.57842 | E19: =ROUNDDOWN((D19-$M$2)/$N$2+$O$2,0)/100 -> 0.89 | F19: =IF(E19>0.99,1,E19) -> 0.89 | G19: =F19*4.95 -> 4.4055 | H19: =$G$6*($C$4+$E$4*$C$4*(B19-25))/1000 -> 5.4084 | I19: =IF(H19>4.95,4.95,H19) -> 4.95 | J19: =G19-I19 -> -0.5445
... A68: -20 | B68: =A68+30 -> 10 | C68: =$G$4+$G$4*($B68-25)*$E$4 -> 45.97661 | D68: =C68*$D$6 -> 229.88305 | E68: =ROUNDDOWN((D68-$M$2)/$N$2+$O$2,0)/100 -> 1.04 | F68: =IF(E68>0.99,1,E68) -> 1 | G68: =F68*4.95 -> 4.95 | H68: =$G$6*($C$4+$E$4*$C$4*(B68-25))/1000 -> 6.261 | I68: =IF(H68>4.95,4.95,H68) -> 4.95 | J68: =G68-I68 -> 0

Sheet 高電圧出力
A1: 低電圧接続高温電圧
A2: 直列数/回路数 | B2: 1 | C2: 2 | D2: 3 | E2: 4 | F2: 5 | G2: 6 | H2: 7 | I2: 8 | J2: 9 | K2: 10 | L2: 11 | M2: 12 | N2: 13 | O2: 14 | P2: 15 | Q2: 16 | R2: 17 | S2: 18 | T2: 19 | U2: 20 | V2: 21 | W2: 22 | X2: 23 | Y2: 24 | Z2: 25 | AA2: 26 | AB2: 27 | AC2: 28 | AD2: 29 | AE2: 30 | AF2: 31 | AG2: 32 | AH2: 33 | AI2: 34 | AJ2: 35 | AK2: 36 | AL2: 37 | AM2: 38 | AN2: 39 | AO2: 40
A3: 1 | B3: =ROUNDDOWN((高温電圧!B3*高温電圧!B$2-VLOOKUP(HUAWEI製ＰＣＳ接続枚数計算ツール!$C$9, HUAWEI製ＰＣＳ接続枚数計算ツール!$B$119:$P$149,12,FALSE))/VLOOKUP(HUAWEI製ＰＣＳ接続枚数計算ツール!$C$9, HUAWEI製ＰＣＳ接続枚数計算ツール!$B$119:$P$149,13,FALSE)+VLOOKUP(HUAWEI製ＰＣＳ接続枚数計算ツール!$C$9, HUAWEI製ＰＣＳ接続枚数計算ツール!$B$119:$P$149,14,FALSE),0)/100*IF(高温電圧!B3*高温電圧!B$2<VLOOKUP(HUAWEI製ＰＣＳ接続枚数計算ツール!$C$9, HUAWEI製ＰＣＳ接続枚数計算ツール!$B$119:$P$149,12,FALSE),0,1) -> 0 | C3: =ROUNDDOWN((高温電圧!C3*高温電圧!C$2-VLOOKUP(HUAWEI製ＰＣＳ接続枚数計算ツール!$C$9, HUAWEI製ＰＣＳ接続枚数計算ツール!$B$119:$P$149,12,FALSE))/VLOOKUP(HUAWEI製ＰＣＳ接続枚数計算ツール!$C$9, HUAWEI製ＰＣＳ接続枚数計算ツール!$B$119:$P$149,13,FALSE)+VLOOKUP(HUAWEI製ＰＣＳ接続枚数計算ツール!$C$9, HUAWEI製ＰＣＳ接続枚数計算ツール!$B$119:$P$149,14,FALSE),0)/100*IF(高温電圧!C3*高温電圧!C$2<VLOOKUP(HUAWEI製ＰＣＳ接続枚数計算ツール!$C$9, HUAWEI製ＰＣＳ接続枚数計算ツール!$B$119:$P$149,12,FALSE),0,1) -> 0 | D3: =ROUNDDOWN((高温電圧!D3*高温電圧!D$2-VLOOKUP(HUAWEI製ＰＣＳ接続枚数計算ツール!$C$9, HUAWEI製ＰＣＳ接続枚数計算ツール!$B$119:$P$149,12,FALSE))/VLOOKUP(HUAWEI製ＰＣＳ接続枚数計算ツール!$C$9, HUAWEI製ＰＣＳ接続枚数計算ツール!$B$119:$P$149,13,FALSE)+VLOOKUP(HUAWEI製ＰＣＳ接続枚数計算ツール!$C$9, HUAWEI製ＰＣＳ接続枚数計算ツール!$B$119:$P$149,14,FALSE),0)/100*IF(高温電圧!D3*高温電圧!D$2<VLOOKUP(HUAWEI製ＰＣＳ接続枚数計算ツール!$C$9, HUAWEI製ＰＣＳ接続枚数計算ツール!$B$119:$P$149,12,FALSE),0,1) -> 0 | E3: =ROUNDDOWN((高温電圧!E3*高温電圧!E$2-VLOOKUP(HUAWEI製ＰＣＳ接続枚数計算ツール!$C$9, HUAWEI製ＰＣＳ接続枚数計算ツール!$B$119:$P$149,12,FALSE))/VLOOKUP(HUAWEI製ＰＣＳ接続枚数計算ツール!$C$9, HUAWEI製ＰＣＳ接続枚数計算ツール!$B$119:$P$149,13,FALSE)+VLOOKUP(HUAWEI製ＰＣＳ接続枚数計算ツール!$C$9, HUAWEI製ＰＣＳ接続枚数計算ツール!$B$119:$P$149,14,FALSE),0)/100*IF(高温電圧!E3*高温電圧!E$2<VLOOKUP(HUAWEI製ＰＣＳ接続枚数計算ツール!$C$9, HUAWEI製ＰＣＳ接続枚数計算ツール!$B$119:$P$149,12,FALSE),0,1) -> 0 | F3: =ROUNDDOWN((高温電圧!F3*高温電圧!F$2-VLOOKUP(HUAWEI製ＰＣＳ接続枚数計算ツール!$C$9, HUAWEI製ＰＣＳ接続枚数計算ツール!$B$119:$P$149,12,FALSE))/VLOOKUP(HUAWEI製ＰＣＳ接続枚数計算ツール!$C$9, HUAWEI製ＰＣＳ接続枚数計算ツール!$B$119:$P$149,13,FALSE)+VLOOKUP(HUAWEI製ＰＣＳ接続枚数計算ツール!$C$9, HUAWEI製ＰＣＳ接続枚数計算ツール!$B$119:$P$149,14,FALSE),0)/100*IF(高温電圧!F3*高温電圧!F$2<VLOOKUP(HUAWEI製ＰＣＳ接続枚数計算ツール!$C$9, HUAWEI製ＰＣＳ接続枚数計算ツール!$B$119:$P$149,12,FALSE),0,1) -> 0 | G3: =ROUNDDOWN((高温電圧!G3*高温電圧!G$2-VLOOKUP(HUAWEI製ＰＣＳ接続枚数計算ツール!$C$9, HUAWEI製ＰＣＳ接続枚数計算ツール!$B$119:$P$149,12,FALSE))/VLOOKUP(HUAWEI製ＰＣＳ接続枚数計算ツール!$C$9, HUAWEI製ＰＣＳ接続枚数計算ツール!$B$119:$P$149,13,FALSE)+VLOOKUP(HUAWEI製ＰＣＳ接続枚数計算ツール!$C$9, HUAWEI製ＰＣＳ接続枚数計算ツール!$B$119:$P$149,14,FALSE),0)/100*IF(高温電圧!G3*高温電圧!G$2<VLOOKUP(HUAWEI製ＰＣＳ接続枚数計算ツール!$C$9, HUAWEI製ＰＣＳ接続枚数計算ツール!$B$119:$P$149,12,FALSE),0,1) -> 0 | H3: =ROUNDDOWN((高温電圧!H3*高温電圧!H$2-VLOOKUP(HUAWEI製ＰＣＳ接続枚数計算ツール!$C$9, HUAWEI製ＰＣＳ接続枚数計算ツール!$B$119:$P$149,12,FALSE))/VLOOKUP(HUAWEI製ＰＣＳ接続枚数計算ツール!$C$9, HUAWEI製ＰＣＳ接続枚数計算ツール!$B$119:$P$149,13,FALSE)+VLOOKUP(HUAWEI製ＰＣＳ接続枚数計算ツール!$C$9, HUAWEI製ＰＣＳ接続枚数計算ツール!$B$119:$P$149,14,FALSE),0)/100*IF(高温電圧!H3*高温電圧!H$2<VLOOKUP(HUAWEI製ＰＣＳ接続枚数計算ツール!$C$9, HUAWEI製ＰＣＳ接続枚数計算ツール!$B$119:$P$149,12,FALSE),0,1) -> 0 | I3: =ROUNDDOWN((高温電圧!I3*高温電圧!I$2-VLOOKUP(HUAWEI製ＰＣＳ接続枚数計算ツール!$C$9, HUAWEI製ＰＣＳ接続枚数計算ツール!$B$119:$P$149,12,FALSE))/VLOOKUP(HUAWEI製ＰＣＳ接続枚数計算ツール!$C$9, HUAWEI製ＰＣＳ接続枚数計算ツール!$B$119:$P$149,13,FALSE)+VLOOKUP(HUAWEI製ＰＣＳ接続枚数計算ツール!$C$9, HUAWEI製ＰＣＳ接続枚数計算ツール!$B$119:$P$149,14,FALSE),0)/100*IF(高温電圧!I3*高温電圧!I$2<VLOOKUP(HUAWEI製ＰＣＳ接続枚数計算ツール!$C$9, HUAWEI製ＰＣＳ接続枚数計算ツール!$B$119:$P$149,12,FALSE),0,1) -> 0 | ... AO3: =ROUNDDOWN((高温電圧!AO3*高温電圧!AO$2-VLOOKUP(HUAWEI製ＰＣＳ接続枚数計算ツール!$C$9, HUAWEI製ＰＣＳ接続枚数計算ツール!$B$119:$P$149,12,FALSE))/VLOOKUP(HUAWEI製ＰＣＳ接続枚数計算ツール!$C$9, HUAWEI製ＰＣＳ接続枚数計算ツール!$B$119:$P$149,13,FALSE)+VLOOKUP(HUAWEI製ＰＣＳ接続枚数計算ツール!$C$9, HUAWEI製ＰＣＳ接続枚数計算ツール!$B$119:$P$149,14,FALSE),0)/100*IF(高温電圧!AO3*高温電圧!AO$2<VLOOKUP(HUAWEI製ＰＣＳ接続枚数計算ツール!$C$9, HUAWEI製ＰＣＳ接続枚数計算ツール!$B$119:$P$149,12,FALSE),0,1) -> 2.1
A4: 2 | B4: =ROUNDDOWN((高温電圧!B4*高温電圧!B$2-VLOOKUP(HUAWEI製ＰＣＳ接続枚数計算ツール!$C$9, HUAWEI製ＰＣＳ接続枚数計算ツール!$B$119:$P$149,12,FALSE))/VLOOKUP(HUAWEI製ＰＣＳ接続枚数計算ツール!$C$9, HUAWEI製ＰＣＳ接続枚数計算ツール!$B$119:$P$149,13,FALSE)+VLOOKUP(HUAWEI製ＰＣＳ接続枚数計算ツール!$C$9, HUAWEI製ＰＣＳ接続枚数計算ツール!$B$119:$P$149,14,FALSE),0)/100*IF(高温電圧!B4*高温電圧!B$2<VLOOKUP(HUAWEI製ＰＣＳ接続枚数計算ツール!$C$9, HUAWEI製ＰＣＳ接続枚数計算ツール!$B$119:$P$149,12,FALSE),0,1) -> 0 | C4: =ROUNDDOWN((高温電圧!C4*高温電圧!C$2-VLOOKUP(HUAWEI製ＰＣＳ接続枚数計算ツール!$C$9, HUAWEI製ＰＣＳ接続枚数計算ツール!$B$119:$P$149,12,FALSE))/VLOOKUP(HUAWEI製ＰＣＳ接続枚数計算ツール!$C$9, HUAWEI製ＰＣＳ接続枚数計算ツール!$B$119:$P$149,13,FALSE)+VLOOKUP(HUAWEI製ＰＣＳ接続枚数計算ツール!$C$9, HUAWEI製ＰＣＳ接続枚数計算ツール!$B$119:$P$149,14,FALSE),0)/100*IF(高温電圧!C4*高温電圧!C$2<VLOOKUP(HUAWEI製ＰＣＳ接続枚数計算ツール!$C$9, HUAWEI製ＰＣＳ接続枚数計算ツール!$B$119:$P$149,12,FALSE),0,1) -> 0 | D4: =ROUNDDOWN((高温電圧!D4*高温電圧!D$2-VLOOKUP(HUAWEI製ＰＣＳ接続枚数計算ツール!$C$9, HUAWEI製ＰＣＳ接続枚数計算ツール!$B$119:$P$149,12,FALSE))/VLOOKUP(HUAWEI製ＰＣＳ接続枚数計算ツール!$C$9, HUAWEI製ＰＣＳ接続枚数計算ツール!$B$119:$P$149,13,FALSE)+VLOOKUP(HUAWEI製ＰＣＳ接続枚数計算ツール!$C$9, HUAWEI製ＰＣＳ接続枚数計算ツール!$B$119:$P$149,14,FALSE),0)/100*IF(高温電圧!D4*高温電圧!D$2<VLOOKUP(HUAWEI製ＰＣＳ接続枚数計算ツール!$C$9, HUAWEI製ＰＣＳ接続枚数計算ツール!$B$119:$P$149,12,FALSE),0,1) -> 0 | E4: =ROUNDDOWN((高温電圧!E4*高温電圧!E$2-VLOOKUP(HUAWEI製ＰＣＳ接続枚数計算ツール!$C$9, HUAWEI製ＰＣＳ接続枚数計算ツール!$B$119:$P$149,12,FALSE))/VLOOKUP(HUAWEI製ＰＣＳ接続枚数計算ツール!$C$9, HUAWEI製ＰＣＳ接続枚数計算ツール!$B$119:$P$149,13,FALSE)+VLOOKUP(HUAWEI製ＰＣＳ接続枚数計算ツール!$C$9, HUAWEI製ＰＣＳ接続枚数計算ツール!$B$119:$P$149,14,FALSE),0)/100*IF(高温電圧!E4*高温電圧!E$2<VLOOKUP(HUAWEI製ＰＣＳ接続枚数計算ツール!$C$9, HUAWEI製ＰＣＳ接続枚数計算ツール!$B$119:$P$149,12,FALSE),0,1) -> 0 | F4: =ROUNDDOWN((高温電圧!F4*高温電圧!F$2-VLOOKUP(HUAWEI製ＰＣＳ接続枚数計算ツール!$C$9, HUAWEI製ＰＣＳ接続枚数計算ツール!$B$119:$P$149,12,FALSE))/VLOOKUP(HUAWEI製ＰＣＳ接続枚数計算ツール!$C$9, HUAWEI製ＰＣＳ接続枚数計算ツール!$B$119:$P$149,13,FALSE)+VLOOKUP(HUAWEI製ＰＣＳ接続枚数計算ツール!$C$9, HUAWEI製ＰＣＳ接続枚数計算ツール!$B$119:$P$149,14,FALSE),0)/100*IF(高温電圧!F4*高温電圧!F$2<VLOOKUP(HUAWEI製ＰＣＳ接続枚数計算ツール!$C$9, HUAWEI製ＰＣＳ接続枚数計算ツール!$B$119:$P$149,12,FALSE),0,1) -> 0 | G4: =ROUNDDOWN((高温電圧!G4*高温電圧!G$2-VLOOKUP(HUAWEI製ＰＣＳ接続枚数計算ツール!$C$9, HUAWEI製ＰＣＳ接続枚数計算ツール!$B$119:$P$149,12,FALSE))/VLOOKUP(HUAWEI製ＰＣＳ接続枚数計算ツール!$C$9, HUAWEI製ＰＣＳ接続枚数計算ツール!$B$119:$P$149,13,FALSE)+VLOOKUP(HUAWEI製ＰＣＳ接続枚数計算ツール!$C$9, HUAWEI製ＰＣＳ接続枚数計算ツール!$B$119:$P$149,14,FALSE),0)/100*IF(高温電圧!G4*高温電圧!G$2<VLOOKUP(HUAWEI製ＰＣＳ接続枚数計算ツール!$C$9, HUAWEI製ＰＣＳ接続枚数計算ツール!$B$119:$P$149,12,FALSE),0,1) -> 0 | H4: =ROUNDDOWN((高温電圧!H4*高温電圧!H$2-VLOOKUP(HUAWEI製ＰＣＳ接続枚数計算ツール!$C$9, HUAWEI製ＰＣＳ接続枚数計算ツール!$B$119:$P$149,12,FALSE))/VLOOKUP(HUAWEI製ＰＣＳ接続枚数計算ツール!$C$9, HUAWEI製ＰＣＳ接続枚数計算ツール!$B$119:$P$149,13,FALSE)+VLOOKUP(HUAWEI製ＰＣＳ接続枚数計算ツール!$C$9, HUAWEI製ＰＣＳ接続枚数計算ツール!$B$119:$P$149,14,FALSE),0)/100*IF(高温電圧!H4*高温電圧!H$2<VLOOKUP(HUAWEI製ＰＣＳ接続枚数計算ツール!$C$9, HUAWEI製ＰＣＳ接続枚数計算ツール!$B$119:$P$149,12,FALSE),0,1) -> 0 | I4: =ROUNDDOWN((高温電圧!I4*高温電圧!I$2-VLOOKUP(HUAWEI製ＰＣＳ接続枚数計算ツール!$C$9, HUAWEI製ＰＣＳ接続枚数計算ツール!$B$119:$P$149,12,FALSE))/VLOOKUP(HUAWEI製ＰＣＳ接続枚数計算ツール!$C$9, HUAWEI製ＰＣＳ接続枚数計算ツール!$B$119:$P$149,13,FALSE)+VLOOKUP(HUAWEI製ＰＣＳ接続枚数計算ツール!$C$9, HUAWEI製ＰＣＳ接続枚数計算ツール!$B$119:$P$149,14,FALSE),0)/100*IF(高温電圧!I4*高温電圧!I$2<VLOOKUP(HUAWEI製ＰＣＳ接続枚数計算ツール!$C$9, HUAWEI製ＰＣＳ接続枚数計算ツール!$B$119:$P$149,12,FALSE),0,1) -> 0 | ... AO4: =ROUNDDOWN((高温電圧!AO4*高温電圧!AO$2-VLOOKUP(HUAWEI製ＰＣＳ接続枚数計算ツール!$C$9, HUAWEI製ＰＣＳ接続枚数計算ツール!$B$119:$P$149,12,FALSE))/VLOOKUP(HUAWEI製ＰＣＳ接続枚数計算ツール!$C$9, HUAWEI製ＰＣＳ接続枚数計算ツール!$B$119:$P$149,13,FALSE)+VLOOKUP(HUAWEI製ＰＣＳ接続枚数計算ツール!$C$9, HUAWEI製ＰＣＳ接続枚数計算ツール!$B$119:$P$149,14,FALSE),0)/100*IF(高温電圧!AO4*高温電圧!AO$2<VLOOKUP(HUAWEI製ＰＣＳ接続枚数計算ツール!$C$9, HUAWEI製ＰＣＳ接続枚数計算ツール!$B$119:$P$149,12,FALSE),0,1) -> 2.1
A5: 3 | B5: =ROUNDDOWN((高温電圧!B5*高温電圧!B$2-VLOOKUP(HUAWEI製ＰＣＳ接続枚数計算ツール!$C$9, HUAWEI製ＰＣＳ接続枚数計算ツール!$B$119:$P$149,12,FALSE))/VLOOKUP(HUAWEI製ＰＣＳ接続枚数計算ツール!$C$9, HUAWEI製ＰＣＳ接続枚数計算ツール!$B$119:$P$149,13,FALSE)+VLOOKUP(HUAWEI製ＰＣＳ接続枚数計算ツール!$C$9, HUAWEI製ＰＣＳ接続枚数計算ツール!$B$119:$P$149,14,FALSE),0)/100*IF(高温電圧!B5*高温電圧!B$2<VLOOKUP(HUAWEI製ＰＣＳ接続枚数計算ツール!$C$9, HUAWEI製ＰＣＳ接続枚数計算ツール!$B$119:$P$149,12,FALSE),0,1) -> 0 | C5: =ROUNDDOWN((高温電圧!C5*高温電圧!C$2-VLOOKUP(HUAWEI製ＰＣＳ接続枚数計算ツール!$C$9, HUAWEI製ＰＣＳ接続枚数計算ツール!$B$119:$P$149,12,FALSE))/VLOOKUP(HUAWEI製ＰＣＳ接続枚数計算ツール!$C$9, HUAWEI製ＰＣＳ接続枚数計算ツール!$B$119:$P$149,13,FALSE)+VLOOKUP(HUAWEI製ＰＣＳ接続枚数計算ツール!$C$9, HUAWEI製ＰＣＳ接続枚数計算ツール!$B$119:$P$149,14,FALSE),0)/100*IF(高温電圧!C5*高温電圧!C$2<VLOOKUP(HUAWEI製ＰＣＳ接続枚数計算ツール!$C$9, HUAWEI製ＰＣＳ接続枚数計算ツール!$B$119:$P$149,12,FALSE),0,1) -> 0 | D5: =ROUNDDOWN((高温電圧!D5*高温電圧!D$2-VLOOKUP(HUAWEI製ＰＣＳ接続枚数計算ツール!$C$9, HUAWEI製ＰＣＳ接続枚数計算ツール!$B$119:$P$149,12,FALSE))/VLOOKUP(HUAWEI製ＰＣＳ接続枚数計算ツール!$C$9, HUAWEI製ＰＣＳ接続枚数計算ツール!$B$119:$P$149,13,FALSE)+VLOOKUP(HUAWEI製ＰＣＳ接続枚数計算ツール!$C$9, HUAWEI製ＰＣＳ接続枚数計算ツール!$B$119:$P$149,14,FALSE),0)/100*IF(高温電圧!D5*高温電圧!D$2<VLOOKUP(HUAWEI製ＰＣＳ接続枚数計算ツール!$C$9, HUAWEI製ＰＣＳ接続枚数計算ツール!$B$119:$P$149,12,FALSE),0,1) -> 0 | E5: =ROUNDDOWN((高温電圧!E5*高温電圧!E$2-VLOOKUP(HUAWEI製ＰＣＳ接続枚数計算ツール!$C$9, HUAWEI製ＰＣＳ接続枚数計算ツール!$B$119:$P$149,12,FALSE))/VLOOKUP(HUAWEI製ＰＣＳ接続枚数計算ツール!$C$9, HUAWEI製ＰＣＳ接続枚数計算ツール!$B$119:$P$149,13,FALSE)+VLOOKUP(HUAWEI製ＰＣＳ接続枚数計算ツール!$C$9, HUAWEI製ＰＣＳ接続枚数計算ツール!$B$119:$P$149,14,FALSE),0)/100*IF(高温電圧!E5*高温電圧!E$2<VLOOKUP(HUAWEI製ＰＣＳ接続枚数計算ツール!$C$9, HUAWEI製ＰＣＳ接続枚数計算ツール!$B$119:$P$149,12,FALSE),0,1) -> 0 | F5: =ROUNDDOWN((高温電圧!F5*高温電圧!F$2-VLOOKUP(HUAWEI製ＰＣＳ接続枚数計算ツール!$C$9, HUAWEI製ＰＣＳ接続枚数計算ツール!$B$119:$P$149,12,FALSE))/VLOOKUP(HUAWEI製ＰＣＳ接続枚数計算ツール!$C$9, HUAWEI製ＰＣＳ接続枚数計算ツール!$B$119:$P$149,13,FALSE)+VLOOKUP(HUAWEI製ＰＣＳ接続枚数計算ツール!$C$9, HUAWEI製ＰＣＳ接続枚数計算ツール!$B$119:$P$149,14,FALSE),0)/100*IF(高温電圧!F5*高温電圧!F$2<VLOOKUP(HUAWEI製ＰＣＳ接続枚数計算ツール!$C$9, HUAWEI製ＰＣＳ接続枚数計算ツール!$B$119:$P$149,12,FALSE),0,1) -> 0 | G5: =ROUNDDOWN((高温電圧!G5*高温電圧!G$2-VLOOKUP(HUAWEI製ＰＣＳ接続枚数計算ツール!$C$9, HUAWEI製ＰＣＳ接続枚数計算ツール!$B$119:$P$149,12,FALSE))/VLOOKUP(HUAWEI製ＰＣＳ接続枚数計算ツール!$C$9, HUAWEI製ＰＣＳ接続枚数計算ツール!$B$119:$P$149,13,FALSE)+VLOOKUP(HUAWEI製ＰＣＳ接続枚数計算ツール!$C$9, HUAWEI製ＰＣＳ接続枚数計算ツール!$B$119:$P$149,14,FALSE),0)/100*IF(高温電圧!G5*高温電圧!G$2<VLOOKUP(HUAWEI製ＰＣＳ接続枚数計算ツール!$C$9, HUAWEI製ＰＣＳ接続枚数計算ツール!$B$119:$P$149,12,FALSE),0,1) -> 0 | H5: =ROUNDDOWN((高温電圧!H5*高温電圧!H$2-VLOOKUP(HUAWEI製ＰＣＳ接続枚数計算ツール!$C$9, HUAWEI製ＰＣＳ接続枚数計算ツール!$B$119:$P$149,12,FALSE))/VLOOKUP(HUAWEI製ＰＣＳ接続枚数計算ツール!$C$9, HUAWEI製ＰＣＳ接続枚数計算ツール!$B$119:$P$149,13,FALSE)+VLOOKUP(HUAWEI製ＰＣＳ接続枚数計算ツール!$C$9, HUAWEI製ＰＣＳ接続枚数計算ツール!$B$119:$P$149,14,FALSE),0)/100*IF(高温電圧!H5*高温電圧!H$2<VLOOKUP(HUAWEI製ＰＣＳ接続枚数計算ツール!$C$9, HUAWEI製ＰＣＳ接続枚数計算ツール!$B$119:$P$149,12,FALSE),0,1) -> 0 | I5: =ROUNDDOWN((高温電圧!I5*高温電圧!I$2-VLOOKUP(HUAWEI製ＰＣＳ接続枚数計算ツール!$C$9, HUAWEI製ＰＣＳ接続枚数計算ツール!$B$119:$P$149,12,FALSE))/VLOOKUP(HUAWEI製ＰＣＳ接続枚数計算ツール!$C$9, HUAWEI製ＰＣＳ接続枚数計算ツール!$B$119:$P$149,13,FALSE)+VLOOKUP(HUAWEI製ＰＣＳ接続枚数計算ツール!$C$9, HUAWEI製ＰＣＳ接続枚数計算ツール!$B$119:$P$149,14,FALSE),0)/100*IF(高温電圧!I5*高温電圧!I$2<VLOOKUP(HUAWEI製ＰＣＳ接続枚数計算ツール!$C$9, HUAWEI製ＰＣＳ接続枚数計算ツール!$B$119:$P$149,12,FALSE),0,1) -> 0 | ... AO5: =ROUNDDOWN((高温電圧!AO5*高温電圧!AO$2-VLOOKUP(HUAWEI製ＰＣＳ接続枚数計算ツール!$C$9, HUAWEI製ＰＣＳ接続枚数計算ツール!$B$119:$P$149,12,FALSE))/VLOOKUP(HUAWEI製ＰＣＳ接続枚数計算ツール!$C$9, HUAWEI製ＰＣＳ接続枚数計算ツール!$B$119:$P$149,13,FALSE)+VLOOKUP(HUAWEI製ＰＣＳ接続枚数計算ツール!$C$9, HUAWEI製ＰＣＳ接続枚数計算ツール!$B$119:$P$149,14,FALSE),0)/100*IF(高温電圧!AO5*高温電圧!AO$2<VLOOKUP(HUAWEI製ＰＣＳ接続枚数計算ツール!$C$9, HUAWEI製ＰＣＳ接続枚数計算ツール!$B$119:$P$149,12,FALSE),0,1) -> 2.1
A6: 4 | B6: =ROUNDDOWN((高温電圧!B6*高温電圧!B$2-VLOOKUP(HUAWEI製ＰＣＳ接続枚数計算ツール!$C$9, HUAWEI製ＰＣＳ接続枚数計算ツール!$B$119:$P$149,12,FALSE))/VLOOKUP(HUAWEI製ＰＣＳ接続枚数計算ツール!$C$9, HUAWEI製ＰＣＳ接続枚数計算ツール!$B$119:$P$149,13,FALSE)+VLOOKUP(HUAWEI製ＰＣＳ接続枚数計算ツール!$C$9, HUAWEI製ＰＣＳ接続枚数計算ツール!$B$119:$P$149,14,FALSE),0)/100*IF(高温電圧!B6*高温電圧!B$2<VLOOKUP(HUAWEI製ＰＣＳ接続枚数計算ツール!$C$9, HUAWEI製ＰＣＳ接続枚数計算ツール!$B$119:$P$149,12,FALSE),0,1) -> 0 | C6: =ROUNDDOWN((高温電圧!C6*高温電圧!C$2-VLOOKUP(HUAWEI製ＰＣＳ接続枚数計算ツール!$C$9, HUAWEI製ＰＣＳ接続枚数計算ツール!$B$119:$P$149,12,FALSE))/VLOOKUP(HUAWEI製ＰＣＳ接続枚数計算ツール!$C$9, HUAWEI製ＰＣＳ接続枚数計算ツール!$B$119:$P$149,13,FALSE)+VLOOKUP(HUAWEI製ＰＣＳ接続枚数計算ツール!$C$9, HUAWEI製ＰＣＳ接続枚数計算ツール!$B$119:$P$149,14,FALSE),0)/100*IF(高温電圧!C6*高温電圧!C$2<VLOOKUP(HUAWEI製ＰＣＳ接続枚数計算ツール!$C$9, HUAWEI製ＰＣＳ接続枚数計算ツール!$B$119:$P$149,12,FALSE),0,1) -> 0 | D6: =ROUNDDOWN((高温電圧!D6*高温電圧!D$2-VLOOKUP(HUAWEI製ＰＣＳ接続枚数計算ツール!$C$9, HUAWEI製ＰＣＳ接続枚数計算ツール!$B$119:$P$149,12,FALSE))/VLOOKUP(HUAWEI製ＰＣＳ接続枚数計算ツール!$C$9, HUAWEI製ＰＣＳ接続枚数計算ツール!$B$119:$P$149,13,FALSE)+VLOOKUP(HUAWEI製ＰＣＳ接続枚数計算ツール!$C$9, HUAWEI製ＰＣＳ接続枚数計算ツール!$B$119:$P$149,14,FALSE),0)/100*IF(高温電圧!D6*高温電圧!D$2<VLOOKUP(HUAWEI製ＰＣＳ接続枚数計算ツール!$C$9, HUAWEI製ＰＣＳ接続枚数計算ツール!$B$119:$P$149,12,FALSE),0,1) -> 0 | E6: =ROUNDDOWN((高温電圧!E6*高温電圧!E$2-VLOOKUP(HUAWEI製ＰＣＳ接続枚数計算ツール!$C$9, HUAWEI製ＰＣＳ接続枚数計算ツール!$B$119:$P$149,12,FALSE))/VLOOKUP(HUAWEI製ＰＣＳ接続枚数計算ツール!$C$9, HUAWEI製ＰＣＳ接続枚数計算ツール!$B$119:$P$149,13,FALSE)+VLOOKUP(HUAWEI製ＰＣＳ接続枚数計算ツール!$C$9, HUAWEI製ＰＣＳ接続枚数計算ツール!$B$119:$P$149,14,FALSE),0)/100*IF(高温電圧!E6*高温電圧!E$2<VLOOKUP(HUAWEI製ＰＣＳ接続枚数計算ツール!$C$9, HUAWEI製ＰＣＳ接続枚数計算ツール!$B$119:$P$149,12,FALSE),0,1) -> 0 | F6: =ROUNDDOWN((高温電圧!F6*高温電圧!F$2-VLOOKUP(HUAWEI製ＰＣＳ接続枚数計算ツール!$C$9, HUAWEI製ＰＣＳ接続枚数計算ツール!$B$119:$P$149,12,FALSE))/VLOOKUP(HUAWEI製ＰＣＳ接続枚数計算ツール!$C$9, HUAWEI製ＰＣＳ接続枚数計算ツール!$B$119:$P$149,13,FALSE)+VLOOKUP(HUAWEI製ＰＣＳ接続枚数計算ツール!$C$9, HUAWEI製ＰＣＳ接続枚数計算ツール!$B$119:$P$149,14,FALSE),0)/100*IF(高温電圧!F6*高温電圧!F$2<VLOOKUP(HUAWEI製ＰＣＳ接続枚数計算ツール!$C$9, HUAWEI製ＰＣＳ接続枚数計算ツール!$B$119:$P$149,12,FALSE),0,1) -> 0 | G6: =ROUNDDOWN((高温電圧!G6*高温電圧!G$2-VLOOKUP(HUAWEI製ＰＣＳ接続枚数計算ツール!$C$9, HUAWEI製ＰＣＳ接続枚数計算ツール!$B$119:$P$149,12,FALSE))/VLOOKUP(HUAWEI製ＰＣＳ接続枚数計算ツール!$C$9, HUAWEI製ＰＣＳ接続枚数計算ツール!$B$119:$P$149,13,FALSE)+VLOOKUP(HUAWEI製ＰＣＳ接続枚数計算ツール!$C$9, HUAWEI製ＰＣＳ接続枚数計算ツール!$B$119:$P$149,14,FALSE),0)/100*IF(高温電圧!G6*高温電圧!G$2<VLOOKUP(HUAWEI製ＰＣＳ接続枚数計算ツール!$C$9, HUAWEI製ＰＣＳ接続枚数計算ツール!$B$119:$P$149,12,FALSE),0,1) -> 0 | H6: =ROUNDDOWN((高温電圧!H6*高温電圧!H$2-VLOOKUP(HUAWEI製ＰＣＳ接続枚数計算ツール!$C$9, HUAWEI製ＰＣＳ接続枚数計算ツール!$B$119:$P$149,12,FALSE))/VLOOKUP(HUAWEI製ＰＣＳ接続枚数計算ツール!$C$9, HUAWEI製ＰＣＳ接続枚数計算ツール!$B$119:$P$149,13,FALSE)+VLOOKUP(HUAWEI製ＰＣＳ接続枚数計算ツール!$C$9, HUAWEI製ＰＣＳ接続枚数計算ツール!$B$119:$P$149,14,FALSE),0)/100*IF(高温電圧!H6*高温電圧!H$2<VLOOKUP(HUAWEI製ＰＣＳ接続枚数計算ツール!$C$9, HUAWEI製ＰＣＳ接続枚数計算ツール!$B$119:$P$149,12,FALSE),0,1) -> 0 | I6: =ROUNDDOWN((高温電圧!I6*高温電圧!I$2-VLOOKUP(HUAWEI製ＰＣＳ接続枚数計算ツール!$C$9, HUAWEI製ＰＣＳ接続枚数計算ツール!$B$119:$P$149,12,FALSE))/VLOOKUP(HUAWEI製ＰＣＳ接続枚数計算ツール!$C$9, HUAWEI製ＰＣＳ接続枚数計算ツール!$B$119:$P$149,13,FALSE)+VLOOKUP(HUAWEI製ＰＣＳ接続枚数計算ツール!$C$9, HUAWEI製ＰＣＳ接続枚数計算ツール!$B$119:$P$149,14,FALSE),0)/100*IF(高温電圧!I6*高温電圧!I$2<VLOOKUP(HUAWEI製ＰＣＳ接続枚数計算ツール!$C$9, HUAWEI製ＰＣＳ接続枚数計算ツール!$B$119:$P$149,12,FALSE),0,1) -> 0 | ... AO6: =ROUNDDOWN((高温電圧!AO6*高温電圧!AO$2-VLOOKUP(HUAWEI製ＰＣＳ接続枚数計算ツール!$C$9, HUAWEI製ＰＣＳ接続枚数計算ツール!$B$119:$P$149,12,FALSE))/VLOOKUP(HUAWEI製ＰＣＳ接続枚数計算ツール!$C$9, HUAWEI製ＰＣＳ接続枚数計算ツール!$B$119:$P$149,13,FALSE)+VLOOKUP(HUAWEI製ＰＣＳ接続枚数計算ツール!$C$9, HUAWEI製ＰＣＳ接続枚数計算ツール!$B$119:$P$149,14,FALSE),0)/100*IF(高温電圧!AO6*高温電圧!AO$2<VLOOKUP(HUAWEI製ＰＣＳ接続枚数計算ツール!$C$9, HUAWEI製ＰＣＳ接続枚数計算ツール!$B$119:$P$149,12,FALSE),0,1) -> 2.1
A7: 5 | B7: =ROUNDDOWN((高温電圧!B7*高温電圧!B$2-VLOOKUP(HUAWEI製ＰＣＳ接続枚数計算ツール!$C$9, HUAWEI製ＰＣＳ接続枚数計算ツール!$B$119:$P$149,12,FALSE))/VLOOKUP(HUAWEI製ＰＣＳ接続枚数計算ツール!$C$9, HUAWEI製ＰＣＳ接続枚数計算ツール!$B$119:$P$149,13,FALSE)+VLOOKUP(HUAWEI製ＰＣＳ接続枚数計算ツール!$C$9, HUAWEI製ＰＣＳ接続枚数計算ツール!$B$119:$P$149,14,FALSE),0)/100*IF(高温電圧!B7*高温電圧!B$2<VLOOKUP(HUAWEI製ＰＣＳ接続枚数計算ツール!$C$9, HUAWEI製ＰＣＳ接続枚数計算ツール!$B$119:$P$149,12,FALSE),0,1) -> 0 | C7: =ROUNDDOWN((高温電圧!C7*高温電圧!C$2-VLOOKUP(HUAWEI製ＰＣＳ接続枚数計算ツール!$C$9, HUAWEI製ＰＣＳ接続枚数計算ツール!$B$119:$P$149,12,FALSE))/VLOOKUP(HUAWEI製ＰＣＳ接続枚数計算ツール!$C$9, HUAWEI製ＰＣＳ接続枚数計算ツール!$B$119:$P$149,13,FALSE)+VLOOKUP(HUAWEI製ＰＣＳ接続枚数計算ツール!$C$9, HUAWEI製ＰＣＳ接続枚数計算ツール!$B$119:$P$149,14,FALSE),0)/100*IF(高温電圧!C7*高温電圧!C$2<VLOOKUP(HUAWEI製ＰＣＳ接続枚数計算ツール!$C$9, HUAWEI製ＰＣＳ接続枚数計算ツール!$B$119:$P$149,12,FALSE),0,1) -> 0 | D7: =ROUNDDOWN((高温電圧!D7*高温電圧!D$2-VLOOKUP(HUAWEI製ＰＣＳ接続枚数計算ツール!$C$9, HUAWEI製ＰＣＳ接続枚数計算ツール!$B$119:$P$149,12,FALSE))/VLOOKUP(HUAWEI製ＰＣＳ接続枚数計算ツール!$C$9, HUAWEI製ＰＣＳ接続枚数計算ツール!$B$119:$P$149,13,FALSE)+VLOOKUP(HUAWEI製ＰＣＳ接続枚数計算ツール!$C$9, HUAWEI製ＰＣＳ接続枚数計算ツール!$B$119:$P$149,14,FALSE),0)/100*IF(高温電圧!D7*高温電圧!D$2<VLOOKUP(HUAWEI製ＰＣＳ接続枚数計算ツール!$C$9, HUAWEI製ＰＣＳ接続枚数計算ツール!$B$119:$P$149,12,FALSE),0,1) -> 0 | E7: =ROUNDDOWN((高温電圧!E7*高温電圧!E$2-VLOOKUP(HUAWEI製ＰＣＳ接続枚数計算ツール!$C$9, HUAWEI製ＰＣＳ接続枚数計算ツール!$B$119:$P$149,12,FALSE))/VLOOKUP(HUAWEI製ＰＣＳ接続枚数計算ツール!$C$9, HUAWEI製ＰＣＳ接続枚数計算ツール!$B$119:$P$149,13,FALSE)+VLOOKUP(HUAWEI製ＰＣＳ接続枚数計算ツール!$C$9, HUAWEI製ＰＣＳ接続枚数計算ツール!$B$119:$P$149,14,FALSE),0)/100*IF(高温電圧!E7*高温電圧!E$2<VLOOKUP(HUAWEI製ＰＣＳ接続枚数計算ツール!$C$9, HUAWEI製ＰＣＳ接続枚数計算ツール!$B$119:$P$149,12,FALSE),0,1) -> 0 | F7: =ROUNDDOWN((高温電圧!F7*高温電圧!F$2-VLOOKUP(HUAWEI製ＰＣＳ接続枚数計算ツール!$C$9, HUAWEI製ＰＣＳ接続枚数計算ツール!$B$119:$P$149,12,FALSE))/VLOOKUP(HUAWEI製ＰＣＳ接続枚数計算ツール!$C$9, HUAWEI製ＰＣＳ接続枚数計算ツール!$B$119:$P$149,13,FALSE)+VLOOKUP(HUAWEI製ＰＣＳ接続枚数計算ツール!$C$9, HUAWEI製ＰＣＳ接続枚数計算ツール!$B$119:$P$149,14,FALSE),0)/100*IF(高温電圧!F7*高温電圧!F$2<VLOOKUP(HUAWEI製ＰＣＳ接続枚数計算ツール!$C$9, HUAWEI製ＰＣＳ接続枚数計算ツール!$B$119:$P$149,12,FALSE),0,1) -> 0 | G7: =ROUNDDOWN((高温電圧!G7*高温電圧!G$2-VLOOKUP(HUAWEI製ＰＣＳ接続枚数計算ツール!$C$9, HUAWEI製ＰＣＳ接続枚数計算ツール!$B$119:$P$149,12,FALSE))/VLOOKUP(HUAWEI製ＰＣＳ接続枚数計算ツール!$C$9, HUAWEI製ＰＣＳ接続枚数計算ツール!$B$119:$P$149,13,FALSE)+VLOOKUP(HUAWEI製ＰＣＳ接続枚数計算ツール!$C$9, HUAWEI製ＰＣＳ接続枚数計算ツール!$B$119:$P$149,14,FALSE),0)/100*IF(高温電圧!G7*高温電圧!G$2<VLOOKUP(HUAWEI製ＰＣＳ接続枚数計算ツール!$C$9, HUAWEI製ＰＣＳ接続枚数計算ツール!$B$119:$P$149,12,FALSE),0,1) -> 0 | H7: =ROUNDDOWN((高温電圧!H7*高温電圧!H$2-VLOOKUP(HUAWEI製ＰＣＳ接続枚数計算ツール!$C$9, HUAWEI製ＰＣＳ接続枚数計算ツール!$B$119:$P$149,12,FALSE))/VLOOKUP(HUAWEI製ＰＣＳ接続枚数計算ツール!$C$9, HUAWEI製ＰＣＳ接続枚数計算ツール!$B$119:$P$149,13,FALSE)+VLOOKUP(HUAWEI製ＰＣＳ接続枚数計算ツール!$C$9, HUAWEI製ＰＣＳ接続枚数計算ツール!$B$119:$P$149,14,FALSE),0)/100*IF(高温電圧!H7*高温電圧!H$2<VLOOKUP(HUAWEI製ＰＣＳ接続枚数計算ツール!$C$9, HUAWEI製ＰＣＳ接続枚数計算ツール!$B$119:$P$149,12,FALSE),0,1) -> 0 | I7: =ROUNDDOWN((高温電圧!I7*高温電圧!I$2-VLOOKUP(HUAWEI製ＰＣＳ接続枚数計算ツール!$C$9, HUAWEI製ＰＣＳ接続枚数計算ツール!$B$119:$P$149,12,FALSE))/VLOOKUP(HUAWEI製ＰＣＳ接続枚数計算ツール!$C$9, HUAWEI製ＰＣＳ接続枚数計算ツール!$B$119:$P$149,13,FALSE)+VLOOKUP(HUAWEI製ＰＣＳ接続枚数計算ツール!$C$9, HUAWEI製ＰＣＳ接続枚数計算ツール!$B$119:$P$149,14,FALSE),0)/100*IF(高温電圧!I7*高温電圧!I$2<VLOOKUP(HUAWEI製ＰＣＳ接続枚数計算ツール!$C$9, HUAWEI製ＰＣＳ接続枚数計算ツール!$B$119:$P$149,12,FALSE),0,1) -> 0 | ... AO7: =ROUNDDOWN((高温電圧!AO7*高温電圧!AO$2-VLOOKUP(HUAWEI製ＰＣＳ接続枚数計算ツール!$C$9, HUAWEI製ＰＣＳ接続枚数計算ツール!$B$119:$P$149,12,FALSE))/VLOOKUP(HUAWEI製ＰＣＳ接続枚数計算ツール!$C$9, HUAWEI製ＰＣＳ接続枚数計算ツール!$B$119:$P$149,13,FALSE)+VLOOKUP(HUAWEI製ＰＣＳ接続枚数計算ツール!$C$9, HUAWEI製ＰＣＳ接続枚数計算ツール!$B$119:$P$149,14,FALSE),0)/100*IF(高温電圧!AO7*高温電圧!AO$2<VLOOKUP(HUAWEI製ＰＣＳ接続枚数計算ツール!$C$9, HUAWEI製ＰＣＳ接続枚数計算ツール!$B$119:$P$149,12,FALSE),0,1) -> 2.1
A8: 6 | B8: =ROUNDDOWN((高温電圧!B8*高温電圧!B$2-VLOOKUP(HUAWEI製ＰＣＳ接続枚数計算ツール!$C$9, HUAWEI製ＰＣＳ接続枚数計算ツール!$B$119:$P$149,12,FALSE))/VLOOKUP(HUAWEI製ＰＣＳ接続枚数計算ツール!$C$9, HUAWEI製ＰＣＳ接続枚数計算ツール!$B$119:$P$149,13,FALSE)+VLOOKUP(HUAWEI製ＰＣＳ接続枚数計算ツール!$C$9, HUAWEI製ＰＣＳ接続枚数計算ツール!$B$119:$P$149,14,FALSE),0)/100*IF(高温電圧!B8*高温電圧!B$2<VLOOKUP(HUAWEI製ＰＣＳ接続枚数計算ツール!$C$9, HUAWEI製ＰＣＳ接続枚数計算ツール!$B$119:$P$149,12,FALSE),0,1) -> 0 | C8: =ROUNDDOWN((高温電圧!C8*高温電圧!C$2-VLOOKUP(HUAWEI製ＰＣＳ接続枚数計算ツール!$C$9, HUAWEI製ＰＣＳ接続枚数計算ツール!$B$119:$P$149,12,FALSE))/VLOOKUP(HUAWEI製ＰＣＳ接続枚数計算ツール!$C$9, HUAWEI製ＰＣＳ接続枚数計算ツール!$B$119:$P$149,13,FALSE)+VLOOKUP(HUAWEI製ＰＣＳ接続枚数計算ツール!$C$9, HUAWEI製ＰＣＳ接続枚数計算ツール!$B$119:$P$149,14,FALSE),0)/100*IF(高温電圧!C8*高温電圧!C$2<VLOOKUP(HUAWEI製ＰＣＳ接続枚数計算ツール!$C$9, HUAWEI製ＰＣＳ接続枚数計算ツール!$B$119:$P$149,12,FALSE),0,1) -> 0 | D8: =ROUNDDOWN((高温電圧!D8*高温電圧!D$2-VLOOKUP(HUAWEI製ＰＣＳ接続枚数計算ツール!$C$9, HUAWEI製ＰＣＳ接続枚数計算ツール!$B$119:$P$149,12,FALSE))/VLOOKUP(HUAWEI製ＰＣＳ接続枚数計算ツール!$C$9, HUAWEI製ＰＣＳ接続枚数計算ツール!$B$119:$P$149,13,FALSE)+VLOOKUP(HUAWEI製ＰＣＳ接続枚数計算ツール!$C$9, HUAWEI製ＰＣＳ接続枚数計算ツール!$B$119:$P$149,14,FALSE),0)/100*IF(高温電圧!D8*高温電圧!D$2<VLOOKUP(HUAWEI製ＰＣＳ接続枚数計算ツール!$C$9, HUAWEI製ＰＣＳ接続枚数計算ツール!$B$119:$P$149,12,FALSE),0,1) -> 0 | E8: =ROUNDDOWN((高温電圧!E8*高温電圧!E$2-VLOOKUP(HUAWEI製ＰＣＳ接続枚数計算ツール!$C$9, HUAWEI製ＰＣＳ接続枚数計算ツール!$B$119:$P$149,12,FALSE))/VLOOKUP(HUAWEI製ＰＣＳ接続枚数計算ツール!$C$9, HUAWEI製ＰＣＳ接続枚数計算ツール!$B$119:$P$149,13,FALSE)+VLOOKUP(HUAWEI製ＰＣＳ接続枚数計算ツール!$C$9, HUAWEI製ＰＣＳ接続枚数計算ツール!$B$119:$P$149,14,FALSE),0)/100*IF(高温電圧!E8*高温電圧!E$2<VLOOKUP(HUAWEI製ＰＣＳ接続枚数計算ツール!$C$9, HUAWEI製ＰＣＳ接続枚数計算ツール!$B$119:$P$149,12,FALSE),0,1) -> 0 | F8: =ROUNDDOWN((高温電圧!F8*高温電圧!F$2-VLOOKUP(HUAWEI製ＰＣＳ接続枚数計算ツール!$C$9, HUAWEI製ＰＣＳ接続枚数計算ツール!$B$119:$P$149,12,FALSE))/VLOOKUP(HUAWEI製ＰＣＳ接続枚数計算ツール!$C$9, HUAWEI製ＰＣＳ接続枚数計算ツール!$B$119:$P$149,13,FALSE)+VLOOKUP(HUAWEI製ＰＣＳ接続枚数計算ツール!$C$9, HUAWEI製ＰＣＳ接続枚数計算ツール!$B$119:$P$149,14,FALSE),0)/100*IF(高温電圧!F8*高温電圧!F$2<VLOOKUP(HUAWEI製ＰＣＳ接続枚数計算ツール!$C$9, HUAWEI製ＰＣＳ接続枚数計算ツール!$B$119:$P$149,12,FALSE),0,1) -> 0 | G8: =ROUNDDOWN((高温電圧!G8*高温電圧!G$2-VLOOKUP(HUAWEI製ＰＣＳ接続枚数計算ツール!$C$9, HUAWEI製ＰＣＳ接続枚数計算ツール!$B$119:$P$149,12,FALSE))/VLOOKUP(HUAWEI製ＰＣＳ接続枚数計算ツール!$C$9, HUAWEI製ＰＣＳ接続枚数計算ツール!$B$119:$P$149,13,FALSE)+VLOOKUP(HUAWEI製ＰＣＳ接続枚数計算ツール!$C$9, HUAWEI製ＰＣＳ接続枚数計算ツール!$B$119:$P$149,14,FALSE),0)/100*IF(高温電圧!G8*高温電圧!G$2<VLOOKUP(HUAWEI製ＰＣＳ接続枚数計算ツール!$C$9, HUAWEI製ＰＣＳ接続枚数計算ツール!$B$119:$P$149,12,FALSE),0,1) -> 0 | H8: =ROUNDDOWN((高温電圧!H8*高温電圧!H$2-VLOOKUP(HUAWEI製ＰＣＳ接続枚数計算ツール!$C$9, HUAWEI製ＰＣＳ接続枚数計算ツール!$B$119:$P$149,12,FALSE))/VLOOKUP(HUAWEI製ＰＣＳ接続枚数計算ツール!$C$9, HUAWEI製ＰＣＳ接続枚数計算ツール!$B$119:$P$149,13,FALSE)+VLOOKUP(HUAWEI製ＰＣＳ接続枚数計算ツール!$C$9, HUAWEI製ＰＣＳ接続枚数計算ツール!$B$119:$P$149,14,FALSE),0)/100*IF(高温電圧!H8*高温電圧!H$2<VLOOKUP(HUAWEI製ＰＣＳ接続枚数計算ツール!$C$9, HUAWEI製ＰＣＳ接続枚数計算ツール!$B$119:$P$149,12,FALSE),0,1) -> 0 | I8: =ROUNDDOWN((高温電圧!I8*高温電圧!I$2-VLOOKUP(HUAWEI製ＰＣＳ接続枚数計算ツール!$C$9, HUAWEI製ＰＣＳ接続枚数計算ツール!$B$119:$P$149,12,FALSE))/VLOOKUP(HUAWEI製ＰＣＳ接続枚数計算ツール!$C$9, HUAWEI製ＰＣＳ接続枚数計算ツール!$B$119:$P$149,13,FALSE)+VLOOKUP(HUAWEI製ＰＣＳ接続枚数計算ツール!$C$9, HUAWEI製ＰＣＳ接続枚数計算ツール!$B$119:$P$149,14,FALSE),0)/100*IF(高温電圧!I8*高温電圧!I$2<VLOOKUP(HUAWEI製ＰＣＳ接続枚数計算ツール!$C$9, HUAWEI製ＰＣＳ接続枚数計算ツール!$B$119:$P$149,12,FALSE),0,1) -> 0 | ... AO8: =ROUNDDOWN((高温電圧!AO8*高温電圧!AO$2-VLOOKUP(HUAWEI製ＰＣＳ接続枚数計算ツール!$C$9, HUAWEI製ＰＣＳ接続枚数計算ツール!$B$119:$P$149,12,FALSE))/VLOOKUP(HUAWEI製ＰＣＳ接続枚数計算ツール!$C$9, HUAWEI製ＰＣＳ接続枚数計算ツール!$B$119:$P$149,13,FALSE)+VLOOKUP(HUAWEI製ＰＣＳ接続枚数計算ツール!$C$9, HUAWEI製ＰＣＳ接続枚数計算ツール!$B$119:$P$149,14,FALSE),0)/100*IF(高温電圧!AO8*高温電圧!AO$2<VLOOKUP(HUAWEI製ＰＣＳ接続枚数計算ツール!$C$9, HUAWEI製ＰＣＳ接続枚数計算ツール!$B$119:$P$149,12,FALSE),0,1) -> 2.29
A9: 7 | B9: =ROUNDDOWN((高温電圧!B9*高温電圧!B$2-VLOOKUP(HUAWEI製ＰＣＳ接続枚数計算ツール!$C$9, HUAWEI製ＰＣＳ接続枚数計算ツール!$B$119:$P$149,12,FALSE))/VLOOKUP(HUAWEI製ＰＣＳ接続枚数計算ツール!$C$9, HUAWEI製ＰＣＳ接続枚数計算ツール!$B$119:$P$149,13,FALSE)+VLOOKUP(HUAWEI製ＰＣＳ接続枚数計算ツール!$C$9, HUAWEI製ＰＣＳ接続枚数計算ツール!$B$119:$P$149,14,FALSE),0)/100*IF(高温電圧!B9*高温電圧!B$2<VLOOKUP(HUAWEI製ＰＣＳ接続枚数計算ツール!$C$9, HUAWEI製ＰＣＳ接続枚数計算ツール!$B$119:$P$149,12,FALSE),0,1) -> 0 | C9: =ROUNDDOWN((高温電圧!C9*高温電圧!C$2-VLOOKUP(HUAWEI製ＰＣＳ接続枚数計算ツール!$C$9, HUAWEI製ＰＣＳ接続枚数計算ツール!$B$119:$P$149,12,FALSE))/VLOOKUP(HUAWEI製ＰＣＳ接続枚数計算ツール!$C$9, HUAWEI製ＰＣＳ接続枚数計算ツール!$B$119:$P$149,13,FALSE)+VLOOKUP(HUAWEI製ＰＣＳ接続枚数計算ツール!$C$9, HUAWEI製ＰＣＳ接続枚数計算ツール!$B$119:$P$149,14,FALSE),0)/100*IF(高温電圧!C9*高温電圧!C$2<VLOOKUP(HUAWEI製ＰＣＳ接続枚数計算ツール!$C$9, HUAWEI製ＰＣＳ接続枚数計算ツール!$B$119:$P$149,12,FALSE),0,1) -> 0 | D9: =ROUNDDOWN((高温電圧!D9*高温電圧!D$2-VLOOKUP(HUAWEI製ＰＣＳ接続枚数計算ツール!$C$9, HUAWEI製ＰＣＳ接続枚数計算ツール!$B$119:$P$149,12,FALSE))/VLOOKUP(HUAWEI製ＰＣＳ接続枚数計算ツール!$C$9, HUAWEI製ＰＣＳ接続枚数計算ツール!$B$119:$P$149,13,FALSE)+VLOOKUP(HUAWEI製ＰＣＳ接続枚数計算ツール!$C$9, HUAWEI製ＰＣＳ接続枚数計算ツール!$B$119:$P$149,14,FALSE),0)/100*IF(高温電圧!D9*高温電圧!D$2<VLOOKUP(HUAWEI製ＰＣＳ接続枚数計算ツール!$C$9, HUAWEI製ＰＣＳ接続枚数計算ツール!$B$119:$P$149,12,FALSE),0,1) -> 0 | E9: =ROUNDDOWN((高温電圧!E9*高温電圧!E$2-VLOOKUP(HUAWEI製ＰＣＳ接続枚数計算ツール!$C$9, HUAWEI製ＰＣＳ接続枚数計算ツール!$B$119:$P$149,12,FALSE))/VLOOKUP(HUAWEI製ＰＣＳ接続枚数計算ツール!$C$9, HUAWEI製ＰＣＳ接続枚数計算ツール!$B$119:$P$149,13,FALSE)+VLOOKUP(HUAWEI製ＰＣＳ接続枚数計算ツール!$C$9, HUAWEI製ＰＣＳ接続枚数計算ツール!$B$119:$P$149,14,FALSE),0)/100*IF(高温電圧!E9*高温電圧!E$2<VLOOKUP(HUAWEI製ＰＣＳ接続枚数計算ツール!$C$9, HUAWEI製ＰＣＳ接続枚数計算ツール!$B$119:$P$149,12,FALSE),0,1) -> 0 | F9: =ROUNDDOWN((高温電圧!F9*高温電圧!F$2-VLOOKUP(HUAWEI製ＰＣＳ接続枚数計算ツール!$C$9, HUAWEI製ＰＣＳ接続枚数計算ツール!$B$119:$P$149,12,FALSE))/VLOOKUP(HUAWEI製ＰＣＳ接続枚数計算ツール!$C$9, HUAWEI製ＰＣＳ接続枚数計算ツール!$B$119:$P$149,13,FALSE)+VLOOKUP(HUAWEI製ＰＣＳ接続枚数計算ツール!$C$9, HUAWEI製ＰＣＳ接続枚数計算ツール!$B$119:$P$149,14,FALSE),0)/100*IF(高温電圧!F9*高温電圧!F$2<VLOOKUP(HUAWEI製ＰＣＳ接続枚数計算ツール!$C$9, HUAWEI製ＰＣＳ接続枚数計算ツール!$B$119:$P$149,12,FALSE),0,1) -> 0 | G9: =ROUNDDOWN((高温電圧!G9*高温電圧!G$2-VLOOKUP(HUAWEI製ＰＣＳ接続枚数計算ツール!$C$9, HUAWEI製ＰＣＳ接続枚数計算ツール!$B$119:$P$149,12,FALSE))/VLOOKUP(HUAWEI製ＰＣＳ接続枚数計算ツール!$C$9, HUAWEI製ＰＣＳ接続枚数計算ツール!$B$119:$P$149,13,FALSE)+VLOOKUP(HUAWEI製ＰＣＳ接続枚数計算ツール!$C$9, HUAWEI製ＰＣＳ接続枚数計算ツール!$B$119:$P$149,14,FALSE),0)/100*IF(高温電圧!G9*高温電圧!G$2<VLOOKUP(HUAWEI製ＰＣＳ接続枚数計算ツール!$C$9, HUAWEI製ＰＣＳ接続枚数計算ツール!$B$119:$P$149,12,FALSE),0,1) -> 0 | H9: =ROUNDDOWN((高温電圧!H9*高温電圧!H$2-VLOOKUP(HUAWEI製ＰＣＳ接続枚数計算ツール!$C$9, HUAWEI製ＰＣＳ接続枚数計算ツール!$B$119:$P$149,12,FALSE))/VLOOKUP(HUAWEI製ＰＣＳ接続枚数計算ツール!$C$9, HUAWEI製ＰＣＳ接続枚数計算ツール!$B$119:$P$149,13,FALSE)+VLOOKUP(HUAWEI製ＰＣＳ接続枚数計算ツール!$C$9, HUAWEI製ＰＣＳ接続枚数計算ツール!$B$119:$P$149,14,FALSE),0)/100*IF(高温電圧!H9*高温電圧!H$2<VLOOKUP(HUAWEI製ＰＣＳ接続枚数計算ツール!$C$9, HUAWEI製ＰＣＳ接続枚数計算ツール!$B$119:$P$149,12,FALSE),0,1) -> 0 | I9: =ROUNDDOWN((高温電圧!I9*高温電圧!I$2-VLOOKUP(HUAWEI製ＰＣＳ接続枚数計算ツール!$C$9, HUAWEI製ＰＣＳ接続枚数計算ツール!$B$119:$P$149,12,FALSE))/VLOOKUP(HUAWEI製ＰＣＳ接続枚数計算ツール!$C$9, HUAWEI製ＰＣＳ接続枚数計算ツール!$B$119:$P$149,13,FALSE)+VLOOKUP(HUAWEI製ＰＣＳ接続枚数計算ツール!$C$9, HUAWEI製ＰＣＳ接続枚数計算ツール!$B$119:$P$149,14,FALSE),0)/100*IF(高温電圧!I9*高温電圧!I$2<VLOOKUP(HUAWEI製ＰＣＳ接続枚数計算ツール!$C$9, HUAWEI製ＰＣＳ接続枚数計算ツール!$B$119:$P$149,12,FALSE),0,1) -> 0 | ... AO9: =ROUNDDOWN((高温電圧!AO9*高温電圧!AO$2-VLOOKUP(HUAWEI製ＰＣＳ接続枚数計算ツール!$C$9, HUAWEI製ＰＣＳ接続枚数計算ツール!$B$119:$P$149,12,FALSE))/VLOOKUP(HUAWEI製ＰＣＳ接続枚数計算ツール!$C$9, HUAWEI製ＰＣＳ接続枚数計算ツール!$B$119:$P$149,13,FALSE)+VLOOKUP(HUAWEI製ＰＣＳ接続枚数計算ツール!$C$9, HUAWEI製ＰＣＳ接続枚数計算ツール!$B$119:$P$149,14,FALSE),0)/100*IF(高温電圧!AO9*高温電圧!AO$2<VLOOKUP(HUAWEI製ＰＣＳ接続枚数計算ツール!$C$9, HUAWEI製ＰＣＳ接続枚数計算ツール!$B$119:$P$149,12,FALSE),0,1) -> 2.36
A10: 8 | B10: =ROUNDDOWN((高温電圧!B10*高温電圧!B$2-VLOOKUP(HUAWEI製ＰＣＳ接続枚数計算ツール!$C$9, HUAWEI製ＰＣＳ接続枚数計算ツール!$B$119:$P$149,12,FALSE))/VLOOKUP(HUAWEI製ＰＣＳ接続枚数計算ツール!$C$9, HUAWEI製ＰＣＳ接続枚数計算ツール!$B$119:$P$149,13,FALSE)+VLOOKUP(HUAWEI製ＰＣＳ接続枚数計算ツール!$C$9, HUAWEI製ＰＣＳ接続枚数計算ツール!$B$119:$P$149,14,FALSE),0)/100*IF(高温電圧!B10*高温電圧!B$2<VLOOKUP(HUAWEI製ＰＣＳ接続枚数計算ツール!$C$9, HUAWEI製ＰＣＳ接続枚数計算ツール!$B$119:$P$149,12,FALSE),0,1) -> 0 | C10: =ROUNDDOWN((高温電圧!C10*高温電圧!C$2-VLOOKUP(HUAWEI製ＰＣＳ接続枚数計算ツール!$C$9, HUAWEI製ＰＣＳ接続枚数計算ツール!$B$119:$P$149,12,FALSE))/VLOOKUP(HUAWEI製ＰＣＳ接続枚数計算ツール!$C$9, HUAWEI製ＰＣＳ接続枚数計算ツール!$B$119:$P$149,13,FALSE)+VLOOKUP(HUAWEI製ＰＣＳ接続枚数計算ツール!$C$9, HUAWEI製ＰＣＳ接続枚数計算ツール!$B$119:$P$149,14,FALSE),0)/100*IF(高温電圧!C10*高温電圧!C$2<VLOOKUP(HUAWEI製ＰＣＳ接続枚数計算ツール!$C$9, HUAWEI製ＰＣＳ接続枚数計算ツール!$B$119:$P$149,12,FALSE),0,1) -> 0 | D10: =ROUNDDOWN((高温電圧!D10*高温電圧!D$2-VLOOKUP(HUAWEI製ＰＣＳ接続枚数計算ツール!$C$9, HUAWEI製ＰＣＳ接続枚数計算ツール!$B$119:$P$149,12,FALSE))/VLOOKUP(HUAWEI製ＰＣＳ接続枚数計算ツール!$C$9, HUAWEI製ＰＣＳ接続枚数計算ツール!$B$119:$P$149,13,FALSE)+VLOOKUP(HUAWEI製ＰＣＳ接続枚数計算ツール!$C$9, HUAWEI製ＰＣＳ接続枚数計算ツール!$B$119:$P$149,14,FALSE),0)/100*IF(高温電圧!D10*高温電圧!D$2<VLOOKUP(HUAWEI製ＰＣＳ接続枚数計算ツール!$C$9, HUAWEI製ＰＣＳ接続枚数計算ツール!$B$119:$P$149,12,FALSE),0,1) -> 0 | E10: =ROUNDDOWN((高温電圧!E10*高温電圧!E$2-VLOOKUP(HUAWEI製ＰＣＳ接続枚数計算ツール!$C$9, HUAWEI製ＰＣＳ接続枚数計算ツール!$B$119:$P$149,12,FALSE))/VLOOKUP(HUAWEI製ＰＣＳ接続枚数計算ツール!$C$9, HUAWEI製ＰＣＳ接続枚数計算ツール!$B$119:$P$149,13,FALSE)+VLOOKUP(HUAWEI製ＰＣＳ接続枚数計算ツール!$C$9, HUAWEI製ＰＣＳ接続枚数計算ツール!$B$119:$P$149,14,FALSE),0)/100*IF(高温電圧!E10*高温電圧!E$2<VLOOKUP(HUAWEI製ＰＣＳ接続枚数計算ツール!$C$9, HUAWEI製ＰＣＳ接続枚数計算ツール!$B$119:$P$149,12,FALSE),0,1) -> 0 | F10: =ROUNDDOWN((高温電圧!F10*高温電圧!F$2-VLOOKUP(HUAWEI製ＰＣＳ接続枚数計算ツール!$C$9, HUAWEI製ＰＣＳ接続枚数計算ツール!$B$119:$P$149,12,FALSE))/VLOOKUP(HUAWEI製ＰＣＳ接続枚数計算ツール!$C$9, HUAWEI製ＰＣＳ接続枚数計算ツール!$B$119:$P$149,13,FALSE)+VLOOKUP(HUAWEI製ＰＣＳ接続枚数計算ツール!$C$9, HUAWEI製ＰＣＳ接続枚数計算ツール!$B$119:$P$149,14,FALSE),0)/100*IF(高温電圧!F10*高温電圧!F$2<VLOOKUP(HUAWEI製ＰＣＳ接続枚数計算ツール!$C$9, HUAWEI製ＰＣＳ接続枚数計算ツール!$B$119:$P$149,12,FALSE),0,1) -> 0 | G10: =ROUNDDOWN((高温電圧!G10*高温電圧!G$2-VLOOKUP(HUAWEI製ＰＣＳ接続枚数計算ツール!$C$9, HUAWEI製ＰＣＳ接続枚数計算ツール!$B$119:$P$149,12,FALSE))/VLOOKUP(HUAWEI製ＰＣＳ接続枚数計算ツール!$C$9, HUAWEI製ＰＣＳ接続枚数計算ツール!$B$119:$P$149,13,FALSE)+VLOOKUP(HUAWEI製ＰＣＳ接続枚数計算ツール!$C$9, HUAWEI製ＰＣＳ接続枚数計算ツール!$B$119:$P$149,14,FALSE),0)/100*IF(高温電圧!G10*高温電圧!G$2<VLOOKUP(HUAWEI製ＰＣＳ接続枚数計算ツール!$C$9, HUAWEI製ＰＣＳ接続枚数計算ツール!$B$119:$P$149,12,FALSE),0,1) -> 0 | H10: =ROUNDDOWN((高温電圧!H10*高温電圧!H$2-VLOOKUP(HUAWEI製ＰＣＳ接続枚数計算ツール!$C$9, HUAWEI製ＰＣＳ接続枚数計算ツール!$B$119:$P$149,12,FALSE))/VLOOKUP(HUAWEI製ＰＣＳ接続枚数計算ツール!$C$9, HUAWEI製ＰＣＳ接続枚数計算ツール!$B$119:$P$149,13,FALSE)+VLOOKUP(HUAWEI製ＰＣＳ接続枚数計算ツール!$C$9, HUAWEI製ＰＣＳ接続枚数計算ツール!$B$119:$P$149,14,FALSE),0)/100*IF(高温電圧!H10*高温電圧!H$2<VLOOKUP(HUAWEI製ＰＣＳ接続枚数計算ツール!$C$9, HUAWEI製ＰＣＳ接続枚数計算ツール!$B$119:$P$149,12,FALSE),0,1) -> 0 | I10: =ROUNDDOWN((高温電圧!I10*高温電圧!I$2-VLOOKUP(HUAWEI製ＰＣＳ接続枚数計算ツール!$C$9, HUAWEI製ＰＣＳ接続枚数計算ツール!$B$119:$P$149,12,FALSE))/VLOOKUP(HUAWEI製ＰＣＳ接続枚数計算ツール!$C$9, HUAWEI製ＰＣＳ接続枚数計算ツール!$B$119:$P$149,13,FALSE)+VLOOKUP(HUAWEI製ＰＣＳ接続枚数計算ツール!$C$9, HUAWEI製ＰＣＳ接続枚数計算ツール!$B$119:$P$149,14,FALSE),0)/100*IF(高温電圧!I10*高温電圧!I$2<VLOOKUP(HUAWEI製ＰＣＳ接続枚数計算ツール!$C$9, HUAWEI製ＰＣＳ接続枚数計算ツール!$B$119:$P$149,12,FALSE),0,1) -> 0 | ... AO10: =ROUNDDOWN((高温電圧!AO10*高温電圧!AO$2-VLOOKUP(HUAWEI製ＰＣＳ接続枚数計算ツール!$C$9, HUAWEI製ＰＣＳ接続枚数計算ツール!$B$119:$P$149,12,FALSE))/VLOOKUP(HUAWEI製ＰＣＳ接続枚数計算ツール!$C$9, HUAWEI製ＰＣＳ接続枚数計算ツール!$B$119:$P$149,13,FALSE)+VLOOKUP(HUAWEI製ＰＣＳ接続枚数計算ツール!$C$9, HUAWEI製ＰＣＳ接続枚数計算ツール!$B$119:$P$149,14,FALSE),0)/100*IF(高温電圧!AO10*高温電圧!AO$2<VLOOKUP(HUAWEI製ＰＣＳ接続枚数計算ツール!$C$9, HUAWEI製ＰＣＳ接続枚数計算ツール!$B$119:$P$149,12,FALSE),0,1) -> 2.4
A11: 9 | B11: =ROUNDDOWN((高温電圧!B11*高温電圧!B$2-VLOOKUP(HUAWEI製ＰＣＳ接続枚数計算ツール!$C$9, HUAWEI製ＰＣＳ接続枚数計算ツール!$B$119:$P$149,12,FALSE))/VLOOKUP(HUAWEI製ＰＣＳ接続枚数計算ツール!$C$9, HUAWEI製ＰＣＳ接続枚数計算ツール!$B$119:$P$149,13,FALSE)+VLOOKUP(HUAWEI製ＰＣＳ接続枚数計算ツール!$C$9, HUAWEI製ＰＣＳ接続枚数計算ツール!$B$119:$P$149,14,FALSE),0)/100*IF(高温電圧!B11*高温電圧!B$2<VLOOKUP(HUAWEI製ＰＣＳ接続枚数計算ツール!$C$9, HUAWEI製ＰＣＳ接続枚数計算ツール!$B$119:$P$149,12,FALSE),0,1) -> 0 | C11: =ROUNDDOWN((高温電圧!C11*高温電圧!C$2-VLOOKUP(HUAWEI製ＰＣＳ接続枚数計算ツール!$C$9, HUAWEI製ＰＣＳ接続枚数計算ツール!$B$119:$P$149,12,FALSE))/VLOOKUP(HUAWEI製ＰＣＳ接続枚数計算ツール!$C$9, HUAWEI製ＰＣＳ接続枚数計算ツール!$B$119:$P$149,13,FALSE)+VLOOKUP(HUAWEI製ＰＣＳ接続枚数計算ツール!$C$9, HUAWEI製ＰＣＳ接続枚数計算ツール!$B$119:$P$149,14,FALSE),0)/100*IF(高温電圧!C11*高温電圧!C$2<VLOOKUP(HUAWEI製ＰＣＳ接続枚数計算ツール!$C$9, HUAWEI製ＰＣＳ接続枚数計算ツール!$B$119:$P$149,12,FALSE),0,1) -> 0 | D11: =ROUNDDOWN((高温電圧!D11*高温電圧!D$2-VLOOKUP(HUAWEI製ＰＣＳ接続枚数計算ツール!$C$9, HUAWEI製ＰＣＳ接続枚数計算ツール!$B$119:$P$149,12,FALSE))/VLOOKUP(HUAWEI製ＰＣＳ接続枚数計算ツール!$C$9, HUAWEI製ＰＣＳ接続枚数計算ツール!$B$119:$P$149,13,FALSE)+VLOOKUP(HUAWEI製ＰＣＳ接続枚数計算ツール!$C$9, HUAWEI製ＰＣＳ接続枚数計算ツール!$B$119:$P$149,14,FALSE),0)/100*IF(高温電圧!D11*高温電圧!D$2<VLOOKUP(HUAWEI製ＰＣＳ接続枚数計算ツール!$C$9, HUAWEI製ＰＣＳ接続枚数計算ツール!$B$119:$P$149,12,FALSE),0,1) -> 0 | E11: =ROUNDDOWN((高温電圧!E11*高温電圧!E$2-VLOOKUP(HUAWEI製ＰＣＳ接続枚数計算ツール!$C$9, HUAWEI製ＰＣＳ接続枚数計算ツール!$B$119:$P$149,12,FALSE))/VLOOKUP(HUAWEI製ＰＣＳ接続枚数計算ツール!$C$9, HUAWEI製ＰＣＳ接続枚数計算ツール!$B$119:$P$149,13,FALSE)+VLOOKUP(HUAWEI製ＰＣＳ接続枚数計算ツール!$C$9, HUAWEI製ＰＣＳ接続枚数計算ツール!$B$119:$P$149,14,FALSE),0)/100*IF(高温電圧!E11*高温電圧!E$2<VLOOKUP(HUAWEI製ＰＣＳ接続枚数計算ツール!$C$9, HUAWEI製ＰＣＳ接続枚数計算ツール!$B$119:$P$149,12,FALSE),0,1) -> 0 | F11: =ROUNDDOWN((高温電圧!F11*高温電圧!F$2-VLOOKUP(HUAWEI製ＰＣＳ接続枚数計算ツール!$C$9, HUAWEI製ＰＣＳ接続枚数計算ツール!$B$119:$P$149,12,FALSE))/VLOOKUP(HUAWEI製ＰＣＳ接続枚数計算ツール!$C$9, HUAWEI製ＰＣＳ接続枚数計算ツール!$B$119:$P$149,13,FALSE)+VLOOKUP(HUAWEI製ＰＣＳ接続枚数計算ツール!$C$9, HUAWEI製ＰＣＳ接続枚数計算ツール!$B$119:$P$149,14,FALSE),0)/100*IF(高温電圧!F11*高温電圧!F$2<VLOOKUP(HUAWEI製ＰＣＳ接続枚数計算ツール!$C$9, HUAWEI製ＰＣＳ接続枚数計算ツール!$B$119:$P$149,12,FALSE),0,1) -> 0 | G11: =ROUNDDOWN((高温電圧!G11*高温電圧!G$2-VLOOKUP(HUAWEI製ＰＣＳ接続枚数計算ツール!$C$9, HUAWEI製ＰＣＳ接続枚数計算ツール!$B$119:$P$149,12,FALSE))/VLOOKUP(HUAWEI製ＰＣＳ接続枚数計算ツール!$C$9, HUAWEI製ＰＣＳ接続枚数計算ツール!$B$119:$P$149,13,FALSE)+VLOOKUP(HUAWEI製ＰＣＳ接続枚数計算ツール!$C$9, HUAWEI製ＰＣＳ接続枚数計算ツール!$B$119:$P$149,14,FALSE),0)/100*IF(高温電圧!G11*高温電圧!G$2<VLOOKUP(HUAWEI製ＰＣＳ接続枚数計算ツール!$C$9, HUAWEI製ＰＣＳ接続枚数計算ツール!$B$119:$P$149,12,FALSE),0,1) -> 0 | H11: =ROUNDDOWN((高温電圧!H11*高温電圧!H$2-VLOOKUP(HUAWEI製ＰＣＳ接続枚数計算ツール!$C$9, HUAWEI製ＰＣＳ接続枚数計算ツール!$B$119:$P$149,12,FALSE))/VLOOKUP(HUAWEI製ＰＣＳ接続枚数計算ツール!$C$9, HUAWEI製ＰＣＳ接続枚数計算ツール!$B$119:$P$149,13,FALSE)+VLOOKUP(HUAWEI製ＰＣＳ接続枚数計算ツール!$C$9, HUAWEI製ＰＣＳ接続枚数計算ツール!$B$119:$P$149,14,FALSE),0)/100*IF(高温電圧!H11*高温電圧!H$2<VLOOKUP(HUAWEI製ＰＣＳ接続枚数計算ツール!$C$9, HUAWEI製ＰＣＳ接続枚数計算ツール!$B$119:$P$149,12,FALSE),0,1) -> 0 | I11: =ROUNDDOWN((高温電圧!I11*高温電圧!I$2-VLOOKUP(HUAWEI製ＰＣＳ接続枚数計算ツール!$C$9, HUAWEI製ＰＣＳ接続枚数計算ツール!$B$119:$P$149,12,FALSE))/VLOOKUP(HUAWEI製ＰＣＳ接続枚数計算ツール!$C$9, HUAWEI製ＰＣＳ接続枚数計算ツール!$B$119:$P$149,13,FALSE)+VLOOKUP(HUAWEI製ＰＣＳ接続枚数計算ツール!$C$9, HUAWEI製ＰＣＳ接続枚数計算ツール!$B$119:$P$149,14,FALSE),0)/100*IF(高温電圧!I11*高温電圧!I$2<VLOOKUP(HUAWEI製ＰＣＳ接続枚数計算ツール!$C$9, HUAWEI製ＰＣＳ接続枚数計算ツール!$B$119:$P$149,12,FALSE),0,1) -> 0 | ... AO11: =ROUNDDOWN((高温電圧!AO11*高温電圧!AO$2-VLOOKUP(HUAWEI製ＰＣＳ接続枚数計算ツール!$C$9, HUAWEI製ＰＣＳ接続枚数計算ツール!$B$119:$P$149,12,FALSE))/VLOOKUP(HUAWEI製ＰＣＳ接続枚数計算ツール!$C$9, HUAWEI製ＰＣＳ接続枚数計算ツール!$B$119:$P$149,13,FALSE)+VLOOKUP(HUAWEI製ＰＣＳ接続枚数計算ツール!$C$9, HUAWEI製ＰＣＳ接続枚数計算ツール!$B$119:$P$149,14,FALSE),0)/100*IF(高温電圧!AO11*高温電圧!AO$2<VLOOKUP(HUAWEI製ＰＣＳ接続枚数計算ツール!$C$9, HUAWEI製ＰＣＳ接続枚数計算ツール!$B$119:$P$149,12,FALSE),0,1) -> 2.42
A12: 10 | B12: =ROUNDDOWN((高温電圧!B12*高温電圧!B$2-VLOOKUP(HUAWEI製ＰＣＳ接続枚数計算ツール!$C$9, HUAWEI製ＰＣＳ接続枚数計算ツール!$B$119:$P$149,12,FALSE))/VLOOKUP(HUAWEI製ＰＣＳ接続枚数計算ツール!$C$9, HUAWEI製ＰＣＳ接続枚数計算ツール!$B$119:$P$149,13,FALSE)+VLOOKUP(HUAWEI製ＰＣＳ接続枚数計算ツール!$C$9, HUAWEI製ＰＣＳ接続枚数計算ツール!$B$119:$P$149,14,FALSE),0)/100*IF(高温電圧!B12*高温電圧!B$2<VLOOKUP(HUAWEI製ＰＣＳ接続枚数計算ツール!$C$9, HUAWEI製ＰＣＳ接続枚数計算ツール!$B$119:$P$149,12,FALSE),0,1) -> 0 | C12: =ROUNDDOWN((高温電圧!C12*高温電圧!C$2-VLOOKUP(HUAWEI製ＰＣＳ接続枚数計算ツール!$C$9, HUAWEI製ＰＣＳ接続枚数計算ツール!$B$119:$P$149,12,FALSE))/VLOOKUP(HUAWEI製ＰＣＳ接続枚数計算ツール!$C$9, HUAWEI製ＰＣＳ接続枚数計算ツール!$B$119:$P$149,13,FALSE)+VLOOKUP(HUAWEI製ＰＣＳ接続枚数計算ツール!$C$9, HUAWEI製ＰＣＳ接続枚数計算ツール!$B$119:$P$149,14,FALSE),0)/100*IF(高温電圧!C12*高温電圧!C$2<VLOOKUP(HUAWEI製ＰＣＳ接続枚数計算ツール!$C$9, HUAWEI製ＰＣＳ接続枚数計算ツール!$B$119:$P$149,12,FALSE),0,1) -> 0 | D12: =ROUNDDOWN((高温電圧!D12*高温電圧!D$2-VLOOKUP(HUAWEI製ＰＣＳ接続枚数計算ツール!$C$9, HUAWEI製ＰＣＳ接続枚数計算ツール!$B$119:$P$149,12,FALSE))/VLOOKUP(HUAWEI製ＰＣＳ接続枚数計算ツール!$C$9, HUAWEI製ＰＣＳ接続枚数計算ツール!$B$119:$P$149,13,FALSE)+VLOOKUP(HUAWEI製ＰＣＳ接続枚数計算ツール!$C$9, HUAWEI製ＰＣＳ接続枚数計算ツール!$B$119:$P$149,14,FALSE),0)/100*IF(高温電圧!D12*高温電圧!D$2<VLOOKUP(HUAWEI製ＰＣＳ接続枚数計算ツール!$C$9, HUAWEI製ＰＣＳ接続枚数計算ツール!$B$119:$P$149,12,FALSE),0,1) -> 0 | E12: =ROUNDDOWN((高温電圧!E12*高温電圧!E$2-VLOOKUP(HUAWEI製ＰＣＳ接続枚数計算ツール!$C$9, HUAWEI製ＰＣＳ接続枚数計算ツール!$B$119:$P$149,12,FALSE))/VLOOKUP(HUAWEI製ＰＣＳ接続枚数計算ツール!$C$9, HUAWEI製ＰＣＳ接続枚数計算ツール!$B$119:$P$149,13,FALSE)+VLOOKUP(HUAWEI製ＰＣＳ接続枚数計算ツール!$C$9, HUAWEI製ＰＣＳ接続枚数計算ツール!$B$119:$P$149,14,FALSE),0)/100*IF(高温電圧!E12*高温電圧!E$2<VLOOKUP(HUAWEI製ＰＣＳ接続枚数計算ツール!$C$9, HUAWEI製ＰＣＳ接続枚数計算ツール!$B$119:$P$149,12,FALSE),0,1) -> 0 | F12: =ROUNDDOWN((高温電圧!F12*高温電圧!F$2-VLOOKUP(HUAWEI製ＰＣＳ接続枚数計算ツール!$C$9, HUAWEI製ＰＣＳ接続枚数計算ツール!$B$119:$P$149,12,FALSE))/VLOOKUP(HUAWEI製ＰＣＳ接続枚数計算ツール!$C$9, HUAWEI製ＰＣＳ接続枚数計算ツール!$B$119:$P$149,13,FALSE)+VLOOKUP(HUAWEI製ＰＣＳ接続枚数計算ツール!$C$9, HUAWEI製ＰＣＳ接続枚数計算ツール!$B$119:$P$149,14,FALSE),0)/100*IF(高温電圧!F12*高温電圧!F$2<VLOOKUP(HUAWEI製ＰＣＳ接続枚数計算ツール!$C$9, HUAWEI製ＰＣＳ接続枚数計算ツール!$B$119:$P$149,12,FALSE),0,1) -> 0 | G12: =ROUNDDOWN((高温電圧!G12*高温電圧!G$2-VLOOKUP(HUAWEI製ＰＣＳ接続枚数計算ツール!$C$9, HUAWEI製ＰＣＳ接続枚数計算ツール!$B$119:$P$149,12,FALSE))/VLOOKUP(HUAWEI製ＰＣＳ接続枚数計算ツール!$C$9, HUAWEI製ＰＣＳ接続枚数計算ツール!$B$119:$P$149,13,FALSE)+VLOOKUP(HUAWEI製ＰＣＳ接続枚数計算ツール!$C$9, HUAWEI製ＰＣＳ接続枚数計算ツール!$B$119:$P$149,14,FALSE),0)/100*IF(高温電圧!G12*高温電圧!G$2<VLOOKUP(HUAWEI製ＰＣＳ接続枚数計算ツール!$C$9, HUAWEI製ＰＣＳ接続枚数計算ツール!$B$119:$P$149,12,FALSE),0,1) -> 0 | H12: =ROUNDDOWN((高温電圧!H12*高温電圧!H$2-VLOOKUP(HUAWEI製ＰＣＳ接続枚数計算ツール!$C$9, HUAWEI製ＰＣＳ接続枚数計算ツール!$B$119:$P$149,12,FALSE))/VLOOKUP(HUAWEI製ＰＣＳ接続枚数計算ツール!$C$9, HUAWEI製ＰＣＳ接続枚数計算ツール!$B$119:$P$149,13,FALSE)+VLOOKUP(HUAWEI製ＰＣＳ接続枚数計算ツール!$C$9, HUAWEI製ＰＣＳ接続枚数計算ツール!$B$119:$P$149,14,FALSE),0)/100*IF(高温電圧!H12*高温電圧!H$2<VLOOKUP(HUAWEI製ＰＣＳ接続枚数計算ツール!$C$9, HUAWEI製ＰＣＳ接続枚数計算ツール!$B$119:$P$149,12,FALSE),0,1) -> 0 | I12: =ROUNDDOWN((高温電圧!I12*高温電圧!I$2-VLOOKUP(HUAWEI製ＰＣＳ接続枚数計算ツール!$C$9, HUAWEI製ＰＣＳ接続枚数計算ツール!$B$119:$P$149,12,FALSE))/VLOOKUP(HUAWEI製ＰＣＳ接続枚数計算ツール!$C$9, HUAWEI製ＰＣＳ接続枚数計算ツール!$B$119:$P$149,13,FALSE)+VLOOKUP(HUAWEI製ＰＣＳ接続枚数計算ツール!$C$9, HUAWEI製ＰＣＳ接続枚数計算ツール!$B$119:$P$149,14,FALSE),0)/100*IF(高温電圧!I12*高温電圧!I$2<VLOOKUP(HUAWEI製ＰＣＳ接続枚数計算ツール!$C$9, HUAWEI製ＰＣＳ接続枚数計算ツール!$B$119:$P$149,12,FALSE),0,1) -> 0 | ... AO12: =ROUNDDOWN((高温電圧!AO12*高温電圧!AO$2-VLOOKUP(HUAWEI製ＰＣＳ接続枚数計算ツール!$C$9, HUAWEI製ＰＣＳ接続枚数計算ツール!$B$119:$P$149,12,FALSE))/VLOOKUP(HUAWEI製ＰＣＳ接続枚数計算ツール!$C$9, HUAWEI製ＰＣＳ接続枚数計算ツール!$B$119:$P$149,13,FALSE)+VLOOKUP(HUAWEI製ＰＣＳ接続枚数計算ツール!$C$9, HUAWEI製ＰＣＳ接続枚数計算ツール!$B$119:$P$149,14,FALSE),0)/100*IF(高温電圧!AO12*高温電圧!AO$2<VLOOKUP(HUAWEI製ＰＣＳ接続枚数計算ツール!$C$9, HUAWEI製ＰＣＳ接続枚数計算ツール!$B$119:$P$149,12,FALSE),0,1) -> 2.44
A13: 11 | B13: =ROUNDDOWN((高温電圧!B13*高温電圧!B$2-VLOOKUP(HUAWEI製ＰＣＳ接続枚数計算ツール!$C$9, HUAWEI製ＰＣＳ接続枚数計算ツール!$B$119:$P$149,12,FALSE))/VLOOKUP(HUAWEI製ＰＣＳ接続枚数計算ツール!$C$9, HUAWEI製ＰＣＳ接続枚数計算ツール!$B$119:$P$149,13,FALSE)+VLOOKUP(HUAWEI製ＰＣＳ接続枚数計算ツール!$C$9, HUAWEI製ＰＣＳ接続枚数計算ツール!$B$119:$P$149,14,FALSE),0)/100*IF(高温電圧!B13*高温電圧!B$2<VLOOKUP(HUAWEI製ＰＣＳ接続枚数計算ツール!$C$9, HUAWEI製ＰＣＳ接続枚数計算ツール!$B$119:$P$149,12,FALSE),0,1) -> 0 | C13: =ROUNDDOWN((高温電圧!C13*高温電圧!C$2-VLOOKUP(HUAWEI製ＰＣＳ接続枚数計算ツール!$C$9, HUAWEI製ＰＣＳ接続枚数計算ツール!$B$119:$P$149,12,FALSE))/VLOOKUP(HUAWEI製ＰＣＳ接続枚数計算ツール!$C$9, HUAWEI製ＰＣＳ接続枚数計算ツール!$B$119:$P$149,13,FALSE)+VLOOKUP(HUAWEI製ＰＣＳ接続枚数計算ツール!$C$9, HUAWEI製ＰＣＳ接続枚数計算ツール!$B$119:$P$149,14,FALSE),0)/100*IF(高温電圧!C13*高温電圧!C$2<VLOOKUP(HUAWEI製ＰＣＳ接続枚数計算ツール!$C$9, HUAWEI製ＰＣＳ接続枚数計算ツール!$B$119:$P$149,12,FALSE),0,1) -> 0 | D13: =ROUNDDOWN((高温電圧!D13*高温電圧!D$2-VLOOKUP(HUAWEI製ＰＣＳ接続枚数計算ツール!$C$9, HUAWEI製ＰＣＳ接続枚数計算ツール!$B$119:$P$149,12,FALSE))/VLOOKUP(HUAWEI製ＰＣＳ接続枚数計算ツール!$C$9, HUAWEI製ＰＣＳ接続枚数計算ツール!$B$119:$P$149,13,FALSE)+VLOOKUP(HUAWEI製ＰＣＳ接続枚数計算ツール!$C$9, HUAWEI製ＰＣＳ接続枚数計算ツール!$B$119:$P$149,14,FALSE),0)/100*IF(高温電圧!D13*高温電圧!D$2<VLOOKUP(HUAWEI製ＰＣＳ接続枚数計算ツール!$C$9, HUAWEI製ＰＣＳ接続枚数計算ツール!$B$119:$P$149,12,FALSE),0,1) -> 0 | E13: =ROUNDDOWN((高温電圧!E13*高温電圧!E$2-VLOOKUP(HUAWEI製ＰＣＳ接続枚数計算ツール!$C$9, HUAWEI製ＰＣＳ接続枚数計算ツール!$B$119:$P$149,12,FALSE))/VLOOKUP(HUAWEI製ＰＣＳ接続枚数計算ツール!$C$9, HUAWEI製ＰＣＳ接続枚数計算ツール!$B$119:$P$149,13,FALSE)+VLOOKUP(HUAWEI製ＰＣＳ接続枚数計算ツール!$C$9, HUAWEI製ＰＣＳ接続枚数計算ツール!$B$119:$P$149,14,FALSE),0)/100*IF(高温電圧!E13*高温電圧!E$2<VLOOKUP(HUAWEI製ＰＣＳ接続枚数計算ツール!$C$9, HUAWEI製ＰＣＳ接続枚数計算ツール!$B$119:$P$149,12,FALSE),0,1) -> 0 | F13: =ROUNDDOWN((高温電圧!F13*高温電圧!F$2-VLOOKUP(HUAWEI製ＰＣＳ接続枚数計算ツール!$C$9, HUAWEI製ＰＣＳ接続枚数計算ツール!$B$119:$P$149,12,FALSE))/VLOOKUP(HUAWEI製ＰＣＳ接続枚数計算ツール!$C$9, HUAWEI製ＰＣＳ接続枚数計算ツール!$B$119:$P$149,13,FALSE)+VLOOKUP(HUAWEI製ＰＣＳ接続枚数計算ツール!$C$9, HUAWEI製ＰＣＳ接続枚数計算ツール!$B$119:$P$149,14,FALSE),0)/100*IF(高温電圧!F13*高温電圧!F$2<VLOOKUP(HUAWEI製ＰＣＳ接続枚数計算ツール!$C$9, HUAWEI製ＰＣＳ接続枚数計算ツール!$B$119:$P$149,12,FALSE),0,1) -> 0 | G13: =ROUNDDOWN((高温電圧!G13*高温電圧!G$2-VLOOKUP(HUAWEI製ＰＣＳ接続枚数計算ツール!$C$9, HUAWEI製ＰＣＳ接続枚数計算ツール!$B$119:$P$149,12,FALSE))/VLOOKUP(HUAWEI製ＰＣＳ接続枚数計算ツール!$C$9, HUAWEI製ＰＣＳ接続枚数計算ツール!$B$119:$P$149,13,FALSE)+VLOOKUP(HUAWEI製ＰＣＳ接続枚数計算ツール!$C$9, HUAWEI製ＰＣＳ接続枚数計算ツール!$B$119:$P$149,14,FALSE),0)/100*IF(高温電圧!G13*高温電圧!G$2<VLOOKUP(HUAWEI製ＰＣＳ接続枚数計算ツール!$C$9, HUAWEI製ＰＣＳ接続枚数計算ツール!$B$119:$P$149,12,FALSE),0,1) -> 0 | H13: =ROUNDDOWN((高温電圧!H13*高温電圧!H$2-VLOOKUP(HUAWEI製ＰＣＳ接続枚数計算ツール!$C$9, HUAWEI製ＰＣＳ接続枚数計算ツール!$B$119:$P$149,12,FALSE))/VLOOKUP(HUAWEI製ＰＣＳ接続枚数計算ツール!$C$9, HUAWEI製ＰＣＳ接続枚数計算ツール!$B$119:$P$149,13,FALSE)+VLOOKUP(HUAWEI製ＰＣＳ接続枚数計算ツール!$C$9, HUAWEI製ＰＣＳ接続枚数計算ツール!$B$119:$P$149,14,FALSE),0)/100*IF(高温電圧!H13*高温電圧!H$2<VLOOKUP(HUAWEI製ＰＣＳ接続枚数計算ツール!$C$9, HUAWEI製ＰＣＳ接続枚数計算ツール!$B$119:$P$149,12,FALSE),0,1) -> 0 | I13: =ROUNDDOWN((高温電圧!I13*高温電圧!I$2-VLOOKUP(HUAWEI製ＰＣＳ接続枚数計算ツール!$C$9, HUAWEI製ＰＣＳ接続枚数計算ツール!$B$119:$P$149,12,FALSE))/VLOOKUP(HUAWEI製ＰＣＳ接続枚数計算ツール!$C$9, HUAWEI製ＰＣＳ接続枚数計算ツール!$B$119:$P$149,13,FALSE)+VLOOKUP(HUAWEI製ＰＣＳ接続枚数計算ツール!$C$9, HUAWEI製ＰＣＳ接続枚数計算ツール!$B$119:$P$149,14,FALSE),0)/100*IF(高温電圧!I13*高温電圧!I$2<VLOOKUP(HUAWEI製ＰＣＳ接続枚数計算ツール!$C$9, HUAWEI製ＰＣＳ接続枚数計算ツール!$B$119:$P$149,12,FALSE),0,1) -> 0 | ... AO13: =ROUNDDOWN((高温電圧!AO13*高温電圧!AO$2-VLOOKUP(HUAWEI製ＰＣＳ接続枚数計算ツール!$C$9, HUAWEI製ＰＣＳ接続枚数計算ツール!$B$119:$P$149,12,FALSE))/VLOOKUP(HUAWEI製ＰＣＳ接続枚数計算ツール!$C$9, HUAWEI製ＰＣＳ接続枚数計算ツール!$B$119:$P$149,13,FALSE)+VLOOKUP(HUAWEI製ＰＣＳ接続枚数計算ツール!$C$9, HUAWEI製ＰＣＳ接続枚数計算ツール!$B$119:$P$149,14,FALSE),0)/100*IF(高温電圧!AO13*高温電圧!AO$2<VLOOKUP(HUAWEI製ＰＣＳ接続枚数計算ツール!$C$9, HUAWEI製ＰＣＳ接続枚数計算ツール!$B$119:$P$149,12,FALSE),0,1) -> 2.46
A14: 12 | B14: =ROUNDDOWN((高温電圧!B14*高温電圧!B$2-VLOOKUP(HUAWEI製ＰＣＳ接続枚数計算ツール!$C$9, HUAWEI製ＰＣＳ接続枚数計算ツール!$B$119:$P$149,12,FALSE))/VLOOKUP(HUAWEI製ＰＣＳ接続枚数計算ツール!$C$9, HUAWEI製ＰＣＳ接続枚数計算ツール!$B$119:$P$149,13,FALSE)+VLOOKUP(HUAWEI製ＰＣＳ接続枚数計算ツール!$C$9, HUAWEI製ＰＣＳ接続枚数計算ツール!$B$119:$P$149,14,FALSE),0)/100*IF(高温電圧!B14*高温電圧!B$2<VLOOKUP(HUAWEI製ＰＣＳ接続枚数計算ツール!$C$9, HUAWEI製ＰＣＳ接続枚数計算ツール!$B$119:$P$149,12,FALSE),0,1) -> 0 | C14: =ROUNDDOWN((高温電圧!C14*高温電圧!C$2-VLOOKUP(HUAWEI製ＰＣＳ接続枚数計算ツール!$C$9, HUAWEI製ＰＣＳ接続枚数計算ツール!$B$119:$P$149,12,FALSE))/VLOOKUP(HUAWEI製ＰＣＳ接続枚数計算ツール!$C$9, HUAWEI製ＰＣＳ接続枚数計算ツール!$B$119:$P$149,13,FALSE)+VLOOKUP(HUAWEI製ＰＣＳ接続枚数計算ツール!$C$9, HUAWEI製ＰＣＳ接続枚数計算ツール!$B$119:$P$149,14,FALSE),0)/100*IF(高温電圧!C14*高温電圧!C$2<VLOOKUP(HUAWEI製ＰＣＳ接続枚数計算ツール!$C$9, HUAWEI製ＰＣＳ接続枚数計算ツール!$B$119:$P$149,12,FALSE),0,1) -> 0 | D14: =ROUNDDOWN((高温電圧!D14*高温電圧!D$2-VLOOKUP(HUAWEI製ＰＣＳ接続枚数計算ツール!$C$9, HUAWEI製ＰＣＳ接続枚数計算ツール!$B$119:$P$149,12,FALSE))/VLOOKUP(HUAWEI製ＰＣＳ接続枚数計算ツール!$C$9, HUAWEI製ＰＣＳ接続枚数計算ツール!$B$119:$P$149,13,FALSE)+VLOOKUP(HUAWEI製ＰＣＳ接続枚数計算ツール!$C$9, HUAWEI製ＰＣＳ接続枚数計算ツール!$B$119:$P$149,14,FALSE),0)/100*IF(高温電圧!D14*高温電圧!D$2<VLOOKUP(HUAWEI製ＰＣＳ接続枚数計算ツール!$C$9, HUAWEI製ＰＣＳ接続枚数計算ツール!$B$119:$P$149,12,FALSE),0,1) -> 0 | E14: =ROUNDDOWN((高温電圧!E14*高温電圧!E$2-VLOOKUP(HUAWEI製ＰＣＳ接続枚数計算ツール!$C$9, HUAWEI製ＰＣＳ接続枚数計算ツール!$B$119:$P$149,12,FALSE))/VLOOKUP(HUAWEI製ＰＣＳ接続枚数計算ツール!$C$9, HUAWEI製ＰＣＳ接続枚数計算ツール!$B$119:$P$149,13,FALSE)+VLOOKUP(HUAWEI製ＰＣＳ接続枚数計算ツール!$C$9, HUAWEI製ＰＣＳ接続枚数計算ツール!$B$119:$P$149,14,FALSE),0)/100*IF(高温電圧!E14*高温電圧!E$2<VLOOKUP(HUAWEI製ＰＣＳ接続枚数計算ツール!$C$9, HUAWEI製ＰＣＳ接続枚数計算ツール!$B$119:$P$149,12,FALSE),0,1) -> 0 | F14: =ROUNDDOWN((高温電圧!F14*高温電圧!F$2-VLOOKUP(HUAWEI製ＰＣＳ接続枚数計算ツール!$C$9, HUAWEI製ＰＣＳ接続枚数計算ツール!$B$119:$P$149,12,FALSE))/VLOOKUP(HUAWEI製ＰＣＳ接続枚数計算ツール!$C$9, HUAWEI製ＰＣＳ接続枚数計算ツール!$B$119:$P$149,13,FALSE)+VLOOKUP(HUAWEI製ＰＣＳ接続枚数計算ツール!$C$9, HUAWEI製ＰＣＳ接続枚数計算ツール!$B$119:$P$149,14,FALSE),0)/100*IF(高温電圧!F14*高温電圧!F$2<VLOOKUP(HUAWEI製ＰＣＳ接続枚数計算ツール!$C$9, HUAWEI製ＰＣＳ接続枚数計算ツール!$B$119:$P$149,12,FALSE),0,1) -> 0 | G14: =ROUNDDOWN((高温電圧!G14*高温電圧!G$2-VLOOKUP(HUAWEI製ＰＣＳ接続枚数計算ツール!$C$9, HUAWEI製ＰＣＳ接続枚数計算ツール!$B$119:$P$149,12,FALSE))/VLOOKUP(HUAWEI製ＰＣＳ接続枚数計算ツール!$C$9, HUAWEI製ＰＣＳ接続枚数計算ツール!$B$119:$P$149,13,FALSE)+VLOOKUP(HUAWEI製ＰＣＳ接続枚数計算ツール!$C$9, HUAWEI製ＰＣＳ接続枚数計算ツール!$B$119:$P$149,14,FALSE),0)/100*IF(高温電圧!G14*高温電圧!G$2<VLOOKUP(HUAWEI製ＰＣＳ接続枚数計算ツール!$C$9, HUAWEI製ＰＣＳ接続枚数計算ツール!$B$119:$P$149,12,FALSE),0,1) -> 0 | H14: =ROUNDDOWN((高温電圧!H14*高温電圧!H$2-VLOOKUP(HUAWEI製ＰＣＳ接続枚数計算ツール!$C$9, HUAWEI製ＰＣＳ接続枚数計算ツール!$B$119:$P$149,12,FALSE))/VLOOKUP(HUAWEI製ＰＣＳ接続枚数計算ツール!$C$9, HUAWEI製ＰＣＳ接続枚数計算ツール!$B$119:$P$149,13,FALSE)+VLOOKUP(HUAWEI製ＰＣＳ接続枚数計算ツール!$C$9, HUAWEI製ＰＣＳ接続枚数計算ツール!$B$119:$P$149,14,FALSE),0)/100*IF(高温電圧!H14*高温電圧!H$2<VLOOKUP(HUAWEI製ＰＣＳ接続枚数計算ツール!$C$9, HUAWEI製ＰＣＳ接続枚数計算ツール!$B$119:$P$149,12,FALSE),0,1) -> 0 | I14: =ROUNDDOWN((高温電圧!I14*高温電圧!I$2-VLOOKUP(HUAWEI製ＰＣＳ接続枚数計算ツール!$C$9, HUAWEI製ＰＣＳ接続枚数計算ツール!$B$119:$P$149,12,FALSE))/VLOOKUP(HUAWEI製ＰＣＳ接続枚数計算ツール!$C$9, HUAWEI製ＰＣＳ接続枚数計算ツール!$B$119:$P$149,13,FALSE)+VLOOKUP(HUAWEI製ＰＣＳ接続枚数計算ツール!$C$9, HUAWEI製ＰＣＳ接続枚数計算ツール!$B$119:$P$149,14,FALSE),0)/100*IF(高温電圧!I14*高温電圧!I$2<VLOOKUP(HUAWEI製ＰＣＳ接続枚数計算ツール!$C$9, HUAWEI製ＰＣＳ接続枚数計算ツール!$B$119:$P$149,12,FALSE),0,1) -> 0 | ... AO14: =ROUNDDOWN((高温電圧!AO14*高温電圧!AO$2-VLOOKUP(HUAWEI製ＰＣＳ接続枚数計算ツール!$C$9, HUAWEI製ＰＣＳ接続枚数計算ツール!$B$119:$P$149,12,FALSE))/VLOOKUP(HUAWEI製ＰＣＳ接続枚数計算ツール!$C$9, HUAWEI製ＰＣＳ接続枚数計算ツール!$B$119:$P$149,13,FALSE)+VLOOKUP(HUAWEI製ＰＣＳ接続枚数計算ツール!$C$9, HUAWEI製ＰＣＳ接続枚数計算ツール!$B$119:$P$149,14,FALSE),0)/100*IF(高温電圧!AO14*高温電圧!AO$2<VLOOKUP(HUAWEI製ＰＣＳ接続枚数計算ツール!$C$9, HUAWEI製ＰＣＳ接続枚数計算ツール!$B$119:$P$149,12,FALSE),0,1) -> 2.47
... A32: 30 | B32: =ROUNDDOWN((高温電圧!B32*高温電圧!B$2-VLOOKUP(HUAWEI製ＰＣＳ接続枚数計算ツール!$C$9, HUAWEI製ＰＣＳ接続枚数計算ツール!$B$119:$P$149,12,FALSE))/VLOOKUP(HUAWEI製ＰＣＳ接続枚数計算ツール!$C$9, HUAWEI製ＰＣＳ接続枚数計算ツール!$B$119:$P$149,13,FALSE)+VLOOKUP(HUAWEI製ＰＣＳ接続枚数計算ツール!$C$9, HUAWEI製ＰＣＳ接続枚数計算ツール!$B$119:$P$149,14,FALSE),0)/100*IF(高温電圧!B32*高温電圧!B$2<VLOOKUP(HUAWEI製ＰＣＳ接続枚数計算ツール!$C$9, HUAWEI製ＰＣＳ接続枚数計算ツール!$B$119:$P$149,12,FALSE),0,1) -> 0 | C32: =ROUNDDOWN((高温電圧!C32*高温電圧!C$2-VLOOKUP(HUAWEI製ＰＣＳ接続枚数計算ツール!$C$9, HUAWEI製ＰＣＳ接続枚数計算ツール!$B$119:$P$149,12,FALSE))/VLOOKUP(HUAWEI製ＰＣＳ接続枚数計算ツール!$C$9, HUAWEI製ＰＣＳ接続枚数計算ツール!$B$119:$P$149,13,FALSE)+VLOOKUP(HUAWEI製ＰＣＳ接続枚数計算ツール!$C$9, HUAWEI製ＰＣＳ接続枚数計算ツール!$B$119:$P$149,14,FALSE),0)/100*IF(高温電圧!C32*高温電圧!C$2<VLOOKUP(HUAWEI製ＰＣＳ接続枚数計算ツール!$C$9, HUAWEI製ＰＣＳ接続枚数計算ツール!$B$119:$P$149,12,FALSE),0,1) -> 0 | D32: =ROUNDDOWN((高温電圧!D32*高温電圧!D$2-VLOOKUP(HUAWEI製ＰＣＳ接続枚数計算ツール!$C$9, HUAWEI製ＰＣＳ接続枚数計算ツール!$B$119:$P$149,12,FALSE))/VLOOKUP(HUAWEI製ＰＣＳ接続枚数計算ツール!$C$9, HUAWEI製ＰＣＳ接続枚数計算ツール!$B$119:$P$149,13,FALSE)+VLOOKUP(HUAWEI製ＰＣＳ接続枚数計算ツール!$C$9, HUAWEI製ＰＣＳ接続枚数計算ツール!$B$119:$P$149,14,FALSE),0)/100*IF(高温電圧!D32*高温電圧!D$2<VLOOKUP(HUAWEI製ＰＣＳ接続枚数計算ツール!$C$9, HUAWEI製ＰＣＳ接続枚数計算ツール!$B$119:$P$149,12,FALSE),0,1) -> 0 | E32: =ROUNDDOWN((高温電圧!E32*高温電圧!E$2-VLOOKUP(HUAWEI製ＰＣＳ接続枚数計算ツール!$C$9, HUAWEI製ＰＣＳ接続枚数計算ツール!$B$119:$P$149,12,FALSE))/VLOOKUP(HUAWEI製ＰＣＳ接続枚数計算ツール!$C$9, HUAWEI製ＰＣＳ接続枚数計算ツール!$B$119:$P$149,13,FALSE)+VLOOKUP(HUAWEI製ＰＣＳ接続枚数計算ツール!$C$9, HUAWEI製ＰＣＳ接続枚数計算ツール!$B$119:$P$149,14,FALSE),0)/100*IF(高温電圧!E32*高温電圧!E$2<VLOOKUP(HUAWEI製ＰＣＳ接続枚数計算ツール!$C$9, HUAWEI製ＰＣＳ接続枚数計算ツール!$B$119:$P$149,12,FALSE),0,1) -> 0 | F32: =ROUNDDOWN((高温電圧!F32*高温電圧!F$2-VLOOKUP(HUAWEI製ＰＣＳ接続枚数計算ツール!$C$9, HUAWEI製ＰＣＳ接続枚数計算ツール!$B$119:$P$149,12,FALSE))/VLOOKUP(HUAWEI製ＰＣＳ接続枚数計算ツール!$C$9, HUAWEI製ＰＣＳ接続枚数計算ツール!$B$119:$P$149,13,FALSE)+VLOOKUP(HUAWEI製ＰＣＳ接続枚数計算ツール!$C$9, HUAWEI製ＰＣＳ接続枚数計算ツール!$B$119:$P$149,14,FALSE),0)/100*IF(高温電圧!F32*高温電圧!F$2<VLOOKUP(HUAWEI製ＰＣＳ接続枚数計算ツール!$C$9, HUAWEI製ＰＣＳ接続枚数計算ツール!$B$119:$P$149,12,FALSE),0,1) -> 0 | G32: =ROUNDDOWN((高温電圧!G32*高温電圧!G$2-VLOOKUP(HUAWEI製ＰＣＳ接続枚数計算ツール!$C$9, HUAWEI製ＰＣＳ接続枚数計算ツール!$B$119:$P$149,12,FALSE))/VLOOKUP(HUAWEI製ＰＣＳ接続枚数計算ツール!$C$9, HUAWEI製ＰＣＳ接続枚数計算ツール!$B$119:$P$149,13,FALSE)+VLOOKUP(HUAWEI製ＰＣＳ接続枚数計算ツール!$C$9, HUAWEI製ＰＣＳ接続枚数計算ツール!$B$119:$P$149,14,FALSE),0)/100*IF(高温電圧!G32*高温電圧!G$2<VLOOKUP(HUAWEI製ＰＣＳ接続枚数計算ツール!$C$9, HUAWEI製ＰＣＳ接続枚数計算ツール!$B$119:$P$149,12,FALSE),0,1) -> 0 | H32: =ROUNDDOWN((高温電圧!H32*高温電圧!H$2-VLOOKUP(HUAWEI製ＰＣＳ接続枚数計算ツール!$C$9, HUAWEI製ＰＣＳ接続枚数計算ツール!$B$119:$P$149,12,FALSE))/VLOOKUP(HUAWEI製ＰＣＳ接続枚数計算ツール!$C$9, HUAWEI製ＰＣＳ接続枚数計算ツール!$B$119:$P$149,13,FALSE)+VLOOKUP(HUAWEI製ＰＣＳ接続枚数計算ツール!$C$9, HUAWEI製ＰＣＳ接続枚数計算ツール!$B$119:$P$149,14,FALSE),0)/100*IF(高温電圧!H32*高温電圧!H$2<VLOOKUP(HUAWEI製ＰＣＳ接続枚数計算ツール!$C$9, HUAWEI製ＰＣＳ接続枚数計算ツール!$B$119:$P$149,12,FALSE),0,1) -> 0 | I32: =ROUNDDOWN((高温電圧!I32*高温電圧!I$2-VLOOKUP(HUAWEI製ＰＣＳ接続枚数計算ツール!$C$9, HUAWEI製ＰＣＳ接続枚数計算ツール!$B$119:$P$149,12,FALSE))/VLOOKUP(HUAWEI製ＰＣＳ接続枚数計算ツール!$C$9, HUAWEI製ＰＣＳ接続枚数計算ツール!$B$119:$P$149,13,FALSE)+VLOOKUP(HUAWEI製ＰＣＳ接続枚数計算ツール!$C$9, HUAWEI製ＰＣＳ接続枚数計算ツール!$B$119:$P$149,14,FALSE),0)/100*IF(高温電圧!I32*高温電圧!I$2<VLOOKUP(HUAWEI製ＰＣＳ接続枚数計算ツール!$C$9, HUAWEI製ＰＣＳ接続枚数計算ツール!$B$119:$P$149,12,FALSE),0,1) -> 0 | ... AO32: =ROUNDDOWN((高温電圧!AO32*高温電圧!AO$2-VLOOKUP(HUAWEI製ＰＣＳ接続枚数計算ツール!$C$9, HUAWEI製ＰＣＳ接続枚数計算ツール!$B$119:$P$149,12,FALSE))/VLOOKUP(HUAWEI製ＰＣＳ接続枚数計算ツール!$C$9, HUAWEI製ＰＣＳ接続枚数計算ツール!$B$119:$P$149,13,FALSE)+VLOOKUP(HUAWEI製ＰＣＳ接続枚数計算ツール!$C$9, HUAWEI製ＰＣＳ接続枚数計算ツール!$B$119:$P$149,14,FALSE),0)/100*IF(高温電圧!AO32*高温電圧!AO$2<VLOOKUP(HUAWEI製ＰＣＳ接続枚数計算ツール!$C$9, HUAWEI製ＰＣＳ接続枚数計算ツール!$B$119:$P$149,12,FALSE),0,1) -> 2.1

Sheet 低電圧接続
A1: 低電圧接続
A2: 直列数/回路数 | B2: 1 | C2: 2 | D2: 3 | E2: 4 | F2: 5 | G2: 6 | H2: 7 | I2: 8 | J2: 9 | K2: 10 | L2: 11 | M2: 12 | N2: 13 | O2: 14 | P2: 15 | Q2: 16 | R2: 17 | S2: 18 | T2: 19 | U2: 20 | V2: 21 | W2: 22 | X2: 23 | Y2: 24 | Z2: 25 | AA2: 26 | AB2: 27 | AC2: 28 | AD2: 29 | AE2: 30 | AF2: 31 | AG2: 32 | AH2: 33 | AI2: 34 | AJ2: 35 | AK2: 36 | AL2: 37 | AM2: 38 | AN2: 39 | AO2: 40
A3: 1 | B3: =IF(AND(高電圧出力!B3>高温過積載率!B3,高電圧出力!B3<100%,過積載率!B3<100%),高温過積載率!B3,0) -> 0 | C3: =IF(AND(高電圧出力!C3>高温過積載率!C3,高電圧出力!C3<100%,過積載率!C3<100%),高温過積載率!C3,0) -> 0 | D3: =IF(AND(高電圧出力!D3>高温過積載率!D3,高電圧出力!D3<100%,過積載率!D3<100%),高温過積載率!D3,0) -> 0 | E3: =IF(AND(高電圧出力!E3>高温過積載率!E3,高電圧出力!E3<100%,過積載率!E3<100%),高温過積載率!E3,0) -> 0 | F3: =IF(AND(高電圧出力!F3>高温過積載率!F3,高電圧出力!F3<100%,過積載率!F3<100%),高温過積載率!F3,0) -> 0 | G3: =IF(AND(高電圧出力!G3>高温過積載率!G3,高電圧出力!G3<100%,過積載率!G3<100%),高温過積載率!G3,0) -> 0 | H3: =IF(AND(高電圧出力!H3>高温過積載率!H3,高電圧出力!H3<100%,過積載率!H3<100%),高温過積載率!H3,0) -> 0 | I3: =IF(AND(高電圧出力!I3>高温過積載率!I3,高電圧出力!I3<100%,過積載率!I3<100%),高温過積載率!I3,0) -> 0 | ... AO3: =IF(AND(高電圧出力!AO3>高温過積載率!AO3,高電圧出力!AO3<100%,過積載率!AO3<100%),高温過積載率!AO3,0) -> 0
A4: 2 | B4: =IF(AND(高電圧出力!B4>高温過積載率!B4,高電圧出力!B4<100%,過積載率!B4<100%),高温過積載率!B4,0) -> 0 | C4: =IF(AND(高電圧出力!C4>高温過積載率!C4,高電圧出力!C4<100%,過積載率!C4<100%),高温過積載率!C4,0) -> 0 | D4: =IF(AND(高電圧出力!D4>高温過積載率!D4,高電圧出力!D4<100%,過積載率!D4<100%),高温過積載率!D4,0) -> 0 | E4: =IF(AND(高電圧出力!E4>高温過積載率!E4,高電圧出力!E4<100%,過積載率!E4<100%),高温過積載率!E4,0) -> 0 | F4: =IF(AND(高電圧出力!F4>高温過積載率!F4,高電圧出力!F4<100%,過積載率!F4<100%),高温過積載率!F4,0) -> 0 | G4: =IF(AND(高電圧出力!G4>高温過積載率!G4,高電圧出力!G4<100%,過積載率!G4<100%),高温過積載率!G4,0) -> 0 | H4: =IF(AND(高電圧出力!H4>高温過積載率!H4,高電圧出力!H4<100%,過積載率!H4<100%),高温過積載率!H4,0) -> 0 | I4: =IF(AND(高電圧出力!I4>高温過積載率!I4,高電圧出力!I4<100%,過積載率!I4<100%),高温過積載率!I4,0) -> 0 | ... AO4: =IF(AND(高電圧出力!AO4>高温過積載率!AO4,高電圧出力!AO4<100%,過積載率!AO4<100%),高温過積載率!AO4,0) -> 0
A5: 3 | B5: =IF(AND(高電圧出力!B5>高温過積載率!B5,高電圧出力!B5<100%,過積載率!B5<100%),高温過積載率!B5,0) -> 0 | C5: =IF(AND(高電圧出力!C5>高温過積載率!C5,高電圧出力!C5<100%,過積載率!C5<100%),高温過積載率!C5,0) -> 0 | D5: =IF(AND(高電圧出力!D5>高温過積載率!D5,高電圧出力!D5<100%,過積載率!D5<100%),高温過積載率!D5,0) -> 0 | E5: =IF(AND(高電圧出力!E5>高温過積載率!E5,高電圧出力!E5<100%,過積載率!E5<100%),高温過積載率!E5,0) -> 0 | F5: =IF(AND(高電圧出力!F5>高温過積載率!F5,高電圧出力!F5<100%,過積載率!F5<100%),高温過積載率!F5,0) -> 0 | G5: =IF(AND(高電圧出力!G5>高温過積載率!G5,高電圧出力!G5<100%,過積載率!G5<100%),高温過積載率!G5,0) -> 0 | H5: =IF(AND(高電圧出力!H5>高温過積載率!H5,高電圧出力!H5<100%,過積載率!H5<100%),高温過積載率!H5,0) -> 0 | I5: =IF(AND(高電圧出力!I5>高温過積載率!I5,高電圧出力!I5<100%,過積載率!I5<100%),高温過積載率!I5,0) -> 0 | ... AO5: =IF(AND(高電圧出力!AO5>高温過積載率!AO5,高電圧出力!AO5<100%,過積載率!AO5<100%),高温過積載率!AO5,0) -> 0
A6: 4 | B6: =IF(AND(高電圧出力!B6>高温過積載率!B6,高電圧出力!B6<100%,過積載率!B6<100%),高温過積載率!B6,0) -> 0 | C6: =IF(AND(高電圧出力!C6>高温過積載率!C6,高電圧出力!C6<100%,過積載率!C6<100%),高温過積載率!C6,0) -> 0 | D6: =IF(AND(高電圧出力!D6>高温過積載率!D6,高電圧出力!D6<100%,過積載率!D6<100%),高温過積載率!D6,0) -> 0 | E6: =IF(AND(高電圧出力!E6>高温過積載率!E6,高電圧出力!E6<100%,過積載率!E6<100%),高温過積載率!E6,0) -> 0 | F6: =IF(AND(高電圧出力!F6>高温過積載率!F6,高電圧出力!F6<100%,過積載率!F6<100%),高温過積載率!F6,0) -> 0 | G6: =IF(AND(高電圧出力!G6>高温過積載率!G6,高電圧出力!G6<100%,過積載率!G6<100%),高温過積載率!G6,0) -> 0 | H6: =IF(AND(高電圧出力!H6>高温過積載率!H6,高電圧出力!H6<100%,過積載率!H6<100%),高温過積載率!H6,0) -> 0 | I6: =IF(AND(高電圧出力!I6>高温過積載率!I6,高電圧出力!I6<100%,過積載率!I6<100%),高温過積載率!I6,0) -> 0 | ... AO6: =IF(AND(高電圧出力!AO6>高温過積載率!AO6,高電圧出力!AO6<100%,過積載率!AO6<100%),高温過積載率!AO6,0) -> 0
A7: 5 | B7: =IF(AND(高電圧出力!B7>高温過積載率!B7,高電圧出力!B7<100%,過積載率!B7<100%),高温過積載率!B7,0) -> 0 | C7: =IF(AND(高電圧出力!C7>高温過積載率!C7,高電圧出力!C7<100%,過積載率!C7<100%),高温過積載率!C7,0) -> 0 | D7: =IF(AND(高電圧出力!D7>高温過積載率!D7,高電圧出力!D7<100%,過積載率!D7<100%),高温過積載率!D7,0) -> 0 | E7: =IF(AND(高電圧出力!E7>高温過積載率!E7,高電圧出力!E7<100%,過積載率!E7<100%),高温過積載率!E7,0) -> 0 | F7: =IF(AND(高電圧出力!F7>高温過積載率!F7,高電圧出力!F7<100%,過積載率!F7<100%),高温過積載率!F7,0) -> 0 | G7: =IF(AND(高電圧出力!G7>高温過積載率!G7,高電圧出力!G7<100%,過積載率!G7<100%),高温過積載率!G7,0) -> 0 | H7: =IF(AND(高電圧出力!H7>高温過積載率!H7,高電圧出力!H7<100%,過積載率!H7<100%),高温過積載率!H7,0) -> 0 | I7: =IF(AND(高電圧出力!I7>高温過積載率!I7,高電圧出力!I7<100%,過積載率!I7<100%),高温過積載率!I7,0) -> 0 | ... AO7: =IF(AND(高電圧出力!AO7>高温過積載率!AO7,高電圧出力!AO7<100%,過積載率!AO7<100%),高温過積載率!AO7,0) -> 0
A8: 6 | B8: =IF(AND(高電圧出力!B8>高温過積載率!B8,高電圧出力!B8<100%,過積載率!B8<100%),高温過積載率!B8,0) -> 0 | C8: =IF(AND(高電圧出力!C8>高温過積載率!C8,高電圧出力!C8<100%,過積載率!C8<100%),高温過積載率!C8,0) -> 0 | D8: =IF(AND(高電圧出力!D8>高温過積載率!D8,高電圧出力!D8<100%,過積載率!D8<100%),高温過積載率!D8,0) -> 0 | E8: =IF(AND(高電圧出力!E8>高温過積載率!E8,高電圧出力!E8<100%,過積載率!E8<100%),高温過積載率!E8,0) -> 0 | F8: =IF(AND(高電圧出力!F8>高温過積載率!F8,高電圧出力!F8<100%,過積載率!F8<100%),高温過積載率!F8,0) -> 0 | G8: =IF(AND(高電圧出力!G8>高温過積載率!G8,高電圧出力!G8<100%,過積載率!G8<100%),高温過積載率!G8,0) -> 0 | H8: =IF(AND(高電圧出力!H8>高温過積載率!H8,高電圧出力!H8<100%,過積載率!H8<100%),高温過積載率!H8,0) -> 0 | I8: =IF(AND(高電圧出力!I8>高温過積載率!I8,高電圧出力!I8<100%,過積載率!I8<100%),高温過積載率!I8,0) -> 0 | ... AO8: =IF(AND(高電圧出力!AO8>高温過積載率!AO8,高電圧出力!AO8<100%,過積載率!AO8<100%),高温過積載率!AO8,0) -> 0
A9: 7 | B9: =IF(AND(高電圧出力!B9>高温過積載率!B9,高電圧出力!B9<100%,過積載率!B9<100%),高温過積載率!B9,0) -> 0 | C9: =IF(AND(高電圧出力!C9>高温過積載率!C9,高電圧出力!C9<100%,過積載率!C9<100%),高温過積載率!C9,0) -> 0 | D9: =IF(AND(高電圧出力!D9>高温過積載率!D9,高電圧出力!D9<100%,過積載率!D9<100%),高温過積載率!D9,0) -> 0 | E9: =IF(AND(高電圧出力!E9>高温過積載率!E9,高電圧出力!E9<100%,過積載率!E9<100%),高温過積載率!E9,0) -> 0 | F9: =IF(AND(高電圧出力!F9>高温過積載率!F9,高電圧出力!F9<100%,過積載率!F9<100%),高温過積載率!F9,0) -> 0 | G9: =IF(AND(高電圧出力!G9>高温過積載率!G9,高電圧出力!G9<100%,過積載率!G9<100%),高温過積載率!G9,0) -> 0 | H9: =IF(AND(高電圧出力!H9>高温過積載率!H9,高電圧出力!H9<100%,過積載率!H9<100%),高温過積載率!H9,0) -> 0 | I9: =IF(AND(高電圧出力!I9>高温過積載率!I9,高電圧出力!I9<100%,過積載率!I9<100%),高温過積載率!I9,0) -> 0 | ... AO9: =IF(AND(高電圧出力!AO9>高温過積載率!AO9,高電圧出力!AO9<100%,過積載率!AO9<100%),高温過積載率!AO9,0) -> 0
A10: 8 | B10: =IF(AND(高電圧出力!B10>高温過積載率!B10,高電圧出力!B10<100%,過積載率!B10<100%),高温過積載率!B10,0) -> 0 | C10: =IF(AND(高電圧出力!C10>高温過積載率!C10,高電圧出力!C10<100%,過積載率!C10<100%),高温過積載率!C10,0) -> 0 | D10: =IF(AND(高電圧出力!D10>高温過積載率!D10,高電圧出力!D10<100%,過積載率!D10<100%),高温過積載率!D10,0) -> 0 | E10: =IF(AND(高電圧出力!E10>高温過積載率!E10,高電圧出力!E10<100%,過積載率!E10<100%),高温過積載率!E10,0) -> 0 | F10: =IF(AND(高電圧出力!F10>高温過積載率!F10,高電圧出力!F10<100%,過積載率!F10<100%),高温過積載率!F10,0) -> 0 | G10: =IF(AND(高電圧出力!G10>高温過積載率!G10,高電圧出力!G10<100%,過積載率!G10<100%),高温過積載率!G10,0) -> 0 | H10: =IF(AND(高電圧出力!H10>高温過積載率!H10,高電圧出力!H10<100%,過積載率!H10<100%),高温過積載率!H10,0) -> 0 | I10: =IF(AND(高電圧出力!I10>高温過積載率!I10,高電圧出力!I10<100%,過積載率!I10<100%),高温過積載率!I10,0) -> 0 | ... AO10: =IF(AND(高電圧出力!AO10>高温過積載率!AO10,高電圧出力!AO10<100%,過積載率!AO10<100%),高温過積載率!AO10,0) -> 0
A11: 9 | B11: =IF(AND(高電圧出力!B11>高温過積載率!B11,高電圧出力!B11<100%,過積載率!B11<100%),高温過積載率!B11,0) -> 0 | C11: =IF(AND(高電圧出力!C11>高温過積載率!C11,高電圧出力!C11<100%,過積載率!C11<100%),高温過積載率!C11,0) -> 0 | D11: =IF(AND(高電圧出力!D11>高温過積載率!D11,高電圧出力!D11<100%,過積載率!D11<100%),高温過積載率!D11,0) -> 0 | E11: =IF(AND(高電圧出力!E11>高温過積載率!E11,高電圧出力!E11<100%,過積載率!E11<100%),高温過積載率!E11,0) -> 0 | F11: =IF(AND(高電圧出力!F11>高温過積載率!F11,高電圧出力!F11<100%,過積載率!F11<100%),高温過積載率!F11,0) -> 0 | G11: =IF(AND(高電圧出力!G11>高温過積載率!G11,高電圧出力!G11<100%,過積載率!G11<100%),高温過積載率!G11,0) -> 0 | H11: =IF(AND(高電圧出力!H11>高温過積載率!H11,高電圧出力!H11<100%,過積載率!H11<100%),高温過積載率!H11,0) -> 0 | I11: =IF(AND(高電圧出力!I11>高温過積載率!I11,高電圧出力!I11<100%,過積載率!I11<100%),高温過積載率!I11,0) -> 0 | ... AO11: =IF(AND(高電圧出力!AO11>高温過積載率!AO11,高電圧出力!AO11<100%,過積載率!AO11<100%),高温過積載率!AO11,0) -> 0
A12: 10 | B12: =IF(AND(高電圧出力!B12>高温過積載率!B12,高電圧出力!B12<100%,過積載率!B12<100%),高温過積載率!B12,0) -> 0 | C12: =IF(AND(高電圧出力!C12>高温過積載率!C12,高電圧出力!C12<100%,過積載率!C12<100%),高温過積載率!C12,0) -> 0 | D12: =IF(AND(高電圧出力!D12>高温過積載率!D12,高電圧出力!D12<100%,過積載率!D12<100%),高温過積載率!D12,0) -> 0 | E12: =IF(AND(高電圧出力!E12>高温過積載率!E12,高電圧出力!E12<100%,過積載率!E12<100%),高温過積載率!E12,0) -> 0 | F12: =IF(AND(高電圧出力!F12>高温過積載率!F12,高電圧出力!F12<100%,過積載率!F12<100%),高温過積載率!F12,0) -> 0 | G12: =IF(AND(高電圧出力!G12>高温過積載率!G12,高電圧出力!G12<100%,過積載率!G12<100%),高温過積載率!G12,0) -> 0 | H12: =IF(AND(高電圧出力!H12>高温過積載率!H12,高電圧出力!H12<100%,過積載率!H12<100%),高温過積載率!H12,0) -> 0 | I12: =IF(AND(高電圧出力!I12>高温過積載率!I12,高電圧出力!I12<100%,過積載率!I12<100%),高温過積載率!I12,0) -> 0 | ... AO12: =IF(AND(高電圧出力!AO12>高温過積載率!AO12,高電圧出力!AO12<100%,過積載率!AO12<100%),高温過積載率!AO12,0) -> 0
A13: 11 | B13: =IF(AND(高電圧出力!B13>高温過積載率!B13,高電圧出力!B13<100%,過積載率!B13<100%),高温過積載率!B13,0) -> 0 | C13: =IF(AND(高電圧出力!C13>高温過積載率!C13,高電圧出力!C13<100%,過積載率!C13<100%),高温過積載率!C13,0) -> 0 | D13: =IF(AND(高電圧出力!D13>高温過積載率!D13,高電圧出力!D13<100%,過積載率!D13<100%),高温過積載率!D13,0) -> 0 | E13: =IF(AND(高電圧出力!E13>高温過積載率!E13,高電圧出力!E13<100%,過積載率!E13<100%),高温過積載率!E13,0) -> 0 | F13: =IF(AND(高電圧出力!F13>高温過積載率!F13,高電圧出力!F13<100%,過積載率!F13<100%),高温過積載率!F13,0) -> 0 | G13: =IF(AND(高電圧出力!G13>高温過積載率!G13,高電圧出力!G13<100%,過積載率!G13<100%),高温過積載率!G13,0) -> 0 | H13: =IF(AND(高電圧出力!H13>高温過積載率!H13,高電圧出力!H13<100%,過積載率!H13<100%),高温過積載率!H13,0) -> 0 | I13: =IF(AND(高電圧出力!I13>高温過積載率!I13,高電圧出力!I13<100%,過積載率!I13<100%),高温過積載率!I13,0) -> 0 | ... AO13: =IF(AND(高電圧出力!AO13>高温過積載率!AO13,高電圧出力!AO13<100%,過積載率!AO13<100%),高温過積載率!AO13,0) -> 0
A14: 12 | B14: =IF(AND(高電圧出力!B14>高温過積載率!B14,高電圧出力!B14<100%,過積載率!B14<100%),高温過積載率!B14,0) -> 0 | C14: =IF(AND(高電圧出力!C14>高温過積載率!C14,高電圧出力!C14<100%,過積載率!C14<100%),高温過積載率!C14,0) -> 0 | D14: =IF(AND(高電圧出力!D14>高温過積載率!D14,高電圧出力!D14<100%,過積載率!D14<100%),高温過積載率!D14,0) -> 0 | E14: =IF(AND(高電圧出力!E14>高温過積載率!E14,高電圧出力!E14<100%,過積載率!E14<100%),高温過積載率!E14,0) -> 0 | F14: =IF(AND(高電圧出力!F14>高温過積載率!F14,高電圧出力!F14<100%,過積載率!F14<100%),高温過積載率!F14,0) -> 0 | G14: =IF(AND(高電圧出力!G14>高温過積載率!G14,高電圧出力!G14<100%,過積載率!G14<100%),高温過積載率!G14,0) -> 0 | H14: =IF(AND(高電圧出力!H14>高温過積載率!H14,高電圧出力!H14<100%,過積載率!H14<100%),高温過積載率!H14,0) -> 0 | I14: =IF(AND(高電圧出力!I14>高温過積載率!I14,高電圧出力!I14<100%,過積載率!I14<100%),高温過積載率!I14,0) -> 0 | ... AO14: =IF(AND(高電圧出力!AO14>高温過積載率!AO14,高電圧出力!AO14<100%,過積載率!AO14<100%),高温過積載率!AO14,0) -> 0
... A29: 27 | B29: =IF(AND(高電圧出力!B29>高温過積載率!B29,高電圧出力!B29<100%,過積載率!B29<100%),高温過積載率!B29,0) -> 0 | C29: =IF(AND(高電圧出力!C29>高温過積載率!C29,高電圧出力!C29<100%,過積載率!C29<100%),高温過積載率!C29,0) -> 0 | D29: =IF(AND(高電圧出力!D29>高温過積載率!D29,高電圧出力!D29<100%,過積載率!D29<100%),高温過積載率!D29,0) -> 0 | E29: =IF(AND(高電圧出力!E29>高温過積載率!E29,高電圧出力!E29<100%,過積載率!E29<100%),高温過積載率!E29,0) -> 0 | F29: =IF(AND(高電圧出力!F29>高温過積載率!F29,高電圧出力!F29<100%,過積載率!F29<100%),高温過積載率!F29,0) -> 0 | G29: =IF(AND(高電圧出力!G29>高温過積載率!G29,高電圧出力!G29<100%,過積載率!G29<100%),高温過積載率!G29,0) -> 0 | H29: =IF(AND(高電圧出力!H29>高温過積載率!H29,高電圧出力!H29<100%,過積載率!H29<100%),高温過積載率!H29,0) -> 0 | I29: =IF(AND(高電圧出力!I29>高温過積載率!I29,高電圧出力!I29<100%,過積載率!I29<100%),高温過積載率!I29,0) -> 0 | ... AO29: =IF(AND(高電圧出力!AO29>高温過積載率!AO29,高電圧出力!AO29<100%,過積載率!AO29<100%),高温過積載率!AO29,0) -> 0

Sheet 枚数
A1: 枚数
A2: 直列数/回路数 | B2: 1 | C2: 2 | D2: 3 | E2: 4 | F2: 5 | G2: 6 | H2: 7 | I2: 8 | J2: 9 | K2: 10 | L2: 11 | M2: 12 | N2: 13 | O2: 14 | P2: 15 | Q2: 16 | R2: 17 | S2: 18 | T2: 19 | U2: 20 | V2: 21 | W2: 22 | X2: 23 | Y2: 24 | Z2: 25 | AA2: 26 | AB2: 27 | AC2: 28 | AD2: 29 | AE2: 30 | AF2: 31 | AG2: 32 | AH2: 33 | AI2: 34 | AJ2: 35 | AK2: 36 | AL2: 37 | AM2: 38 | AN2: 39 | AO2: 40
A3: 1 | B3: =IF(HUAWEI製ＰＣＳ接続枚数計算ツール!$M$109>=枚数!$A3,B$2*$A3,0) -> 1 | C3: =IF(HUAWEI製ＰＣＳ接続枚数計算ツール!$M$109>=枚数!$A3,C$2*$A3,0) -> 2 | D3: =IF(HUAWEI製ＰＣＳ接続枚数計算ツール!$M$109>=枚数!$A3,D$2*$A3,0) -> 3 | E3: =IF(HUAWEI製ＰＣＳ接続枚数計算ツール!$M$109>=枚数!$A3,E$2*$A3,0) -> 4 | F3: =IF(HUAWEI製ＰＣＳ接続枚数計算ツール!$M$109>=枚数!$A3,F$2*$A3,0) -> 5 | G3: =IF(HUAWEI製ＰＣＳ接続枚数計算ツール!$M$109>=枚数!$A3,G$2*$A3,0) -> 6 | H3: =IF(HUAWEI製ＰＣＳ接続枚数計算ツール!$M$109>=枚数!$A3,H$2*$A3,0) -> 7 | I3: =IF(HUAWEI製ＰＣＳ接続枚数計算ツール!$M$109>=枚数!$A3,I$2*$A3,0) -> 8 | ... AO3: =IF(HUAWEI製ＰＣＳ接続枚数計算ツール!$M$109>=枚数!$A3,AO$2*$A3,0) -> 40
A4: 2 | B4: =IF(HUAWEI製ＰＣＳ接続枚数計算ツール!$M$109>=枚数!$A4,B$2*$A4,0) -> 2 | C4: =IF(HUAWEI製ＰＣＳ接続枚数計算ツール!$M$109>=枚数!$A4,C$2*$A4,0) -> 4 | D4: =IF(HUAWEI製ＰＣＳ接続枚数計算ツール!$M$109>=枚数!$A4,D$2*$A4,0) -> 6 | E4: =IF(HUAWEI製ＰＣＳ接続枚数計算ツール!$M$109>=枚数!$A4,E$2*$A4,0) -> 8 | F4: =IF(HUAWEI製ＰＣＳ接続枚数計算ツール!$M$109>=枚数!$A4,F$2*$A4,0) -> 10 | G4: =IF(HUAWEI製ＰＣＳ接続枚数計算ツール!$M$109>=枚数!$A4,G$2*$A4,0) -> 12 | H4: =IF(HUAWEI製ＰＣＳ接続枚数計算ツール!$M$109>=枚数!$A4,H$2*$A4,0) -> 14 | I4: =IF(HUAWEI製ＰＣＳ接続枚数計算ツール!$M$109>=枚数!$A4,I$2*$A4,0) -> 16 | ... AO4: =IF(HUAWEI製ＰＣＳ接続枚数計算ツール!$M$109>=枚数!$A4,AO$2*$A4,0) -> 80
A5: 3 | B5: =IF(HUAWEI製ＰＣＳ接続枚数計算ツール!$M$109>=枚数!$A5,B$2*$A5,0) -> 3 | C5: =IF(HUAWEI製ＰＣＳ接続枚数計算ツール!$M$109>=枚数!$A5,C$2*$A5,0) -> 6 | D5: =IF(HUAWEI製ＰＣＳ接続枚数計算ツール!$M$109>=枚数!$A5,D$2*$A5,0) -> 9 | E5: =IF(HUAWEI製ＰＣＳ接続枚数計算ツール!$M$109>=枚数!$A5,E$2*$A5,0) -> 12 | F5: =IF(HUAWEI製ＰＣＳ接続枚数計算ツール!$M$109>=枚数!$A5,F$2*$A5,0) -> 15 | G5: =IF(HUAWEI製ＰＣＳ接続枚数計算ツール!$M$109>=枚数!$A5,G$2*$A5,0) -> 18 | H5: =IF(HUAWEI製ＰＣＳ接続枚数計算ツール!$M$109>=枚数!$A5,H$2*$A5,0) -> 21 | I5: =IF(HUAWEI製ＰＣＳ接続枚数計算ツール!$M$109>=枚数!$A5,I$2*$A5,0) -> 24 | ... AO5: =IF(HUAWEI製ＰＣＳ接続枚数計算ツール!$M$109>=枚数!$A5,AO$2*$A5,0) -> 120
A6: 4 | B6: =IF(HUAWEI製ＰＣＳ接続枚数計算ツール!$M$109>=枚数!$A6,B$2*$A6,0) -> 4 | C6: =IF(HUAWEI製ＰＣＳ接続枚数計算ツール!$M$109>=枚数!$A6,C$2*$A6,0) -> 8 | D6: =IF(HUAWEI製ＰＣＳ接続枚数計算ツール!$M$109>=枚数!$A6,D$2*$A6,0) -> 12 | E6: =IF(HUAWEI製ＰＣＳ接続枚数計算ツール!$M$109>=枚数!$A6,E$2*$A6,0) -> 16 | F6: =IF(HUAWEI製ＰＣＳ接続枚数計算ツール!$M$109>=枚数!$A6,F$2*$A6,0) -> 20 | G6: =IF(HUAWEI製ＰＣＳ接続枚数計算ツール!$M$109>=枚数!$A6,G$2*$A6,0) -> 24 | H6: =IF(HUAWEI製ＰＣＳ接続枚数計算ツール!$M$109>=枚数!$A6,H$2*$A6,0) -> 28 | I6: =IF(HUAWEI製ＰＣＳ接続枚数計算ツール!$M$109>=枚数!$A6,I$2*$A6,0) -> 32 | ... AO6: =IF(HUAWEI製ＰＣＳ接続枚数計算ツール!$M$109>=枚数!$A6,AO$2*$A6,0) -> 160
A7: 5 | B7: =IF(HUAWEI製ＰＣＳ接続枚数計算ツール!$M$109>=枚数!$A7,B$2*$A7,0) -> 5 | C7: =IF(HUAWEI製ＰＣＳ接続枚数計算ツール!$M$109>=枚数!$A7,C$2*$A7,0) -> 10 | D7: =IF(HUAWEI製ＰＣＳ接続枚数計算ツール!$M$109>=枚数!$A7,D$2*$A7,0) -> 15 | E7: =IF(HUAWEI製ＰＣＳ接続枚数計算ツール!$M$109>=枚数!$A7,E$2*$A7,0) -> 20 | F7: =IF(HUAWEI製ＰＣＳ接続枚数計算ツール!$M$109>=枚数!$A7,F$2*$A7,0) -> 25 | G7: =IF(HUAWEI製ＰＣＳ接続枚数計算ツール!$M$109>=枚数!$A7,G$2*$A7,0) -> 30 | H7: =IF(HUAWEI製ＰＣＳ接続枚数計算ツール!$M$109>=枚数!$A7,H$2*$A7,0) -> 35 | I7: =IF(HUAWEI製ＰＣＳ接続枚数計算ツール!$M$109>=枚数!$A7,I$2*$A7,0) -> 40 | ... AO7: =IF(HUAWEI製ＰＣＳ接続枚数計算ツール!$M$109>=枚数!$A7,AO$2*$A7,0) -> 200
A8: 6 | B8: =IF(HUAWEI製ＰＣＳ接続枚数計算ツール!$M$109>=枚数!$A8,B$2*$A8,0) -> 6 | C8: =IF(HUAWEI製ＰＣＳ接続枚数計算ツール!$M$109>=枚数!$A8,C$2*$A8,0) -> 12 | D8: =IF(HUAWEI製ＰＣＳ接続枚数計算ツール!$M$109>=枚数!$A8,D$2*$A8,0) -> 18 | E8: =IF(HUAWEI製ＰＣＳ接続枚数計算ツール!$M$109>=枚数!$A8,E$2*$A8,0) -> 24 | F8: =IF(HUAWEI製ＰＣＳ接続枚数計算ツール!$M$109>=枚数!$A8,F$2*$A8,0) -> 30 | G8: =IF(HUAWEI製ＰＣＳ接続枚数計算ツール!$M$109>=枚数!$A8,G$2*$A8,0) -> 36 | H8: =IF(HUAWEI製ＰＣＳ接続枚数計算ツール!$M$109>=枚数!$A8,H$2*$A8,0) -> 42 | I8: =IF(HUAWEI製ＰＣＳ接続枚数計算ツール!$M$109>=枚数!$A8,I$2*$A8,0) -> 48 | ... AO8: =IF(HUAWEI製ＰＣＳ接続枚数計算ツール!$M$109>=枚数!$A8,AO$2*$A8,0) -> 240
A9: 7 | B9: =IF(HUAWEI製ＰＣＳ接続枚数計算ツール!$M$109>=枚数!$A9,B$2*$A9,0) -> 7 | C9: =IF(HUAWEI製ＰＣＳ接続枚数計算ツール!$M$109>=枚数!$A9,C$2*$A9,0) -> 14 | D9: =IF(HUAWEI製ＰＣＳ接続枚数計算ツール!$M$109>=枚数!$A9,D$2*$A9,0) -> 21 | E9: =IF(HUAWEI製ＰＣＳ接続枚数計算ツール!$M$109>=枚数!$A9,E$2*$A9,0) -> 28 | F9: =IF(HUAWEI製ＰＣＳ接続枚数計算ツール!$M$109>=枚数!$A9,F$2*$A9,0) -> 35 | G9: =IF(HUAWEI製ＰＣＳ接続枚数計算ツール!$M$109>=枚数!$A9,G$2*$A9,0) -> 42 | H9: =IF(HUAWEI製ＰＣＳ接続枚数計算ツール!$M$109>=枚数!$A9,H$2*$A9,0) -> 49 | I9: =IF(HUAWEI製ＰＣＳ接続枚数計算ツール!$M$109>=枚数!$A9,I$2*$A9,0) -> 56 | ... AO9: =IF(HUAWEI製ＰＣＳ接続枚数計算ツール!$M$109>=枚数!$A9,AO$2*$A9,0) -> 280
A10: 8 | B10: =IF(HUAWEI製ＰＣＳ接続枚数計算ツール!$M$109>=枚数!$A10,B$2*$A10,0) -> 8 | C10: =IF(HUAWEI製ＰＣＳ接続枚数計算ツール!$M$109>=枚数!$A10,C$2*$A10,0) -> 16 | D10: =IF(HUAWEI製ＰＣＳ接続枚数計算ツール!$M$109>=枚数!$A10,D$2*$A10,0) -> 24 | E10: =IF(HUAWEI製ＰＣＳ接続枚数計算ツール!$M$109>=枚数!$A10,E$2*$A10,0) -> 32 | F10: =IF(HUAWEI製ＰＣＳ接続枚数計算ツール!$M$109>=枚数!$A10,F$2*$A10,0) -> 40 | G10: =IF(HUAWEI製ＰＣＳ接続枚数計算ツール!$M$109>=枚数!$A10,G$2*$A10,0) -> 48 | H10: =IF(HUAWEI製ＰＣＳ接続枚数計算ツール!$M$109>=枚数!$A10,H$2*$A10,0) -> 56 | I10: =IF(HUAWEI製ＰＣＳ接続枚数計算ツール!$M$109>=枚数!$A10,I$2*$A10,0) -> 64 | ... AO10: =IF(HUAWEI製ＰＣＳ接続枚数計算ツール!$M$109>=枚数!$A10,AO$2*$A10,0) -> 320
A11: 9 | B11: =IF(HUAWEI製ＰＣＳ接続枚数計算ツール!$M$109>=枚数!$A11,B$2*$A11,0) -> 9 | C11: =IF(HUAWEI製ＰＣＳ接続枚数計算ツール!$M$109>=枚数!$A11,C$2*$A11,0) -> 18 | D11: =IF(HUAWEI製ＰＣＳ接続枚数計算ツール!$M$109>=枚数!$A11,D$2*$A11,0) -> 27 | E11: =IF(HUAWEI製ＰＣＳ接続枚数計算ツール!$M$109>=枚数!$A11,E$2*$A11,0) -> 36 | F11: =IF(HUAWEI製ＰＣＳ接続枚数計算ツール!$M$109>=枚数!$A11,F$2*$A11,0) -> 45 | G11: =IF(HUAWEI製ＰＣＳ接続枚数計算ツール!$M$109>=枚数!$A11,G$2*$A11,0) -> 54 | H11: =IF(HUAWEI製ＰＣＳ接続枚数計算ツール!$M$109>=枚数!$A11,H$2*$A11,0) -> 63 | I11: =IF(HUAWEI製ＰＣＳ接続枚数計算ツール!$M$109>=枚数!$A11,I$2*$A11,0) -> 72 | ... AO11: =IF(HUAWEI製ＰＣＳ接続枚数計算ツール!$M$109>=枚数!$A11,AO$2*$A11,0) -> 360
A12: 10 | B12: =IF(HUAWEI製ＰＣＳ接続枚数計算ツール!$M$109>=枚数!$A12,B$2*$A12,0) -> 10 | C12: =IF(HUAWEI製ＰＣＳ接続枚数計算ツール!$M$109>=枚数!$A12,C$2*$A12,0) -> 20 | D12: =IF(HUAWEI製ＰＣＳ接続枚数計算ツール!$M$109>=枚数!$A12,D$2*$A12,0) -> 30 | E12: =IF(HUAWEI製ＰＣＳ接続枚数計算ツール!$M$109>=枚数!$A12,E$2*$A12,0) -> 40 | F12: =IF(HUAWEI製ＰＣＳ接続枚数計算ツール!$M$109>=枚数!$A12,F$2*$A12,0) -> 50 | G12: =IF(HUAWEI製ＰＣＳ接続枚数計算ツール!$M$109>=枚数!$A12,G$2*$A12,0) -> 60 | H12: =IF(HUAWEI製ＰＣＳ接続枚数計算ツール!$M$109>=枚数!$A12,H$2*$A12,0) -> 70 | I12: =IF(HUAWEI製ＰＣＳ接続枚数計算ツール!$M$109>=枚数!$A12,I$2*$A12,0) -> 80 | ... AO12: =IF(HUAWEI製ＰＣＳ接続枚数計算ツール!$M$109>=枚数!$A12,AO$2*$A12,0) -> 400
A13: 11 | B13: =IF(HUAWEI製ＰＣＳ接続枚数計算ツール!$M$109>=枚数!$A13,B$2*$A13,0) -> 11 | C13: =IF(HUAWEI製ＰＣＳ接続枚数計算ツール!$M$109>=枚数!$A13,C$2*$A13,0) -> 22 | D13: =IF(HUAWEI製ＰＣＳ接続枚数計算ツール!$M$109>=枚数!$A13,D$2*$A13,0) -> 33 | E13: =IF(HUAWEI製ＰＣＳ接続枚数計算ツール!$M$109>=枚数!$A13,E$2*$A13,0) -> 44 | F13: =IF(HUAWEI製ＰＣＳ接続枚数計算ツール!$M$109>=枚数!$A13,F$2*$A13,0) -> 55 | G13: =IF(HUAWEI製ＰＣＳ接続枚数計算ツール!$M$109>=枚数!$A13,G$2*$A13,0) -> 66 | H13: =IF(HUAWEI製ＰＣＳ接続枚数計算ツール!$M$109>=枚数!$A13,H$2*$A13,0) -> 77 | I13: =IF(HUAWEI製ＰＣＳ接続枚数計算ツール!$M$109>=枚数!$A13,I$2*$A13,0) -> 88 | ... AO13: =IF(HUAWEI製ＰＣＳ接続枚数計算ツール!$M$109>=枚数!$A13,AO$2*$A13,0) -> 440
A14: 12 | B14: =IF(HUAWEI製ＰＣＳ接続枚数計算ツール!$M$109>=枚数!$A14,B$2*$A14,0) -> 12 | C14: =IF(HUAWEI製ＰＣＳ接続枚数計算ツール!$M$109>=枚数!$A14,C$2*$A14,0) -> 24 | D14: =IF(HUAWEI製ＰＣＳ接続枚数計算ツール!$M$109>=枚数!$A14,D$2*$A14,0) -> 36 | E14: =IF(HUAWEI製ＰＣＳ接続枚数計算ツール!$M$109>=枚数!$A14,E$2*$A14,0) -> 48 | F14: =IF(HUAWEI製ＰＣＳ接続枚数計算ツール!$M$109>=枚数!$A14,F$2*$A14,0) -> 60 | G14: =IF(HUAWEI製ＰＣＳ接続枚数計算ツール!$M$109>=枚数!$A14,G$2*$A14,0) -> 72 | H14: =IF(HUAWEI製ＰＣＳ接続枚数計算ツール!$M$109>=枚数!$A14,H$2*$A14,0) -> 84 | I14: =IF(HUAWEI製ＰＣＳ接続枚数計算ツール!$M$109>=枚数!$A14,I$2*$A14,0) -> 96 | ... AO14: =IF(HUAWEI製ＰＣＳ接続枚数計算ツール!$M$109>=枚数!$A14,AO$2*$A14,0) -> 480
... A36: 34 | B36: =IF(HUAWEI製ＰＣＳ接続枚数計算ツール!$M$109>=枚数!$A36,B$2*$A36,0) -> 0 | C36: =IF(HUAWEI製ＰＣＳ接続枚数計算ツール!$M$109>=枚数!$A36,C$2*$A36,0) -> 0 | D36: =IF(HUAWEI製ＰＣＳ接続枚数計算ツール!$M$109>=枚数!$A36,D$2*$A36,0) -> 0 | E36: =IF(HUAWEI製ＰＣＳ接続枚数計算ツール!$M$109>=枚数!$A36,E$2*$A36,0) -> 0 | F36: =IF(HUAWEI製ＰＣＳ接続枚数計算ツール!$M$109>=枚数!$A36,F$2*$A36,0) -> 0 | G36: =IF(HUAWEI製ＰＣＳ接続枚数計算ツール!$M$109>=枚数!$A36,G$2*$A36,0) -> 0 | H36: =IF(HUAWEI製ＰＣＳ接続枚数計算ツール!$M$109>=枚数!$A36,H$2*$A36,0) -> 0 | I36: =IF(HUAWEI製ＰＣＳ接続枚数計算ツール!$M$109>=枚数!$A36,I$2*$A36,0) -> 0 | ... AO36: =IF(HUAWEI製ＰＣＳ接続枚数計算ツール!$M$109>=枚数!$A36,AO$2*$A36,0) -> 0
A37: 35
A38: 36
A39: 37
A40: 38
A41: 39
A42: 40

Sheet 標準電圧
A1: 最大運転電圧(ＳＴＣ)
A2: 直列数/回路数 | B2: 1 | C2: 2 | D2: 3 | E2: 4 | F2: 5 | G2: 6 | H2: 7 | I2: 8 | J2: 9 | K2: 10 | L2: 11 | M2: 12 | N2: 13 | O2: 14 | P2: 15 | Q2: 16 | R2: 17 | S2: 18 | T2: 19 | U2: 20 | V2: 21 | W2: 22 | X2: 23 | Y2: 24 | Z2: 25 | AA2: 26 | AB2: 27 | AC2: 28 | AD2: 29 | AE2: 30 | AF2: 31 | AG2: 32 | AH2: 33 | AI2: 34 | AJ2: 35 | AK2: 36 | AL2: 37 | AM2: 38 | AN2: 39 | AO2: 40
A3: 1 | B3: =((1-1/MAX(100%,過積載率!B3))^0.5*(HUAWEI製ＰＣＳ接続枚数計算ツール!$I$6-HUAWEI製ＰＣＳ接続枚数計算ツール!$G$6)+HUAWEI製ＰＣＳ接続枚数計算ツール!$G$6)*VLOOKUP(HUAWEI製ＰＣＳ接続枚数計算ツール!$C$9, HUAWEI製ＰＣＳ接続枚数計算ツール!$B$119:$P$149,10,FALSE) -> 43.22286 | C3: =((1-1/MAX(100%,過積載率!C3))^0.5*(HUAWEI製ＰＣＳ接続枚数計算ツール!$I$6-HUAWEI製ＰＣＳ接続枚数計算ツール!$G$6)+HUAWEI製ＰＣＳ接続枚数計算ツール!$G$6)*VLOOKUP(HUAWEI製ＰＣＳ接続枚数計算ツール!$C$9, HUAWEI製ＰＣＳ接続枚数計算ツール!$B$119:$P$149,10,FALSE) -> 43.22286 | D3: =((1-1/MAX(100%,過積載率!D3))^0.5*(HUAWEI製ＰＣＳ接続枚数計算ツール!$I$6-HUAWEI製ＰＣＳ接続枚数計算ツール!$G$6)+HUAWEI製ＰＣＳ接続枚数計算ツール!$G$6)*VLOOKUP(HUAWEI製ＰＣＳ接続枚数計算ツール!$C$9, HUAWEI製ＰＣＳ接続枚数計算ツール!$B$119:$P$149,10,FALSE) -> 43.22286 | E3: =((1-1/MAX(100%,過積載率!E3))^0.5*(HUAWEI製ＰＣＳ接続枚数計算ツール!$I$6-HUAWEI製ＰＣＳ接続枚数計算ツール!$G$6)+HUAWEI製ＰＣＳ接続枚数計算ツール!$G$6)*VLOOKUP(HUAWEI製ＰＣＳ接続枚数計算ツール!$C$9, HUAWEI製ＰＣＳ接続枚数計算ツール!$B$119:$P$149,10,FALSE) -> 43.22286 | F3: =((1-1/MAX(100%,過積載率!F3))^0.5*(HUAWEI製ＰＣＳ接続枚数計算ツール!$I$6-HUAWEI製ＰＣＳ接続枚数計算ツール!$G$6)+HUAWEI製ＰＣＳ接続枚数計算ツール!$G$6)*VLOOKUP(HUAWEI製ＰＣＳ接続枚数計算ツール!$C$9, HUAWEI製ＰＣＳ接続枚数計算ツール!$B$119:$P$149,10,FALSE) -> 43.22286 | G3: =((1-1/MAX(100%,過積載率!G3))^0.5*(HUAWEI製ＰＣＳ接続枚数計算ツール!$I$6-HUAWEI製ＰＣＳ接続枚数計算ツール!$G$6)+HUAWEI製ＰＣＳ接続枚数計算ツール!$G$6)*VLOOKUP(HUAWEI製ＰＣＳ接続枚数計算ツール!$C$9, HUAWEI製ＰＣＳ接続枚数計算ツール!$B$119:$P$149,10,FALSE) -> 43.22286 | H3: =((1-1/MAX(100%,過積載率!H3))^0.5*(HUAWEI製ＰＣＳ接続枚数計算ツール!$I$6-HUAWEI製ＰＣＳ接続枚数計算ツール!$G$6)+HUAWEI製ＰＣＳ接続枚数計算ツール!$G$6)*VLOOKUP(HUAWEI製ＰＣＳ接続枚数計算ツール!$C$9, HUAWEI製ＰＣＳ接続枚数計算ツール!$B$119:$P$149,10,FALSE) -> 43.22286 | I3: =((1-1/MAX(100%,過積載率!I3))^0.5*(HUAWEI製ＰＣＳ接続枚数計算ツール!$I$6-HUAWEI製ＰＣＳ接続枚数計算ツール!$G$6)+HUAWEI製ＰＣＳ接続枚数計算ツール!$G$6)*VLOOKUP(HUAWEI製ＰＣＳ接続枚数計算ツール!$C$9, HUAWEI製ＰＣＳ接続枚数計算ツール!$B$119:$P$149,10,FALSE) -> 43.22286 | ... AO3: =((1-1/MAX(100%,過積載率!AO3))^0.5*(HUAWEI製ＰＣＳ接続枚数計算ツール!$I$6-HUAWEI製ＰＣＳ接続枚数計算ツール!$G$6)+HUAWEI製ＰＣＳ接続枚数計算ツール!$G$6)*VLOOKUP(HUAWEI製ＰＣＳ接続枚数計算ツール!$C$9, HUAWEI製ＰＣＳ接続枚数計算ツール!$B$119:$P$149,10,FALSE) -> 43.22286
A4: 2 | B4: =((1-1/MAX(100%,過積載率!B4))^0.5*(HUAWEI製ＰＣＳ接続枚数計算ツール!$I$6-HUAWEI製ＰＣＳ接続枚数計算ツール!$G$6)+HUAWEI製ＰＣＳ接続枚数計算ツール!$G$6)*VLOOKUP(HUAWEI製ＰＣＳ接続枚数計算ツール!$C$9, HUAWEI製ＰＣＳ接続枚数計算ツール!$B$119:$P$149,10,FALSE) -> 43.22286 | C4: =((1-1/MAX(100%,過積載率!C4))^0.5*(HUAWEI製ＰＣＳ接続枚数計算ツール!$I$6-HUAWEI製ＰＣＳ接続枚数計算ツール!$G$6)+HUAWEI製ＰＣＳ接続枚数計算ツール!$G$6)*VLOOKUP(HUAWEI製ＰＣＳ接続枚数計算ツール!$C$9, HUAWEI製ＰＣＳ接続枚数計算ツール!$B$119:$P$149,10,FALSE) -> 43.22286 | D4: =((1-1/MAX(100%,過積載率!D4))^0.5*(HUAWEI製ＰＣＳ接続枚数計算ツール!$I$6-HUAWEI製ＰＣＳ接続枚数計算ツール!$G$6)+HUAWEI製ＰＣＳ接続枚数計算ツール!$G$6)*VLOOKUP(HUAWEI製ＰＣＳ接続枚数計算ツール!$C$9, HUAWEI製ＰＣＳ接続枚数計算ツール!$B$119:$P$149,10,FALSE) -> 43.22286 | E4: =((1-1/MAX(100%,過積載率!E4))^0.5*(HUAWEI製ＰＣＳ接続枚数計算ツール!$I$6-HUAWEI製ＰＣＳ接続枚数計算ツール!$G$6)+HUAWEI製ＰＣＳ接続枚数計算ツール!$G$6)*VLOOKUP(HUAWEI製ＰＣＳ接続枚数計算ツール!$C$9, HUAWEI製ＰＣＳ接続枚数計算ツール!$B$119:$P$149,10,FALSE) -> 43.22286 | F4: =((1-1/MAX(100%,過積載率!F4))^0.5*(HUAWEI製ＰＣＳ接続枚数計算ツール!$I$6-HUAWEI製ＰＣＳ接続枚数計算ツール!$G$6)+HUAWEI製ＰＣＳ接続枚数計算ツール!$G$6)*VLOOKUP(HUAWEI製ＰＣＳ接続枚数計算ツール!$C$9, HUAWEI製ＰＣＳ接続枚数計算ツール!$B$119:$P$149,10,FALSE) -> 43.22286 | G4: =((1-1/MAX(100%,過積載率!G4))^0.5*(HUAWEI製ＰＣＳ接続枚数計算ツール!$I$6-HUAWEI製ＰＣＳ接続枚数計算ツール!$G$6)+HUAWEI製ＰＣＳ接続枚数計算ツール!$G$6)*VLOOKUP(HUAWEI製ＰＣＳ接続枚数計算ツール!$C$9, HUAWEI製ＰＣＳ接続枚数計算ツール!$B$119:$P$149,10,FALSE) -> 43.22286 | H4: =((1-1/MAX(100%,過積載率!H4))^0.5*(HUAWEI製ＰＣＳ接続枚数計算ツール!$I$6-HUAWEI製ＰＣＳ接続枚数計算ツール!$G$6)+HUAWEI製ＰＣＳ接続枚数計算ツール!$G$6)*VLOOKUP(HUAWEI製ＰＣＳ接続枚数計算ツール!$C$9, HUAWEI製ＰＣＳ接続枚数計算ツール!$B$119:$P$149,10,FALSE) -> 43.22286 | I4: =((1-1/MAX(100%,過積載率!I4))^0.5*(HUAWEI製ＰＣＳ接続枚数計算ツール!$I$6-HUAWEI製ＰＣＳ接続枚数計算ツール!$G$6)+HUAWEI製ＰＣＳ接続枚数計算ツール!$G$6)*VLOOKUP(HUAWEI製ＰＣＳ接続枚数計算ツール!$C$9, HUAWEI製ＰＣＳ接続枚数計算ツール!$B$119:$P$149,10,FALSE) -> 43.22286 | ... AO4: =((1-1/MAX(100%,過積載率!AO4))^0.5*(HUAWEI製ＰＣＳ接続枚数計算ツール!$I$6-HUAWEI製ＰＣＳ接続枚数計算ツール!$G$6)+HUAWEI製ＰＣＳ接続枚数計算ツール!$G$6)*VLOOKUP(HUAWEI製ＰＣＳ接続枚数計算ツール!$C$9, HUAWEI製ＰＣＳ接続枚数計算ツール!$B$119:$P$149,10,FALSE) -> 43.22286
A5: 3 | B5: =((1-1/MAX(100%,過積載率!B5))^0.5*(HUAWEI製ＰＣＳ接続枚数計算ツール!$I$6-HUAWEI製ＰＣＳ接続枚数計算ツール!$G$6)+HUAWEI製ＰＣＳ接続枚数計算ツール!$G$6)*VLOOKUP(HUAWEI製ＰＣＳ接続枚数計算ツール!$C$9, HUAWEI製ＰＣＳ接続枚数計算ツール!$B$119:$P$149,10,FALSE) -> 43.22286 | C5: =((1-1/MAX(100%,過積載率!C5))^0.5*(HUAWEI製ＰＣＳ接続枚数計算ツール!$I$6-HUAWEI製ＰＣＳ接続枚数計算ツール!$G$6)+HUAWEI製ＰＣＳ接続枚数計算ツール!$G$6)*VLOOKUP(HUAWEI製ＰＣＳ接続枚数計算ツール!$C$9, HUAWEI製ＰＣＳ接続枚数計算ツール!$B$119:$P$149,10,FALSE) -> 43.22286 | D5: =((1-1/MAX(100%,過積載率!D5))^0.5*(HUAWEI製ＰＣＳ接続枚数計算ツール!$I$6-HUAWEI製ＰＣＳ接続枚数計算ツール!$G$6)+HUAWEI製ＰＣＳ接続枚数計算ツール!$G$6)*VLOOKUP(HUAWEI製ＰＣＳ接続枚数計算ツール!$C$9, HUAWEI製ＰＣＳ接続枚数計算ツール!$B$119:$P$149,10,FALSE) -> 43.22286 | E5: =((1-1/MAX(100%,過積載率!E5))^0.5*(HUAWEI製ＰＣＳ接続枚数計算ツール!$I$6-HUAWEI製ＰＣＳ接続枚数計算ツール!$G$6)+HUAWEI製ＰＣＳ接続枚数計算ツール!$G$6)*VLOOKUP(HUAWEI製ＰＣＳ接続枚数計算ツール!$C$9, HUAWEI製ＰＣＳ接続枚数計算ツール!$B$119:$P$149,10,FALSE) -> 43.22286 | F5: =((1-1/MAX(100%,過積載率!F5))^0.5*(HUAWEI製ＰＣＳ接続枚数計算ツール!$I$6-HUAWEI製ＰＣＳ接続枚数計算ツール!$G$6)+HUAWEI製ＰＣＳ接続枚数計算ツール!$G$6)*VLOOKUP(HUAWEI製ＰＣＳ接続枚数計算ツール!$C$9, HUAWEI製ＰＣＳ接続枚数計算ツール!$B$119:$P$149,10,FALSE) -> 43.22286 | G5: =((1-1/MAX(100%,過積載率!G5))^0.5*(HUAWEI製ＰＣＳ接続枚数計算ツール!$I$6-HUAWEI製ＰＣＳ接続枚数計算ツール!$G$6)+HUAWEI製ＰＣＳ接続枚数計算ツール!$G$6)*VLOOKUP(HUAWEI製ＰＣＳ接続枚数計算ツール!$C$9, HUAWEI製ＰＣＳ接続枚数計算ツール!$B$119:$P$149,10,FALSE) -> 43.22286 | H5: =((1-1/MAX(100%,過積載率!H5))^0.5*(HUAWEI製ＰＣＳ接続枚数計算ツール!$I$6-HUAWEI製ＰＣＳ接続枚数計算ツール!$G$6)+HUAWEI製ＰＣＳ接続枚数計算ツール!$G$6)*VLOOKUP(HUAWEI製ＰＣＳ接続枚数計算ツール!$C$9, HUAWEI製ＰＣＳ接続枚数計算ツール!$B$119:$P$149,10,FALSE) -> 43.22286 | I5: =((1-1/MAX(100%,過積載率!I5))^0.5*(HUAWEI製ＰＣＳ接続枚数計算ツール!$I$6-HUAWEI製ＰＣＳ接続枚数計算ツール!$G$6)+HUAWEI製ＰＣＳ接続枚数計算ツール!$G$6)*VLOOKUP(HUAWEI製ＰＣＳ接続枚数計算ツール!$C$9, HUAWEI製ＰＣＳ接続枚数計算ツール!$B$119:$P$149,10,FALSE) -> 43.22286 | ... AO5: =((1-1/MAX(100%,過積載率!AO5))^0.5*(HUAWEI製ＰＣＳ接続枚数計算ツール!$I$6-HUAWEI製ＰＣＳ接続枚数計算ツール!$G$6)+HUAWEI製ＰＣＳ接続枚数計算ツール!$G$6)*VLOOKUP(HUAWEI製ＰＣＳ接続枚数計算ツール!$C$9, HUAWEI製ＰＣＳ接続枚数計算ツール!$B$119:$P$149,10,FALSE) -> 43.22286
A6: 4 | B6: =((1-1/MAX(100%,過積載率!B6))^0.5*(HUAWEI製ＰＣＳ接続枚数計算ツール!$I$6-HUAWEI製ＰＣＳ接続枚数計算ツール!$G$6)+HUAWEI製ＰＣＳ接続枚数計算ツール!$G$6)*VLOOKUP(HUAWEI製ＰＣＳ接続枚数計算ツール!$C$9, HUAWEI製ＰＣＳ接続枚数計算ツール!$B$119:$P$149,10,FALSE) -> 43.22286 | C6: =((1-1/MAX(100%,過積載率!C6))^0.5*(HUAWEI製ＰＣＳ接続枚数計算ツール!$I$6-HUAWEI製ＰＣＳ接続枚数計算ツール!$G$6)+HUAWEI製ＰＣＳ接続枚数計算ツール!$G$6)*VLOOKUP(HUAWEI製ＰＣＳ接続枚数計算ツール!$C$9, HUAWEI製ＰＣＳ接続枚数計算ツール!$B$119:$P$149,10,FALSE) -> 43.22286 | D6: =((1-1/MAX(100%,過積載率!D6))^0.5*(HUAWEI製ＰＣＳ接続枚数計算ツール!$I$6-HUAWEI製ＰＣＳ接続枚数計算ツール!$G$6)+HUAWEI製ＰＣＳ接続枚数計算ツール!$G$6)*VLOOKUP(HUAWEI製ＰＣＳ接続枚数計算ツール!$C$9, HUAWEI製ＰＣＳ接続枚数計算ツール!$B$119:$P$149,10,FALSE) -> 43.22286 | E6: =((1-1/MAX(100%,過積載率!E6))^0.5*(HUAWEI製ＰＣＳ接続枚数計算ツール!$I$6-HUAWEI製ＰＣＳ接続枚数計算ツール!$G$6)+HUAWEI製ＰＣＳ接続枚数計算ツール!$G$6)*VLOOKUP(HUAWEI製ＰＣＳ接続枚数計算ツール!$C$9, HUAWEI製ＰＣＳ接続枚数計算ツール!$B$119:$P$149,10,FALSE) -> 43.22286 | F6: =((1-1/MAX(100%,過積載率!F6))^0.5*(HUAWEI製ＰＣＳ接続枚数計算ツール!$I$6-HUAWEI製ＰＣＳ接続枚数計算ツール!$G$6)+HUAWEI製ＰＣＳ接続枚数計算ツール!$G$6)*VLOOKUP(HUAWEI製ＰＣＳ接続枚数計算ツール!$C$9, HUAWEI製ＰＣＳ接続枚数計算ツール!$B$119:$P$149,10,FALSE) -> 43.22286 | G6: =((1-1/MAX(100%,過積載率!G6))^0.5*(HUAWEI製ＰＣＳ接続枚数計算ツール!$I$6-HUAWEI製ＰＣＳ接続枚数計算ツール!$G$6)+HUAWEI製ＰＣＳ接続枚数計算ツール!$G$6)*VLOOKUP(HUAWEI製ＰＣＳ接続枚数計算ツール!$C$9, HUAWEI製ＰＣＳ接続枚数計算ツール!$B$119:$P$149,10,FALSE) -> 43.22286 | H6: =((1-1/MAX(100%,過積載率!H6))^0.5*(HUAWEI製ＰＣＳ接続枚数計算ツール!$I$6-HUAWEI製ＰＣＳ接続枚数計算ツール!$G$6)+HUAWEI製ＰＣＳ接続枚数計算ツール!$G$6)*VLOOKUP(HUAWEI製ＰＣＳ接続枚数計算ツール!$C$9, HUAWEI製ＰＣＳ接続枚数計算ツール!$B$119:$P$149,10,FALSE) -> 43.22286 | I6: =((1-1/MAX(100%,過積載率!I6))^0.5*(HUAWEI製ＰＣＳ接続枚数計算ツール!$I$6-HUAWEI製ＰＣＳ接続枚数計算ツール!$G$6)+HUAWEI製ＰＣＳ接続枚数計算ツール!$G$6)*VLOOKUP(HUAWEI製ＰＣＳ接続枚数計算ツール!$C$9, HUAWEI製ＰＣＳ接続枚数計算ツール!$B$119:$P$149,10,FALSE) -> 43.22286 | ... AO6: =((1-1/MAX(100%,過積載率!AO6))^0.5*(HUAWEI製ＰＣＳ接続枚数計算ツール!$I$6-HUAWEI製ＰＣＳ接続枚数計算ツール!$G$6)+HUAWEI製ＰＣＳ接続枚数計算ツール!$G$6)*VLOOKUP(HUAWEI製ＰＣＳ接続枚数計算ツール!$C$9, HUAWEI製ＰＣＳ接続枚数計算ツール!$B$119:$P$149,10,FALSE) -> 43.22286
A7: 5 | B7: =((1-1/MAX(100%,過積載率!B7))^0.5*(HUAWEI製ＰＣＳ接続枚数計算ツール!$I$6-HUAWEI製ＰＣＳ接続枚数計算ツール!$G$6)+HUAWEI製ＰＣＳ接続枚数計算ツール!$G$6)*VLOOKUP(HUAWEI製ＰＣＳ接続枚数計算ツール!$C$9, HUAWEI製ＰＣＳ接続枚数計算ツール!$B$119:$P$149,10,FALSE) -> 43.22286 | C7: =((1-1/MAX(100%,過積載率!C7))^0.5*(HUAWEI製ＰＣＳ接続枚数計算ツール!$I$6-HUAWEI製ＰＣＳ接続枚数計算ツール!$G$6)+HUAWEI製ＰＣＳ接続枚数計算ツール!$G$6)*VLOOKUP(HUAWEI製ＰＣＳ接続枚数計算ツール!$C$9, HUAWEI製ＰＣＳ接続枚数計算ツール!$B$119:$P$149,10,FALSE) -> 43.22286 | D7: =((1-1/MAX(100%,過積載率!D7))^0.5*(HUAWEI製ＰＣＳ接続枚数計算ツール!$I$6-HUAWEI製ＰＣＳ接続枚数計算ツール!$G$6)+HUAWEI製ＰＣＳ接続枚数計算ツール!$G$6)*VLOOKUP(HUAWEI製ＰＣＳ接続枚数計算ツール!$C$9, HUAWEI製ＰＣＳ接続枚数計算ツール!$B$119:$P$149,10,FALSE) -> 43.22286 | E7: =((1-1/MAX(100%,過積載率!E7))^0.5*(HUAWEI製ＰＣＳ接続枚数計算ツール!$I$6-HUAWEI製ＰＣＳ接続枚数計算ツール!$G$6)+HUAWEI製ＰＣＳ接続枚数計算ツール!$G$6)*VLOOKUP(HUAWEI製ＰＣＳ接続枚数計算ツール!$C$9, HUAWEI製ＰＣＳ接続枚数計算ツール!$B$119:$P$149,10,FALSE) -> 43.22286 | F7: =((1-1/MAX(100%,過積載率!F7))^0.5*(HUAWEI製ＰＣＳ接続枚数計算ツール!$I$6-HUAWEI製ＰＣＳ接続枚数計算ツール!$G$6)+HUAWEI製ＰＣＳ接続枚数計算ツール!$G$6)*VLOOKUP(HUAWEI製ＰＣＳ接続枚数計算ツール!$C$9, HUAWEI製ＰＣＳ接続枚数計算ツール!$B$119:$P$149,10,FALSE) -> 43.22286 | G7: =((1-1/MAX(100%,過積載率!G7))^0.5*(HUAWEI製ＰＣＳ接続枚数計算ツール!$I$6-HUAWEI製ＰＣＳ接続枚数計算ツール!$G$6)+HUAWEI製ＰＣＳ接続枚数計算ツール!$G$6)*VLOOKUP(HUAWEI製ＰＣＳ接続枚数計算ツール!$C$9, HUAWEI製ＰＣＳ接続枚数計算ツール!$B$119:$P$149,10,FALSE) -> 43.22286 | H7: =((1-1/MAX(100%,過積載率!H7))^0.5*(HUAWEI製ＰＣＳ接続枚数計算ツール!$I$6-HUAWEI製ＰＣＳ接続枚数計算ツール!$G$6)+HUAWEI製ＰＣＳ接続枚数計算ツール!$G$6)*VLOOKUP(HUAWEI製ＰＣＳ接続枚数計算ツール!$C$9, HUAWEI製ＰＣＳ接続枚数計算ツール!$B$119:$P$149,10,FALSE) -> 43.22286 | I7: =((1-1/MAX(100%,過積載率!I7))^0.5*(HUAWEI製ＰＣＳ接続枚数計算ツール!$I$6-HUAWEI製ＰＣＳ接続枚数計算ツール!$G$6)+HUAWEI製ＰＣＳ接続枚数計算ツール!$G$6)*VLOOKUP(HUAWEI製ＰＣＳ接続枚数計算ツール!$C$9, HUAWEI製ＰＣＳ接続枚数計算ツール!$B$119:$P$149,10,FALSE) -> 43.22286 | ... AO7: =((1-1/MAX(100%,過積載率!AO7))^0.5*(HUAWEI製ＰＣＳ接続枚数計算ツール!$I$6-HUAWEI製ＰＣＳ接続枚数計算ツール!$G$6)+HUAWEI製ＰＣＳ接続枚数計算ツール!$G$6)*VLOOKUP(HUAWEI製ＰＣＳ接続枚数計算ツール!$C$9, HUAWEI製ＰＣＳ接続枚数計算ツール!$B$119:$P$149,10,FALSE) -> 43.22286
A8: 6 | B8: =((1-1/MAX(100%,過積載率!B8))^0.5*(HUAWEI製ＰＣＳ接続枚数計算ツール!$I$6-HUAWEI製ＰＣＳ接続枚数計算ツール!$G$6)+HUAWEI製ＰＣＳ接続枚数計算ツール!$G$6)*VLOOKUP(HUAWEI製ＰＣＳ接続枚数計算ツール!$C$9, HUAWEI製ＰＣＳ接続枚数計算ツール!$B$119:$P$149,10,FALSE) -> 43.22286 | C8: =((1-1/MAX(100%,過積載率!C8))^0.5*(HUAWEI製ＰＣＳ接続枚数計算ツール!$I$6-HUAWEI製ＰＣＳ接続枚数計算ツール!$G$6)+HUAWEI製ＰＣＳ接続枚数計算ツール!$G$6)*VLOOKUP(HUAWEI製ＰＣＳ接続枚数計算ツール!$C$9, HUAWEI製ＰＣＳ接続枚数計算ツール!$B$119:$P$149,10,FALSE) -> 43.22286 | D8: =((1-1/MAX(100%,過積載率!D8))^0.5*(HUAWEI製ＰＣＳ接続枚数計算ツール!$I$6-HUAWEI製ＰＣＳ接続枚数計算ツール!$G$6)+HUAWEI製ＰＣＳ接続枚数計算ツール!$G$6)*VLOOKUP(HUAWEI製ＰＣＳ接続枚数計算ツール!$C$9, HUAWEI製ＰＣＳ接続枚数計算ツール!$B$119:$P$149,10,FALSE) -> 43.22286 | E8: =((1-1/MAX(100%,過積載率!E8))^0.5*(HUAWEI製ＰＣＳ接続枚数計算ツール!$I$6-HUAWEI製ＰＣＳ接続枚数計算ツール!$G$6)+HUAWEI製ＰＣＳ接続枚数計算ツール!$G$6)*VLOOKUP(HUAWEI製ＰＣＳ接続枚数計算ツール!$C$9, HUAWEI製ＰＣＳ接続枚数計算ツール!$B$119:$P$149,10,FALSE) -> 43.22286 | F8: =((1-1/MAX(100%,過積載率!F8))^0.5*(HUAWEI製ＰＣＳ接続枚数計算ツール!$I$6-HUAWEI製ＰＣＳ接続枚数計算ツール!$G$6)+HUAWEI製ＰＣＳ接続枚数計算ツール!$G$6)*VLOOKUP(HUAWEI製ＰＣＳ接続枚数計算ツール!$C$9, HUAWEI製ＰＣＳ接続枚数計算ツール!$B$119:$P$149,10,FALSE) -> 43.22286 | G8: =((1-1/MAX(100%,過積載率!G8))^0.5*(HUAWEI製ＰＣＳ接続枚数計算ツール!$I$6-HUAWEI製ＰＣＳ接続枚数計算ツール!$G$6)+HUAWEI製ＰＣＳ接続枚数計算ツール!$G$6)*VLOOKUP(HUAWEI製ＰＣＳ接続枚数計算ツール!$C$9, HUAWEI製ＰＣＳ接続枚数計算ツール!$B$119:$P$149,10,FALSE) -> 43.22286 | H8: =((1-1/MAX(100%,過積載率!H8))^0.5*(HUAWEI製ＰＣＳ接続枚数計算ツール!$I$6-HUAWEI製ＰＣＳ接続枚数計算ツール!$G$6)+HUAWEI製ＰＣＳ接続枚数計算ツール!$G$6)*VLOOKUP(HUAWEI製ＰＣＳ接続枚数計算ツール!$C$9, HUAWEI製ＰＣＳ接続枚数計算ツール!$B$119:$P$149,10,FALSE) -> 43.22286 | I8: =((1-1/MAX(100%,過積載率!I8))^0.5*(HUAWEI製ＰＣＳ接続枚数計算ツール!$I$6-HUAWEI製ＰＣＳ接続枚数計算ツール!$G$6)+HUAWEI製ＰＣＳ接続枚数計算ツール!$G$6)*VLOOKUP(HUAWEI製ＰＣＳ接続枚数計算ツール!$C$9, HUAWEI製ＰＣＳ接続枚数計算ツール!$B$119:$P$149,10,FALSE) -> 43.22286 | ... AO8: =((1-1/MAX(100%,過積載率!AO8))^0.5*(HUAWEI製ＰＣＳ接続枚数計算ツール!$I$6-HUAWEI製ＰＣＳ接続枚数計算ツール!$G$6)+HUAWEI製ＰＣＳ接続枚数計算ツール!$G$6)*VLOOKUP(HUAWEI製ＰＣＳ接続枚数計算ツール!$C$9, HUAWEI製ＰＣＳ接続枚数計算ツール!$B$119:$P$149,10,FALSE) -> 46.372905
A9: 7 | B9: =((1-1/MAX(100%,過積載率!B9))^0.5*(HUAWEI製ＰＣＳ接続枚数計算ツール!$I$6-HUAWEI製ＰＣＳ接続枚数計算ツール!$G$6)+HUAWEI製ＰＣＳ接続枚数計算ツール!$G$6)*VLOOKUP(HUAWEI製ＰＣＳ接続枚数計算ツール!$C$9, HUAWEI製ＰＣＳ接続枚数計算ツール!$B$119:$P$149,10,FALSE) -> 43.22286 | C9: =((1-1/MAX(100%,過積載率!C9))^0.5*(HUAWEI製ＰＣＳ接続枚数計算ツール!$I$6-HUAWEI製ＰＣＳ接続枚数計算ツール!$G$6)+HUAWEI製ＰＣＳ接続枚数計算ツール!$G$6)*VLOOKUP(HUAWEI製ＰＣＳ接続枚数計算ツール!$C$9, HUAWEI製ＰＣＳ接続枚数計算ツール!$B$119:$P$149,10,FALSE) -> 43.22286 | D9: =((1-1/MAX(100%,過積載率!D9))^0.5*(HUAWEI製ＰＣＳ接続枚数計算ツール!$I$6-HUAWEI製ＰＣＳ接続枚数計算ツール!$G$6)+HUAWEI製ＰＣＳ接続枚数計算ツール!$G$6)*VLOOKUP(HUAWEI製ＰＣＳ接続枚数計算ツール!$C$9, HUAWEI製ＰＣＳ接続枚数計算ツール!$B$119:$P$149,10,FALSE) -> 43.22286 | E9: =((1-1/MAX(100%,過積載率!E9))^0.5*(HUAWEI製ＰＣＳ接続枚数計算ツール!$I$6-HUAWEI製ＰＣＳ接続枚数計算ツール!$G$6)+HUAWEI製ＰＣＳ接続枚数計算ツール!$G$6)*VLOOKUP(HUAWEI製ＰＣＳ接続枚数計算ツール!$C$9, HUAWEI製ＰＣＳ接続枚数計算ツール!$B$119:$P$149,10,FALSE) -> 43.22286 | F9: =((1-1/MAX(100%,過積載率!F9))^0.5*(HUAWEI製ＰＣＳ接続枚数計算ツール!$I$6-HUAWEI製ＰＣＳ接続枚数計算ツール!$G$6)+HUAWEI製ＰＣＳ接続枚数計算ツール!$G$6)*VLOOKUP(HUAWEI製ＰＣＳ接続枚数計算ツール!$C$9, HUAWEI製ＰＣＳ接続枚数計算ツール!$B$119:$P$149,10,FALSE) -> 43.22286 | G9: =((1-1/MAX(100%,過積載率!G9))^0.5*(HUAWEI製ＰＣＳ接続枚数計算ツール!$I$6-HUAWEI製ＰＣＳ接続枚数計算ツール!$G$6)+HUAWEI製ＰＣＳ接続枚数計算ツール!$G$6)*VLOOKUP(HUAWEI製ＰＣＳ接続枚数計算ツール!$C$9, HUAWEI製ＰＣＳ接続枚数計算ツール!$B$119:$P$149,10,FALSE) -> 43.22286 | H9: =((1-1/MAX(100%,過積載率!H9))^0.5*(HUAWEI製ＰＣＳ接続枚数計算ツール!$I$6-HUAWEI製ＰＣＳ接続枚数計算ツール!$G$6)+HUAWEI製ＰＣＳ接続枚数計算ツール!$G$6)*VLOOKUP(HUAWEI製ＰＣＳ接続枚数計算ツール!$C$9, HUAWEI製ＰＣＳ接続枚数計算ツール!$B$119:$P$149,10,FALSE) -> 43.22286 | I9: =((1-1/MAX(100%,過積載率!I9))^0.5*(HUAWEI製ＰＣＳ接続枚数計算ツール!$I$6-HUAWEI製ＰＣＳ接続枚数計算ツール!$G$6)+HUAWEI製ＰＣＳ接続枚数計算ツール!$G$6)*VLOOKUP(HUAWEI製ＰＣＳ接続枚数計算ツール!$C$9, HUAWEI製ＰＣＳ接続枚数計算ツール!$B$119:$P$149,10,FALSE) -> 43.22286 | ... AO9: =((1-1/MAX(100%,過積載率!AO9))^0.5*(HUAWEI製ＰＣＳ接続枚数計算ツール!$I$6-HUAWEI製ＰＣＳ接続枚数計算ツール!$G$6)+HUAWEI製ＰＣＳ接続枚数計算ツール!$G$6)*VLOOKUP(HUAWEI製ＰＣＳ接続枚数計算ツール!$C$9, HUAWEI製ＰＣＳ接続枚数計算ツール!$B$119:$P$149,10,FALSE) -> 47.610196
A10: 8 | B10: =((1-1/MAX(100%,過積載率!B10))^0.5*(HUAWEI製ＰＣＳ接続枚数計算ツール!$I$6-HUAWEI製ＰＣＳ接続枚数計算ツール!$G$6)+HUAWEI製ＰＣＳ接続枚数計算ツール!$G$6)*VLOOKUP(HUAWEI製ＰＣＳ接続枚数計算ツール!$C$9, HUAWEI製ＰＣＳ接続枚数計算ツール!$B$119:$P$149,10,FALSE) -> 43.22286 | C10: =((1-1/MAX(100%,過積載率!C10))^0.5*(HUAWEI製ＰＣＳ接続枚数計算ツール!$I$6-HUAWEI製ＰＣＳ接続枚数計算ツール!$G$6)+HUAWEI製ＰＣＳ接続枚数計算ツール!$G$6)*VLOOKUP(HUAWEI製ＰＣＳ接続枚数計算ツール!$C$9, HUAWEI製ＰＣＳ接続枚数計算ツール!$B$119:$P$149,10,FALSE) -> 43.22286 | D10: =((1-1/MAX(100%,過積載率!D10))^0.5*(HUAWEI製ＰＣＳ接続枚数計算ツール!$I$6-HUAWEI製ＰＣＳ接続枚数計算ツール!$G$6)+HUAWEI製ＰＣＳ接続枚数計算ツール!$G$6)*VLOOKUP(HUAWEI製ＰＣＳ接続枚数計算ツール!$C$9, HUAWEI製ＰＣＳ接続枚数計算ツール!$B$119:$P$149,10,FALSE) -> 43.22286 | E10: =((1-1/MAX(100%,過積載率!E10))^0.5*(HUAWEI製ＰＣＳ接続枚数計算ツール!$I$6-HUAWEI製ＰＣＳ接続枚数計算ツール!$G$6)+HUAWEI製ＰＣＳ接続枚数計算ツール!$G$6)*VLOOKUP(HUAWEI製ＰＣＳ接続枚数計算ツール!$C$9, HUAWEI製ＰＣＳ接続枚数計算ツール!$B$119:$P$149,10,FALSE) -> 43.22286 | F10: =((1-1/MAX(100%,過積載率!F10))^0.5*(HUAWEI製ＰＣＳ接続枚数計算ツール!$I$6-HUAWEI製ＰＣＳ接続枚数計算ツール!$G$6)+HUAWEI製ＰＣＳ接続枚数計算ツール!$G$6)*VLOOKUP(HUAWEI製ＰＣＳ接続枚数計算ツール!$C$9, HUAWEI製ＰＣＳ接続枚数計算ツール!$B$119:$P$149,10,FALSE) -> 43.22286 | G10: =((1-1/MAX(100%,過積載率!G10))^0.5*(HUAWEI製ＰＣＳ接続枚数計算ツール!$I$6-HUAWEI製ＰＣＳ接続枚数計算ツール!$G$6)+HUAWEI製ＰＣＳ接続枚数計算ツール!$G$6)*VLOOKUP(HUAWEI製ＰＣＳ接続枚数計算ツール!$C$9, HUAWEI製ＰＣＳ接続枚数計算ツール!$B$119:$P$149,10,FALSE) -> 43.22286 | H10: =((1-1/MAX(100%,過積載率!H10))^0.5*(HUAWEI製ＰＣＳ接続枚数計算ツール!$I$6-HUAWEI製ＰＣＳ接続枚数計算ツール!$G$6)+HUAWEI製ＰＣＳ接続枚数計算ツール!$G$6)*VLOOKUP(HUAWEI製ＰＣＳ接続枚数計算ツール!$C$9, HUAWEI製ＰＣＳ接続枚数計算ツール!$B$119:$P$149,10,FALSE) -> 43.22286 | I10: =((1-1/MAX(100%,過積載率!I10))^0.5*(HUAWEI製ＰＣＳ接続枚数計算ツール!$I$6-HUAWEI製ＰＣＳ接続枚数計算ツール!$G$6)+HUAWEI製ＰＣＳ接続枚数計算ツール!$G$6)*VLOOKUP(HUAWEI製ＰＣＳ接続枚数計算ツール!$C$9, HUAWEI製ＰＣＳ接続枚数計算ツール!$B$119:$P$149,10,FALSE) -> 43.22286 | ... AO10: =((1-1/MAX(100%,過積載率!AO10))^0.5*(HUAWEI製ＰＣＳ接続枚数計算ツール!$I$6-HUAWEI製ＰＣＳ接続枚数計算ツール!$G$6)+HUAWEI製ＰＣＳ接続枚数計算ツール!$G$6)*VLOOKUP(HUAWEI製ＰＣＳ接続枚数計算ツール!$C$9, HUAWEI製ＰＣＳ接続枚数計算ツール!$B$119:$P$149,10,FALSE) -> 48.345668
A11: 9 | B11: =((1-1/MAX(100%,過積載率!B11))^0.5*(HUAWEI製ＰＣＳ接続枚数計算ツール!$I$6-HUAWEI製ＰＣＳ接続枚数計算ツール!$G$6)+HUAWEI製ＰＣＳ接続枚数計算ツール!$G$6)*VLOOKUP(HUAWEI製ＰＣＳ接続枚数計算ツール!$C$9, HUAWEI製ＰＣＳ接続枚数計算ツール!$B$119:$P$149,10,FALSE) -> 43.22286 | C11: =((1-1/MAX(100%,過積載率!C11))^0.5*(HUAWEI製ＰＣＳ接続枚数計算ツール!$I$6-HUAWEI製ＰＣＳ接続枚数計算ツール!$G$6)+HUAWEI製ＰＣＳ接続枚数計算ツール!$G$6)*VLOOKUP(HUAWEI製ＰＣＳ接続枚数計算ツール!$C$9, HUAWEI製ＰＣＳ接続枚数計算ツール!$B$119:$P$149,10,FALSE) -> 43.22286 | D11: =((1-1/MAX(100%,過積載率!D11))^0.5*(HUAWEI製ＰＣＳ接続枚数計算ツール!$I$6-HUAWEI製ＰＣＳ接続枚数計算ツール!$G$6)+HUAWEI製ＰＣＳ接続枚数計算ツール!$G$6)*VLOOKUP(HUAWEI製ＰＣＳ接続枚数計算ツール!$C$9, HUAWEI製ＰＣＳ接続枚数計算ツール!$B$119:$P$149,10,FALSE) -> 43.22286 | E11: =((1-1/MAX(100%,過積載率!E11))^0.5*(HUAWEI製ＰＣＳ接続枚数計算ツール!$I$6-HUAWEI製ＰＣＳ接続枚数計算ツール!$G$6)+HUAWEI製ＰＣＳ接続枚数計算ツール!$G$6)*VLOOKUP(HUAWEI製ＰＣＳ接続枚数計算ツール!$C$9, HUAWEI製ＰＣＳ接続枚数計算ツール!$B$119:$P$149,10,FALSE) -> 43.22286 | F11: =((1-1/MAX(100%,過積載率!F11))^0.5*(HUAWEI製ＰＣＳ接続枚数計算ツール!$I$6-HUAWEI製ＰＣＳ接続枚数計算ツール!$G$6)+HUAWEI製ＰＣＳ接続枚数計算ツール!$G$6)*VLOOKUP(HUAWEI製ＰＣＳ接続枚数計算ツール!$C$9, HUAWEI製ＰＣＳ接続枚数計算ツール!$B$119:$P$149,10,FALSE) -> 43.22286 | G11: =((1-1/MAX(100%,過積載率!G11))^0.5*(HUAWEI製ＰＣＳ接続枚数計算ツール!$I$6-HUAWEI製ＰＣＳ接続枚数計算ツール!$G$6)+HUAWEI製ＰＣＳ接続枚数計算ツール!$G$6)*VLOOKUP(HUAWEI製ＰＣＳ接続枚数計算ツール!$C$9, HUAWEI製ＰＣＳ接続枚数計算ツール!$B$119:$P$149,10,FALSE) -> 43.22286 | H11: =((1-1/MAX(100%,過積載率!H11))^0.5*(HUAWEI製ＰＣＳ接続枚数計算ツール!$I$6-HUAWEI製ＰＣＳ接続枚数計算ツール!$G$6)+HUAWEI製ＰＣＳ接続枚数計算ツール!$G$6)*VLOOKUP(HUAWEI製ＰＣＳ接続枚数計算ツール!$C$9, HUAWEI製ＰＣＳ接続枚数計算ツール!$B$119:$P$149,10,FALSE) -> 43.22286 | I11: =((1-1/MAX(100%,過積載率!I11))^0.5*(HUAWEI製ＰＣＳ接続枚数計算ツール!$I$6-HUAWEI製ＰＣＳ接続枚数計算ツール!$G$6)+HUAWEI製ＰＣＳ接続枚数計算ツール!$G$6)*VLOOKUP(HUAWEI製ＰＣＳ接続枚数計算ツール!$C$9, HUAWEI製ＰＣＳ接続枚数計算ツール!$B$119:$P$149,10,FALSE) -> 43.22286 | ... AO11: =((1-1/MAX(100%,過積載率!AO11))^0.5*(HUAWEI製ＰＣＳ接続枚数計算ツール!$I$6-HUAWEI製ＰＣＳ接続枚数計算ツール!$G$6)+HUAWEI製ＰＣＳ接続枚数計算ツール!$G$6)*VLOOKUP(HUAWEI製ＰＣＳ接続枚数計算ツール!$C$9, HUAWEI製ＰＣＳ接続枚数計算ツール!$B$119:$P$149,10,FALSE) -> 48.851651
A12: 10 | B12: =((1-1/MAX(100%,過積載率!B12))^0.5*(HUAWEI製ＰＣＳ接続枚数計算ツール!$I$6-HUAWEI製ＰＣＳ接続枚数計算ツール!$G$6)+HUAWEI製ＰＣＳ接続枚数計算ツール!$G$6)*VLOOKUP(HUAWEI製ＰＣＳ接続枚数計算ツール!$C$9, HUAWEI製ＰＣＳ接続枚数計算ツール!$B$119:$P$149,10,FALSE) -> 43.22286 | C12: =((1-1/MAX(100%,過積載率!C12))^0.5*(HUAWEI製ＰＣＳ接続枚数計算ツール!$I$6-HUAWEI製ＰＣＳ接続枚数計算ツール!$G$6)+HUAWEI製ＰＣＳ接続枚数計算ツール!$G$6)*VLOOKUP(HUAWEI製ＰＣＳ接続枚数計算ツール!$C$9, HUAWEI製ＰＣＳ接続枚数計算ツール!$B$119:$P$149,10,FALSE) -> 43.22286 | D12: =((1-1/MAX(100%,過積載率!D12))^0.5*(HUAWEI製ＰＣＳ接続枚数計算ツール!$I$6-HUAWEI製ＰＣＳ接続枚数計算ツール!$G$6)+HUAWEI製ＰＣＳ接続枚数計算ツール!$G$6)*VLOOKUP(HUAWEI製ＰＣＳ接続枚数計算ツール!$C$9, HUAWEI製ＰＣＳ接続枚数計算ツール!$B$119:$P$149,10,FALSE) -> 43.22286 | E12: =((1-1/MAX(100%,過積載率!E12))^0.5*(HUAWEI製ＰＣＳ接続枚数計算ツール!$I$6-HUAWEI製ＰＣＳ接続枚数計算ツール!$G$6)+HUAWEI製ＰＣＳ接続枚数計算ツール!$G$6)*VLOOKUP(HUAWEI製ＰＣＳ接続枚数計算ツール!$C$9, HUAWEI製ＰＣＳ接続枚数計算ツール!$B$119:$P$149,10,FALSE) -> 43.22286 | F12: =((1-1/MAX(100%,過積載率!F12))^0.5*(HUAWEI製ＰＣＳ接続枚数計算ツール!$I$6-HUAWEI製ＰＣＳ接続枚数計算ツール!$G$6)+HUAWEI製ＰＣＳ接続枚数計算ツール!$G$6)*VLOOKUP(HUAWEI製ＰＣＳ接続枚数計算ツール!$C$9, HUAWEI製ＰＣＳ接続枚数計算ツール!$B$119:$P$149,10,FALSE) -> 43.22286 | G12: =((1-1/MAX(100%,過積載率!G12))^0.5*(HUAWEI製ＰＣＳ接続枚数計算ツール!$I$6-HUAWEI製ＰＣＳ接続枚数計算ツール!$G$6)+HUAWEI製ＰＣＳ接続枚数計算ツール!$G$6)*VLOOKUP(HUAWEI製ＰＣＳ接続枚数計算ツール!$C$9, HUAWEI製ＰＣＳ接続枚数計算ツール!$B$119:$P$149,10,FALSE) -> 43.22286 | H12: =((1-1/MAX(100%,過積載率!H12))^0.5*(HUAWEI製ＰＣＳ接続枚数計算ツール!$I$6-HUAWEI製ＰＣＳ接続枚数計算ツール!$G$6)+HUAWEI製ＰＣＳ接続枚数計算ツール!$G$6)*VLOOKUP(HUAWEI製ＰＣＳ接続枚数計算ツール!$C$9, HUAWEI製ＰＣＳ接続枚数計算ツール!$B$119:$P$149,10,FALSE) -> 43.22286 | I12: =((1-1/MAX(100%,過積載率!I12))^0.5*(HUAWEI製ＰＣＳ接続枚数計算ツール!$I$6-HUAWEI製ＰＣＳ接続枚数計算ツール!$G$6)+HUAWEI製ＰＣＳ接続枚数計算ツール!$G$6)*VLOOKUP(HUAWEI製ＰＣＳ接続枚数計算ツール!$C$9, HUAWEI製ＰＣＳ接続枚数計算ツール!$B$119:$P$149,10,FALSE) -> 43.22286 | ... AO12: =((1-1/MAX(100%,過積載率!AO12))^0.5*(HUAWEI製ＰＣＳ接続枚数計算ツール!$I$6-HUAWEI製ＰＣＳ接続枚数計算ツール!$G$6)+HUAWEI製ＰＣＳ接続枚数計算ツール!$G$6)*VLOOKUP(HUAWEI製ＰＣＳ接続枚数計算ツール!$C$9, HUAWEI製ＰＣＳ接続枚数計算ツール!$B$119:$P$149,10,FALSE) -> 49.225808
A13: 11 | B13: =((1-1/MAX(100%,過積載率!B13))^0.5*(HUAWEI製ＰＣＳ接続枚数計算ツール!$I$6-HUAWEI製ＰＣＳ接続枚数計算ツール!$G$6)+HUAWEI製ＰＣＳ接続枚数計算ツール!$G$6)*VLOOKUP(HUAWEI製ＰＣＳ接続枚数計算ツール!$C$9, HUAWEI製ＰＣＳ接続枚数計算ツール!$B$119:$P$149,10,FALSE) -> 43.22286 | C13: =((1-1/MAX(100%,過積載率!C13))^0.5*(HUAWEI製ＰＣＳ接続枚数計算ツール!$I$6-HUAWEI製ＰＣＳ接続枚数計算ツール!$G$6)+HUAWEI製ＰＣＳ接続枚数計算ツール!$G$6)*VLOOKUP(HUAWEI製ＰＣＳ接続枚数計算ツール!$C$9, HUAWEI製ＰＣＳ接続枚数計算ツール!$B$119:$P$149,10,FALSE) -> 43.22286 | D13: =((1-1/MAX(100%,過積載率!D13))^0.5*(HUAWEI製ＰＣＳ接続枚数計算ツール!$I$6-HUAWEI製ＰＣＳ接続枚数計算ツール!$G$6)+HUAWEI製ＰＣＳ接続枚数計算ツール!$G$6)*VLOOKUP(HUAWEI製ＰＣＳ接続枚数計算ツール!$C$9, HUAWEI製ＰＣＳ接続枚数計算ツール!$B$119:$P$149,10,FALSE) -> 43.22286 | E13: =((1-1/MAX(100%,過積載率!E13))^0.5*(HUAWEI製ＰＣＳ接続枚数計算ツール!$I$6-HUAWEI製ＰＣＳ接続枚数計算ツール!$G$6)+HUAWEI製ＰＣＳ接続枚数計算ツール!$G$6)*VLOOKUP(HUAWEI製ＰＣＳ接続枚数計算ツール!$C$9, HUAWEI製ＰＣＳ接続枚数計算ツール!$B$119:$P$149,10,FALSE) -> 43.22286 | F13: =((1-1/MAX(100%,過積載率!F13))^0.5*(HUAWEI製ＰＣＳ接続枚数計算ツール!$I$6-HUAWEI製ＰＣＳ接続枚数計算ツール!$G$6)+HUAWEI製ＰＣＳ接続枚数計算ツール!$G$6)*VLOOKUP(HUAWEI製ＰＣＳ接続枚数計算ツール!$C$9, HUAWEI製ＰＣＳ接続枚数計算ツール!$B$119:$P$149,10,FALSE) -> 43.22286 | G13: =((1-1/MAX(100%,過積載率!G13))^0.5*(HUAWEI製ＰＣＳ接続枚数計算ツール!$I$6-HUAWEI製ＰＣＳ接続枚数計算ツール!$G$6)+HUAWEI製ＰＣＳ接続枚数計算ツール!$G$6)*VLOOKUP(HUAWEI製ＰＣＳ接続枚数計算ツール!$C$9, HUAWEI製ＰＣＳ接続枚数計算ツール!$B$119:$P$149,10,FALSE) -> 43.22286 | H13: =((1-1/MAX(100%,過積載率!H13))^0.5*(HUAWEI製ＰＣＳ接続枚数計算ツール!$I$6-HUAWEI製ＰＣＳ接続枚数計算ツール!$G$6)+HUAWEI製ＰＣＳ接続枚数計算ツール!$G$6)*VLOOKUP(HUAWEI製ＰＣＳ接続枚数計算ツール!$C$9, HUAWEI製ＰＣＳ接続枚数計算ツール!$B$119:$P$149,10,FALSE) -> 43.22286 | I13: =((1-1/MAX(100%,過積載率!I13))^0.5*(HUAWEI製ＰＣＳ接続枚数計算ツール!$I$6-HUAWEI製ＰＣＳ接続枚数計算ツール!$G$6)+HUAWEI製ＰＣＳ接続枚数計算ツール!$G$6)*VLOOKUP(HUAWEI製ＰＣＳ接続枚数計算ツール!$C$9, HUAWEI製ＰＣＳ接続枚数計算ツール!$B$119:$P$149,10,FALSE) -> 43.22286 | ... AO13: =((1-1/MAX(100%,過積載率!AO13))^0.5*(HUAWEI製ＰＣＳ接続枚数計算ツール!$I$6-HUAWEI製ＰＣＳ接続枚数計算ツール!$G$6)+HUAWEI製ＰＣＳ接続枚数計算ツール!$G$6)*VLOOKUP(HUAWEI製ＰＣＳ接続枚数計算ツール!$C$9, HUAWEI製ＰＣＳ接続枚数計算ツール!$B$119:$P$149,10,FALSE) -> 49.51541
A14: 12 | B14: =((1-1/MAX(100%,過積載率!B14))^0.5*(HUAWEI製ＰＣＳ接続枚数計算ツール!$I$6-HUAWEI製ＰＣＳ接続枚数計算ツール!$G$6)+HUAWEI製ＰＣＳ接続枚数計算ツール!$G$6)*VLOOKUP(HUAWEI製ＰＣＳ接続枚数計算ツール!$C$9, HUAWEI製ＰＣＳ接続枚数計算ツール!$B$119:$P$149,10,FALSE) -> 43.22286 | C14: =((1-1/MAX(100%,過積載率!C14))^0.5*(HUAWEI製ＰＣＳ接続枚数計算ツール!$I$6-HUAWEI製ＰＣＳ接続枚数計算ツール!$G$6)+HUAWEI製ＰＣＳ接続枚数計算ツール!$G$6)*VLOOKUP(HUAWEI製ＰＣＳ接続枚数計算ツール!$C$9, HUAWEI製ＰＣＳ接続枚数計算ツール!$B$119:$P$149,10,FALSE) -> 43.22286 | D14: =((1-1/MAX(100%,過積載率!D14))^0.5*(HUAWEI製ＰＣＳ接続枚数計算ツール!$I$6-HUAWEI製ＰＣＳ接続枚数計算ツール!$G$6)+HUAWEI製ＰＣＳ接続枚数計算ツール!$G$6)*VLOOKUP(HUAWEI製ＰＣＳ接続枚数計算ツール!$C$9, HUAWEI製ＰＣＳ接続枚数計算ツール!$B$119:$P$149,10,FALSE) -> 43.22286 | E14: =((1-1/MAX(100%,過積載率!E14))^0.5*(HUAWEI製ＰＣＳ接続枚数計算ツール!$I$6-HUAWEI製ＰＣＳ接続枚数計算ツール!$G$6)+HUAWEI製ＰＣＳ接続枚数計算ツール!$G$6)*VLOOKUP(HUAWEI製ＰＣＳ接続枚数計算ツール!$C$9, HUAWEI製ＰＣＳ接続枚数計算ツール!$B$119:$P$149,10,FALSE) -> 43.22286 | F14: =((1-1/MAX(100%,過積載率!F14))^0.5*(HUAWEI製ＰＣＳ接続枚数計算ツール!$I$6-HUAWEI製ＰＣＳ接続枚数計算ツール!$G$6)+HUAWEI製ＰＣＳ接続枚数計算ツール!$G$6)*VLOOKUP(HUAWEI製ＰＣＳ接続枚数計算ツール!$C$9, HUAWEI製ＰＣＳ接続枚数計算ツール!$B$119:$P$149,10,FALSE) -> 43.22286 | G14: =((1-1/MAX(100%,過積載率!G14))^0.5*(HUAWEI製ＰＣＳ接続枚数計算ツール!$I$6-HUAWEI製ＰＣＳ接続枚数計算ツール!$G$6)+HUAWEI製ＰＣＳ接続枚数計算ツール!$G$6)*VLOOKUP(HUAWEI製ＰＣＳ接続枚数計算ツール!$C$9, HUAWEI製ＰＣＳ接続枚数計算ツール!$B$119:$P$149,10,FALSE) -> 43.22286 | H14: =((1-1/MAX(100%,過積載率!H14))^0.5*(HUAWEI製ＰＣＳ接続枚数計算ツール!$I$6-HUAWEI製ＰＣＳ接続枚数計算ツール!$G$6)+HUAWEI製ＰＣＳ接続枚数計算ツール!$G$6)*VLOOKUP(HUAWEI製ＰＣＳ接続枚数計算ツール!$C$9, HUAWEI製ＰＣＳ接続枚数計算ツール!$B$119:$P$149,10,FALSE) -> 43.22286 | I14: =((1-1/MAX(100%,過積載率!I14))^0.5*(HUAWEI製ＰＣＳ接続枚数計算ツール!$I$6-HUAWEI製ＰＣＳ接続枚数計算ツール!$G$6)+HUAWEI製ＰＣＳ接続枚数計算ツール!$G$6)*VLOOKUP(HUAWEI製ＰＣＳ接続枚数計算ツール!$C$9, HUAWEI製ＰＣＳ接続枚数計算ツール!$B$119:$P$149,10,FALSE) -> 43.22286 | ... AO14: =((1-1/MAX(100%,過積載率!AO14))^0.5*(HUAWEI製ＰＣＳ接続枚数計算ツール!$I$6-HUAWEI製ＰＣＳ接続枚数計算ツール!$G$6)+HUAWEI製ＰＣＳ接続枚数計算ツール!$G$6)*VLOOKUP(HUAWEI製ＰＣＳ接続枚数計算ツール!$C$9, HUAWEI製ＰＣＳ接続枚数計算ツール!$B$119:$P$149,10,FALSE) -> 49.746933
... A30: 28 | B30: =((1-1/MAX(100%,過積載率!B30))^0.5*(HUAWEI製ＰＣＳ接続枚数計算ツール!$I$6-HUAWEI製ＰＣＳ接続枚数計算ツール!$G$6)+HUAWEI製ＰＣＳ接続枚数計算ツール!$G$6)*VLOOKUP(HUAWEI製ＰＣＳ接続枚数計算ツール!$C$9, HUAWEI製ＰＣＳ接続枚数計算ツール!$B$119:$P$149,10,FALSE) -> 43.22286 | C30: =((1-1/MAX(100%,過積載率!C30))^0.5*(HUAWEI製ＰＣＳ接続枚数計算ツール!$I$6-HUAWEI製ＰＣＳ接続枚数計算ツール!$G$6)+HUAWEI製ＰＣＳ接続枚数計算ツール!$G$6)*VLOOKUP(HUAWEI製ＰＣＳ接続枚数計算ツール!$C$9, HUAWEI製ＰＣＳ接続枚数計算ツール!$B$119:$P$149,10,FALSE) -> 43.22286 | D30: =((1-1/MAX(100%,過積載率!D30))^0.5*(HUAWEI製ＰＣＳ接続枚数計算ツール!$I$6-HUAWEI製ＰＣＳ接続枚数計算ツール!$G$6)+HUAWEI製ＰＣＳ接続枚数計算ツール!$G$6)*VLOOKUP(HUAWEI製ＰＣＳ接続枚数計算ツール!$C$9, HUAWEI製ＰＣＳ接続枚数計算ツール!$B$119:$P$149,10,FALSE) -> 43.22286 | E30: =((1-1/MAX(100%,過積載率!E30))^0.5*(HUAWEI製ＰＣＳ接続枚数計算ツール!$I$6-HUAWEI製ＰＣＳ接続枚数計算ツール!$G$6)+HUAWEI製ＰＣＳ接続枚数計算ツール!$G$6)*VLOOKUP(HUAWEI製ＰＣＳ接続枚数計算ツール!$C$9, HUAWEI製ＰＣＳ接続枚数計算ツール!$B$119:$P$149,10,FALSE) -> 43.22286 | F30: =((1-1/MAX(100%,過積載率!F30))^0.5*(HUAWEI製ＰＣＳ接続枚数計算ツール!$I$6-HUAWEI製ＰＣＳ接続枚数計算ツール!$G$6)+HUAWEI製ＰＣＳ接続枚数計算ツール!$G$6)*VLOOKUP(HUAWEI製ＰＣＳ接続枚数計算ツール!$C$9, HUAWEI製ＰＣＳ接続枚数計算ツール!$B$119:$P$149,10,FALSE) -> 43.22286 | G30: =((1-1/MAX(100%,過積載率!G30))^0.5*(HUAWEI製ＰＣＳ接続枚数計算ツール!$I$6-HUAWEI製ＰＣＳ接続枚数計算ツール!$G$6)+HUAWEI製ＰＣＳ接続枚数計算ツール!$G$6)*VLOOKUP(HUAWEI製ＰＣＳ接続枚数計算ツール!$C$9, HUAWEI製ＰＣＳ接続枚数計算ツール!$B$119:$P$149,10,FALSE) -> 43.22286 | H30: =((1-1/MAX(100%,過積載率!H30))^0.5*(HUAWEI製ＰＣＳ接続枚数計算ツール!$I$6-HUAWEI製ＰＣＳ接続枚数計算ツール!$G$6)+HUAWEI製ＰＣＳ接続枚数計算ツール!$G$6)*VLOOKUP(HUAWEI製ＰＣＳ接続枚数計算ツール!$C$9, HUAWEI製ＰＣＳ接続枚数計算ツール!$B$119:$P$149,10,FALSE) -> 43.22286 | I30: =((1-1/MAX(100%,過積載率!I30))^0.5*(HUAWEI製ＰＣＳ接続枚数計算ツール!$I$6-HUAWEI製ＰＣＳ接続枚数計算ツール!$G$6)+HUAWEI製ＰＣＳ接続枚数計算ツール!$G$6)*VLOOKUP(HUAWEI製ＰＣＳ接続枚数計算ツール!$C$9, HUAWEI製ＰＣＳ接続枚数計算ツール!$B$119:$P$149,10,FALSE) -> 43.22286 | ... AO30: =((1-1/MAX(100%,過積載率!AO30))^0.5*(HUAWEI製ＰＣＳ接続枚数計算ツール!$I$6-HUAWEI製ＰＣＳ接続枚数計算ツール!$G$6)+HUAWEI製ＰＣＳ接続枚数計算ツール!$G$6)*VLOOKUP(HUAWEI製ＰＣＳ接続枚数計算ツール!$C$9, HUAWEI製ＰＣＳ接続枚数計算ツール!$B$119:$P$149,10,FALSE) -> 43.22286

Sheet 標準可否
A1: 最大運転電圧(低温)
A2: 直列数/回路数 | B2: 1 | C2: 2 | D2: 3 | E2: 4 | F2: 5 | G2: 6 | H2: 7 | I2: 8 | J2: 9 | K2: 10 | L2: 11 | M2: 12 | N2: 13 | O2: 14 | P2: 15 | Q2: 16 | R2: 17 | S2: 18 | T2: 19 | U2: 20 | V2: 21 | W2: 22 | X2: 23 | Y2: 24 | Z2: 25 | AA2: 26 | AB2: 27 | AC2: 28 | AD2: 29 | AE2: 30 | AF2: 31 | AG2: 32 | AH2: 33 | AI2: 34 | AJ2: 35 | AK2: 36 | AL2: 37 | AM2: 38 | AN2: 39 | AO2: 40
A3: 1 | B3: =IF(OR(過積載率!B3=0,(標準電圧!B3*標準電圧!B$2-VLOOKUP(HUAWEI製ＰＣＳ接続枚数計算ツール!$C$9, HUAWEI製ＰＣＳ接続枚数計算ツール!$B$119:$P$149,12,FALSE))<0),0,IF(ROUNDDOWN((標準電圧!B3*標準電圧!B$2-VLOOKUP(HUAWEI製ＰＣＳ接続枚数計算ツール!$C$9, HUAWEI製ＰＣＳ接続枚数計算ツール!$B$119:$P$149,12,FALSE))/VLOOKUP(HUAWEI製ＰＣＳ接続枚数計算ツール!$C$9, HUAWEI製ＰＣＳ接続枚数計算ツール!$B$119:$P$149,13,FALSE)+VLOOKUP(HUAWEI製ＰＣＳ接続枚数計算ツール!$C$9, HUAWEI製ＰＣＳ接続枚数計算ツール!$B$119:$P$149,14,FALSE),0)/100>=IF(過積載率!B3>1,1,過積載率!B3),1,0)) -> 0 | C3: =IF(OR(過積載率!C3=0,(標準電圧!C3*標準電圧!C$2-VLOOKUP(HUAWEI製ＰＣＳ接続枚数計算ツール!$C$9, HUAWEI製ＰＣＳ接続枚数計算ツール!$B$119:$P$149,12,FALSE))<0),0,IF(ROUNDDOWN((標準電圧!C3*標準電圧!C$2-VLOOKUP(HUAWEI製ＰＣＳ接続枚数計算ツール!$C$9, HUAWEI製ＰＣＳ接続枚数計算ツール!$B$119:$P$149,12,FALSE))/VLOOKUP(HUAWEI製ＰＣＳ接続枚数計算ツール!$C$9, HUAWEI製ＰＣＳ接続枚数計算ツール!$B$119:$P$149,13,FALSE)+VLOOKUP(HUAWEI製ＰＣＳ接続枚数計算ツール!$C$9, HUAWEI製ＰＣＳ接続枚数計算ツール!$B$119:$P$149,14,FALSE),0)/100>=IF(過積載率!C3>1,1,過積載率!C3),1,0)) -> 0 | D3: =IF(OR(過積載率!D3=0,(標準電圧!D3*標準電圧!D$2-VLOOKUP(HUAWEI製ＰＣＳ接続枚数計算ツール!$C$9, HUAWEI製ＰＣＳ接続枚数計算ツール!$B$119:$P$149,12,FALSE))<0),0,IF(ROUNDDOWN((標準電圧!D3*標準電圧!D$2-VLOOKUP(HUAWEI製ＰＣＳ接続枚数計算ツール!$C$9, HUAWEI製ＰＣＳ接続枚数計算ツール!$B$119:$P$149,12,FALSE))/VLOOKUP(HUAWEI製ＰＣＳ接続枚数計算ツール!$C$9, HUAWEI製ＰＣＳ接続枚数計算ツール!$B$119:$P$149,13,FALSE)+VLOOKUP(HUAWEI製ＰＣＳ接続枚数計算ツール!$C$9, HUAWEI製ＰＣＳ接続枚数計算ツール!$B$119:$P$149,14,FALSE),0)/100>=IF(過積載率!D3>1,1,過積載率!D3),1,0)) -> 0 | E3: =IF(OR(過積載率!E3=0,(標準電圧!E3*標準電圧!E$2-VLOOKUP(HUAWEI製ＰＣＳ接続枚数計算ツール!$C$9, HUAWEI製ＰＣＳ接続枚数計算ツール!$B$119:$P$149,12,FALSE))<0),0,IF(ROUNDDOWN((標準電圧!E3*標準電圧!E$2-VLOOKUP(HUAWEI製ＰＣＳ接続枚数計算ツール!$C$9, HUAWEI製ＰＣＳ接続枚数計算ツール!$B$119:$P$149,12,FALSE))/VLOOKUP(HUAWEI製ＰＣＳ接続枚数計算ツール!$C$9, HUAWEI製ＰＣＳ接続枚数計算ツール!$B$119:$P$149,13,FALSE)+VLOOKUP(HUAWEI製ＰＣＳ接続枚数計算ツール!$C$9, HUAWEI製ＰＣＳ接続枚数計算ツール!$B$119:$P$149,14,FALSE),0)/100>=IF(過積載率!E3>1,1,過積載率!E3),1,0)) -> 0 | F3: =IF(OR(過積載率!F3=0,(標準電圧!F3*標準電圧!F$2-VLOOKUP(HUAWEI製ＰＣＳ接続枚数計算ツール!$C$9, HUAWEI製ＰＣＳ接続枚数計算ツール!$B$119:$P$149,12,FALSE))<0),0,IF(ROUNDDOWN((標準電圧!F3*標準電圧!F$2-VLOOKUP(HUAWEI製ＰＣＳ接続枚数計算ツール!$C$9, HUAWEI製ＰＣＳ接続枚数計算ツール!$B$119:$P$149,12,FALSE))/VLOOKUP(HUAWEI製ＰＣＳ接続枚数計算ツール!$C$9, HUAWEI製ＰＣＳ接続枚数計算ツール!$B$119:$P$149,13,FALSE)+VLOOKUP(HUAWEI製ＰＣＳ接続枚数計算ツール!$C$9, HUAWEI製ＰＣＳ接続枚数計算ツール!$B$119:$P$149,14,FALSE),0)/100>=IF(過積載率!F3>1,1,過積載率!F3),1,0)) -> 0 | G3: =IF(OR(過積載率!G3=0,(標準電圧!G3*標準電圧!G$2-VLOOKUP(HUAWEI製ＰＣＳ接続枚数計算ツール!$C$9, HUAWEI製ＰＣＳ接続枚数計算ツール!$B$119:$P$149,12,FALSE))<0),0,IF(ROUNDDOWN((標準電圧!G3*標準電圧!G$2-VLOOKUP(HUAWEI製ＰＣＳ接続枚数計算ツール!$C$9, HUAWEI製ＰＣＳ接続枚数計算ツール!$B$119:$P$149,12,FALSE))/VLOOKUP(HUAWEI製ＰＣＳ接続枚数計算ツール!$C$9, HUAWEI製ＰＣＳ接続枚数計算ツール!$B$119:$P$149,13,FALSE)+VLOOKUP(HUAWEI製ＰＣＳ接続枚数計算ツール!$C$9, HUAWEI製ＰＣＳ接続枚数計算ツール!$B$119:$P$149,14,FALSE),0)/100>=IF(過積載率!G3>1,1,過積載率!G3),1,0)) -> 0 | H3: =IF(OR(過積載率!H3=0,(標準電圧!H3*標準電圧!H$2-VLOOKUP(HUAWEI製ＰＣＳ接続枚数計算ツール!$C$9, HUAWEI製ＰＣＳ接続枚数計算ツール!$B$119:$P$149,12,FALSE))<0),0,IF(ROUNDDOWN((標準電圧!H3*標準電圧!H$2-VLOOKUP(HUAWEI製ＰＣＳ接続枚数計算ツール!$C$9, HUAWEI製ＰＣＳ接続枚数計算ツール!$B$119:$P$149,12,FALSE))/VLOOKUP(HUAWEI製ＰＣＳ接続枚数計算ツール!$C$9, HUAWEI製ＰＣＳ接続枚数計算ツール!$B$119:$P$149,13,FALSE)+VLOOKUP(HUAWEI製ＰＣＳ接続枚数計算ツール!$C$9, HUAWEI製ＰＣＳ接続枚数計算ツール!$B$119:$P$149,14,FALSE),0)/100>=IF(過積載率!H3>1,1,過積載率!H3),1,0)) -> 0 | I3: =IF(OR(過積載率!I3=0,(標準電圧!I3*標準電圧!I$2-VLOOKUP(HUAWEI製ＰＣＳ接続枚数計算ツール!$C$9, HUAWEI製ＰＣＳ接続枚数計算ツール!$B$119:$P$149,12,FALSE))<0),0,IF(ROUNDDOWN((標準電圧!I3*標準電圧!I$2-VLOOKUP(HUAWEI製ＰＣＳ接続枚数計算ツール!$C$9, HUAWEI製ＰＣＳ接続枚数計算ツール!$B$119:$P$149,12,FALSE))/VLOOKUP(HUAWEI製ＰＣＳ接続枚数計算ツール!$C$9, HUAWEI製ＰＣＳ接続枚数計算ツール!$B$119:$P$149,13,FALSE)+VLOOKUP(HUAWEI製ＰＣＳ接続枚数計算ツール!$C$9, HUAWEI製ＰＣＳ接続枚数計算ツール!$B$119:$P$149,14,FALSE),0)/100>=IF(過積載率!I3>1,1,過積載率!I3),1,0)) -> 0 | ... AO3: =IF(OR(過積載率!AO3=0,(標準電圧!AO3*標準電圧!AO$2-VLOOKUP(HUAWEI製ＰＣＳ接続枚数計算ツール!$C$9, HUAWEI製ＰＣＳ接続枚数計算ツール!$B$119:$P$149,12,FALSE))<0),0,IF(ROUNDDOWN((標準電圧!AO3*標準電圧!AO$2-VLOOKUP(HUAWEI製ＰＣＳ接続枚数計算ツール!$C$9, HUAWEI製ＰＣＳ接続枚数計算ツール!$B$119:$P$149,12,FALSE))/VLOOKUP(HUAWEI製ＰＣＳ接続枚数計算ツール!$C$9, HUAWEI製ＰＣＳ接続枚数計算ツール!$B$119:$P$149,13,FALSE)+VLOOKUP(HUAWEI製ＰＣＳ接続枚数計算ツール!$C$9, HUAWEI製ＰＣＳ接続枚数計算ツール!$B$119:$P$149,14,FALSE),0)/100>=IF(過積載率!AO3>1,1,過積載率!AO3),1,0)) -> 1
A4: 2 | B4: =IF(OR(過積載率!B4=0,(標準電圧!B4*標準電圧!B$2-VLOOKUP(HUAWEI製ＰＣＳ接続枚数計算ツール!$C$9, HUAWEI製ＰＣＳ接続枚数計算ツール!$B$119:$P$149,12,FALSE))<0),0,IF(ROUNDDOWN((標準電圧!B4*標準電圧!B$2-VLOOKUP(HUAWEI製ＰＣＳ接続枚数計算ツール!$C$9, HUAWEI製ＰＣＳ接続枚数計算ツール!$B$119:$P$149,12,FALSE))/VLOOKUP(HUAWEI製ＰＣＳ接続枚数計算ツール!$C$9, HUAWEI製ＰＣＳ接続枚数計算ツール!$B$119:$P$149,13,FALSE)+VLOOKUP(HUAWEI製ＰＣＳ接続枚数計算ツール!$C$9, HUAWEI製ＰＣＳ接続枚数計算ツール!$B$119:$P$149,14,FALSE),0)/100>=IF(過積載率!B4>1,1,過積載率!B4),1,0)) -> 0 | C4: =IF(OR(過積載率!C4=0,(標準電圧!C4*標準電圧!C$2-VLOOKUP(HUAWEI製ＰＣＳ接続枚数計算ツール!$C$9, HUAWEI製ＰＣＳ接続枚数計算ツール!$B$119:$P$149,12,FALSE))<0),0,IF(ROUNDDOWN((標準電圧!C4*標準電圧!C$2-VLOOKUP(HUAWEI製ＰＣＳ接続枚数計算ツール!$C$9, HUAWEI製ＰＣＳ接続枚数計算ツール!$B$119:$P$149,12,FALSE))/VLOOKUP(HUAWEI製ＰＣＳ接続枚数計算ツール!$C$9, HUAWEI製ＰＣＳ接続枚数計算ツール!$B$119:$P$149,13,FALSE)+VLOOKUP(HUAWEI製ＰＣＳ接続枚数計算ツール!$C$9, HUAWEI製ＰＣＳ接続枚数計算ツール!$B$119:$P$149,14,FALSE),0)/100>=IF(過積載率!C4>1,1,過積載率!C4),1,0)) -> 0 | D4: =IF(OR(過積載率!D4=0,(標準電圧!D4*標準電圧!D$2-VLOOKUP(HUAWEI製ＰＣＳ接続枚数計算ツール!$C$9, HUAWEI製ＰＣＳ接続枚数計算ツール!$B$119:$P$149,12,FALSE))<0),0,IF(ROUNDDOWN((標準電圧!D4*標準電圧!D$2-VLOOKUP(HUAWEI製ＰＣＳ接続枚数計算ツール!$C$9, HUAWEI製ＰＣＳ接続枚数計算ツール!$B$119:$P$149,12,FALSE))/VLOOKUP(HUAWEI製ＰＣＳ接続枚数計算ツール!$C$9, HUAWEI製ＰＣＳ接続枚数計算ツール!$B$119:$P$149,13,FALSE)+VLOOKUP(HUAWEI製ＰＣＳ接続枚数計算ツール!$C$9, HUAWEI製ＰＣＳ接続枚数計算ツール!$B$119:$P$149,14,FALSE),0)/100>=IF(過積載率!D4>1,1,過積載率!D4),1,0)) -> 0 | E4: =IF(OR(過積載率!E4=0,(標準電圧!E4*標準電圧!E$2-VLOOKUP(HUAWEI製ＰＣＳ接続枚数計算ツール!$C$9, HUAWEI製ＰＣＳ接続枚数計算ツール!$B$119:$P$149,12,FALSE))<0),0,IF(ROUNDDOWN((標準電圧!E4*標準電圧!E$2-VLOOKUP(HUAWEI製ＰＣＳ接続枚数計算ツール!$C$9, HUAWEI製ＰＣＳ接続枚数計算ツール!$B$119:$P$149,12,FALSE))/VLOOKUP(HUAWEI製ＰＣＳ接続枚数計算ツール!$C$9, HUAWEI製ＰＣＳ接続枚数計算ツール!$B$119:$P$149,13,FALSE)+VLOOKUP(HUAWEI製ＰＣＳ接続枚数計算ツール!$C$9, HUAWEI製ＰＣＳ接続枚数計算ツール!$B$119:$P$149,14,FALSE),0)/100>=IF(過積載率!E4>1,1,過積載率!E4),1,0)) -> 0 | F4: =IF(OR(過積載率!F4=0,(標準電圧!F4*標準電圧!F$2-VLOOKUP(HUAWEI製ＰＣＳ接続枚数計算ツール!$C$9, HUAWEI製ＰＣＳ接続枚数計算ツール!$B$119:$P$149,12,FALSE))<0),0,IF(ROUNDDOWN((標準電圧!F4*標準電圧!F$2-VLOOKUP(HUAWEI製ＰＣＳ接続枚数計算ツール!$C$9, HUAWEI製ＰＣＳ接続枚数計算ツール!$B$119:$P$149,12,FALSE))/VLOOKUP(HUAWEI製ＰＣＳ接続枚数計算ツール!$C$9, HUAWEI製ＰＣＳ接続枚数計算ツール!$B$119:$P$149,13,FALSE)+VLOOKUP(HUAWEI製ＰＣＳ接続枚数計算ツール!$C$9, HUAWEI製ＰＣＳ接続枚数計算ツール!$B$119:$P$149,14,FALSE),0)/100>=IF(過積載率!F4>1,1,過積載率!F4),1,0)) -> 0 | G4: =IF(OR(過積載率!G4=0,(標準電圧!G4*標準電圧!G$2-VLOOKUP(HUAWEI製ＰＣＳ接続枚数計算ツール!$C$9, HUAWEI製ＰＣＳ接続枚数計算ツール!$B$119:$P$149,12,FALSE))<0),0,IF(ROUNDDOWN((標準電圧!G4*標準電圧!G$2-VLOOKUP(HUAWEI製ＰＣＳ接続枚数計算ツール!$C$9, HUAWEI製ＰＣＳ接続枚数計算ツール!$B$119:$P$149,12,FALSE))/VLOOKUP(HUAWEI製ＰＣＳ接続枚数計算ツール!$C$9, HUAWEI製ＰＣＳ接続枚数計算ツール!$B$119:$P$149,13,FALSE)+VLOOKUP(HUAWEI製ＰＣＳ接続枚数計算ツール!$C$9, HUAWEI製ＰＣＳ接続枚数計算ツール!$B$119:$P$149,14,FALSE),0)/100>=IF(過積載率!G4>1,1,過積載率!G4),1,0)) -> 0 | H4: =IF(OR(過積載率!H4=0,(標準電圧!H4*標準電圧!H$2-VLOOKUP(HUAWEI製ＰＣＳ接続枚数計算ツール!$C$9, HUAWEI製ＰＣＳ接続枚数計算ツール!$B$119:$P$149,12,FALSE))<0),0,IF(ROUNDDOWN((標準電圧!H4*標準電圧!H$2-VLOOKUP(HUAWEI製ＰＣＳ接続枚数計算ツール!$C$9, HUAWEI製ＰＣＳ接続枚数計算ツール!$B$119:$P$149,12,FALSE))/VLOOKUP(HUAWEI製ＰＣＳ接続枚数計算ツール!$C$9, HUAWEI製ＰＣＳ接続枚数計算ツール!$B$119:$P$149,13,FALSE)+VLOOKUP(HUAWEI製ＰＣＳ接続枚数計算ツール!$C$9, HUAWEI製ＰＣＳ接続枚数計算ツール!$B$119:$P$149,14,FALSE),0)/100>=IF(過積載率!H4>1,1,過積載率!H4),1,0)) -> 0 | I4: =IF(OR(過積載率!I4=0,(標準電圧!I4*標準電圧!I$2-VLOOKUP(HUAWEI製ＰＣＳ接続枚数計算ツール!$C$9, HUAWEI製ＰＣＳ接続枚数計算ツール!$B$119:$P$149,12,FALSE))<0),0,IF(ROUNDDOWN((標準電圧!I4*標準電圧!I$2-VLOOKUP(HUAWEI製ＰＣＳ接続枚数計算ツール!$C$9, HUAWEI製ＰＣＳ接続枚数計算ツール!$B$119:$P$149,12,FALSE))/VLOOKUP(HUAWEI製ＰＣＳ接続枚数計算ツール!$C$9, HUAWEI製ＰＣＳ接続枚数計算ツール!$B$119:$P$149,13,FALSE)+VLOOKUP(HUAWEI製ＰＣＳ接続枚数計算ツール!$C$9, HUAWEI製ＰＣＳ接続枚数計算ツール!$B$119:$P$149,14,FALSE),0)/100>=IF(過積載率!I4>1,1,過積載率!I4),1,0)) -> 0 | ... AO4: =IF(OR(過積載率!AO4=0,(標準電圧!AO4*標準電圧!AO$2-VLOOKUP(HUAWEI製ＰＣＳ接続枚数計算ツール!$C$9, HUAWEI製ＰＣＳ接続枚数計算ツール!$B$119:$P$149,12,FALSE))<0),0,IF(ROUNDDOWN((標準電圧!AO4*標準電圧!AO$2-VLOOKUP(HUAWEI製ＰＣＳ接続枚数計算ツール!$C$9, HUAWEI製ＰＣＳ接続枚数計算ツール!$B$119:$P$149,12,FALSE))/VLOOKUP(HUAWEI製ＰＣＳ接続枚数計算ツール!$C$9, HUAWEI製ＰＣＳ接続枚数計算ツール!$B$119:$P$149,13,FALSE)+VLOOKUP(HUAWEI製ＰＣＳ接続枚数計算ツール!$C$9, HUAWEI製ＰＣＳ接続枚数計算ツール!$B$119:$P$149,14,FALSE),0)/100>=IF(過積載率!AO4>1,1,過積載率!AO4),1,0)) -> 1
A5: 3 | B5: =IF(OR(過積載率!B5=0,(標準電圧!B5*標準電圧!B$2-VLOOKUP(HUAWEI製ＰＣＳ接続枚数計算ツール!$C$9, HUAWEI製ＰＣＳ接続枚数計算ツール!$B$119:$P$149,12,FALSE))<0),0,IF(ROUNDDOWN((標準電圧!B5*標準電圧!B$2-VLOOKUP(HUAWEI製ＰＣＳ接続枚数計算ツール!$C$9, HUAWEI製ＰＣＳ接続枚数計算ツール!$B$119:$P$149,12,FALSE))/VLOOKUP(HUAWEI製ＰＣＳ接続枚数計算ツール!$C$9, HUAWEI製ＰＣＳ接続枚数計算ツール!$B$119:$P$149,13,FALSE)+VLOOKUP(HUAWEI製ＰＣＳ接続枚数計算ツール!$C$9, HUAWEI製ＰＣＳ接続枚数計算ツール!$B$119:$P$149,14,FALSE),0)/100>=IF(過積載率!B5>1,1,過積載率!B5),1,0)) -> 0 | C5: =IF(OR(過積載率!C5=0,(標準電圧!C5*標準電圧!C$2-VLOOKUP(HUAWEI製ＰＣＳ接続枚数計算ツール!$C$9, HUAWEI製ＰＣＳ接続枚数計算ツール!$B$119:$P$149,12,FALSE))<0),0,IF(ROUNDDOWN((標準電圧!C5*標準電圧!C$2-VLOOKUP(HUAWEI製ＰＣＳ接続枚数計算ツール!$C$9, HUAWEI製ＰＣＳ接続枚数計算ツール!$B$119:$P$149,12,FALSE))/VLOOKUP(HUAWEI製ＰＣＳ接続枚数計算ツール!$C$9, HUAWEI製ＰＣＳ接続枚数計算ツール!$B$119:$P$149,13,FALSE)+VLOOKUP(HUAWEI製ＰＣＳ接続枚数計算ツール!$C$9, HUAWEI製ＰＣＳ接続枚数計算ツール!$B$119:$P$149,14,FALSE),0)/100>=IF(過積載率!C5>1,1,過積載率!C5),1,0)) -> 0 | D5: =IF(OR(過積載率!D5=0,(標準電圧!D5*標準電圧!D$2-VLOOKUP(HUAWEI製ＰＣＳ接続枚数計算ツール!$C$9, HUAWEI製ＰＣＳ接続枚数計算ツール!$B$119:$P$149,12,FALSE))<0),0,IF(ROUNDDOWN((標準電圧!D5*標準電圧!D$2-VLOOKUP(HUAWEI製ＰＣＳ接続枚数計算ツール!$C$9, HUAWEI製ＰＣＳ接続枚数計算ツール!$B$119:$P$149,12,FALSE))/VLOOKUP(HUAWEI製ＰＣＳ接続枚数計算ツール!$C$9, HUAWEI製ＰＣＳ接続枚数計算ツール!$B$119:$P$149,13,FALSE)+VLOOKUP(HUAWEI製ＰＣＳ接続枚数計算ツール!$C$9, HUAWEI製ＰＣＳ接続枚数計算ツール!$B$119:$P$149,14,FALSE),0)/100>=IF(過積載率!D5>1,1,過積載率!D5),1,0)) -> 0 | E5: =IF(OR(過積載率!E5=0,(標準電圧!E5*標準電圧!E$2-VLOOKUP(HUAWEI製ＰＣＳ接続枚数計算ツール!$C$9, HUAWEI製ＰＣＳ接続枚数計算ツール!$B$119:$P$149,12,FALSE))<0),0,IF(ROUNDDOWN((標準電圧!E5*標準電圧!E$2-VLOOKUP(HUAWEI製ＰＣＳ接続枚数計算ツール!$C$9, HUAWEI製ＰＣＳ接続枚数計算ツール!$B$119:$P$149,12,FALSE))/VLOOKUP(HUAWEI製ＰＣＳ接続枚数計算ツール!$C$9, HUAWEI製ＰＣＳ接続枚数計算ツール!$B$119:$P$149,13,FALSE)+VLOOKUP(HUAWEI製ＰＣＳ接続枚数計算ツール!$C$9, HUAWEI製ＰＣＳ接続枚数計算ツール!$B$119:$P$149,14,FALSE),0)/100>=IF(過積載率!E5>1,1,過積載率!E5),1,0)) -> 0 | F5: =IF(OR(過積載率!F5=0,(標準電圧!F5*標準電圧!F$2-VLOOKUP(HUAWEI製ＰＣＳ接続枚数計算ツール!$C$9, HUAWEI製ＰＣＳ接続枚数計算ツール!$B$119:$P$149,12,FALSE))<0),0,IF(ROUNDDOWN((標準電圧!F5*標準電圧!F$2-VLOOKUP(HUAWEI製ＰＣＳ接続枚数計算ツール!$C$9, HUAWEI製ＰＣＳ接続枚数計算ツール!$B$119:$P$149,12,FALSE))/VLOOKUP(HUAWEI製ＰＣＳ接続枚数計算ツール!$C$9, HUAWEI製ＰＣＳ接続枚数計算ツール!$B$119:$P$149,13,FALSE)+VLOOKUP(HUAWEI製ＰＣＳ接続枚数計算ツール!$C$9, HUAWEI製ＰＣＳ接続枚数計算ツール!$B$119:$P$149,14,FALSE),0)/100>=IF(過積載率!F5>1,1,過積載率!F5),1,0)) -> 0 | G5: =IF(OR(過積載率!G5=0,(標準電圧!G5*標準電圧!G$2-VLOOKUP(HUAWEI製ＰＣＳ接続枚数計算ツール!$C$9, HUAWEI製ＰＣＳ接続枚数計算ツール!$B$119:$P$149,12,FALSE))<0),0,IF(ROUNDDOWN((標準電圧!G5*標準電圧!G$2-VLOOKUP(HUAWEI製ＰＣＳ接続枚数計算ツール!$C$9, HUAWEI製ＰＣＳ接続枚数計算ツール!$B$119:$P$149,12,FALSE))/VLOOKUP(HUAWEI製ＰＣＳ接続枚数計算ツール!$C$9, HUAWEI製ＰＣＳ接続枚数計算ツール!$B$119:$P$149,13,FALSE)+VLOOKUP(HUAWEI製ＰＣＳ接続枚数計算ツール!$C$9, HUAWEI製ＰＣＳ接続枚数計算ツール!$B$119:$P$149,14,FALSE),0)/100>=IF(過積載率!G5>1,1,過積載率!G5),1,0)) -> 0 | H5: =IF(OR(過積載率!H5=0,(標準電圧!H5*標準電圧!H$2-VLOOKUP(HUAWEI製ＰＣＳ接続枚数計算ツール!$C$9, HUAWEI製ＰＣＳ接続枚数計算ツール!$B$119:$P$149,12,FALSE))<0),0,IF(ROUNDDOWN((標準電圧!H5*標準電圧!H$2-VLOOKUP(HUAWEI製ＰＣＳ接続枚数計算ツール!$C$9, HUAWEI製ＰＣＳ接続枚数計算ツール!$B$119:$P$149,12,FALSE))/VLOOKUP(HUAWEI製ＰＣＳ接続枚数計算ツール!$C$9, HUAWEI製ＰＣＳ接続枚数計算ツール!$B$119:$P$149,13,FALSE)+VLOOKUP(HUAWEI製ＰＣＳ接続枚数計算ツール!$C$9, HUAWEI製ＰＣＳ接続枚数計算ツール!$B$119:$P$149,14,FALSE),0)/100>=IF(過積載率!H5>1,1,過積載率!H5),1,0)) -> 0 | I5: =IF(OR(過積載率!I5=0,(標準電圧!I5*標準電圧!I$2-VLOOKUP(HUAWEI製ＰＣＳ接続枚数計算ツール!$C$9, HUAWEI製ＰＣＳ接続枚数計算ツール!$B$119:$P$149,12,FALSE))<0),0,IF(ROUNDDOWN((標準電圧!I5*標準電圧!I$2-VLOOKUP(HUAWEI製ＰＣＳ接続枚数計算ツール!$C$9, HUAWEI製ＰＣＳ接続枚数計算ツール!$B$119:$P$149,12,FALSE))/VLOOKUP(HUAWEI製ＰＣＳ接続枚数計算ツール!$C$9, HUAWEI製ＰＣＳ接続枚数計算ツール!$B$119:$P$149,13,FALSE)+VLOOKUP(HUAWEI製ＰＣＳ接続枚数計算ツール!$C$9, HUAWEI製ＰＣＳ接続枚数計算ツール!$B$119:$P$149,14,FALSE),0)/100>=IF(過積載率!I5>1,1,過積載率!I5),1,0)) -> 0 | ... AO5: =IF(OR(過積載率!AO5=0,(標準電圧!AO5*標準電圧!AO$2-VLOOKUP(HUAWEI製ＰＣＳ接続枚数計算ツール!$C$9, HUAWEI製ＰＣＳ接続枚数計算ツール!$B$119:$P$149,12,FALSE))<0),0,IF(ROUNDDOWN((標準電圧!AO5*標準電圧!AO$2-VLOOKUP(HUAWEI製ＰＣＳ接続枚数計算ツール!$C$9, HUAWEI製ＰＣＳ接続枚数計算ツール!$B$119:$P$149,12,FALSE))/VLOOKUP(HUAWEI製ＰＣＳ接続枚数計算ツール!$C$9, HUAWEI製ＰＣＳ接続枚数計算ツール!$B$119:$P$149,13,FALSE)+VLOOKUP(HUAWEI製ＰＣＳ接続枚数計算ツール!$C$9, HUAWEI製ＰＣＳ接続枚数計算ツール!$B$119:$P$149,14,FALSE),0)/100>=IF(過積載率!AO5>1,1,過積載率!AO5),1,0)) -> 1
A6: 4 | B6: =IF(OR(過積載率!B6=0,(標準電圧!B6*標準電圧!B$2-VLOOKUP(HUAWEI製ＰＣＳ接続枚数計算ツール!$C$9, HUAWEI製ＰＣＳ接続枚数計算ツール!$B$119:$P$149,12,FALSE))<0),0,IF(ROUNDDOWN((標準電圧!B6*標準電圧!B$2-VLOOKUP(HUAWEI製ＰＣＳ接続枚数計算ツール!$C$9, HUAWEI製ＰＣＳ接続枚数計算ツール!$B$119:$P$149,12,FALSE))/VLOOKUP(HUAWEI製ＰＣＳ接続枚数計算ツール!$C$9, HUAWEI製ＰＣＳ接続枚数計算ツール!$B$119:$P$149,13,FALSE)+VLOOKUP(HUAWEI製ＰＣＳ接続枚数計算ツール!$C$9, HUAWEI製ＰＣＳ接続枚数計算ツール!$B$119:$P$149,14,FALSE),0)/100>=IF(過積載率!B6>1,1,過積載率!B6),1,0)) -> 0 | C6: =IF(OR(過積載率!C6=0,(標準電圧!C6*標準電圧!C$2-VLOOKUP(HUAWEI製ＰＣＳ接続枚数計算ツール!$C$9, HUAWEI製ＰＣＳ接続枚数計算ツール!$B$119:$P$149,12,FALSE))<0),0,IF(ROUNDDOWN((標準電圧!C6*標準電圧!C$2-VLOOKUP(HUAWEI製ＰＣＳ接続枚数計算ツール!$C$9, HUAWEI製ＰＣＳ接続枚数計算ツール!$B$119:$P$149,12,FALSE))/VLOOKUP(HUAWEI製ＰＣＳ接続枚数計算ツール!$C$9, HUAWEI製ＰＣＳ接続枚数計算ツール!$B$119:$P$149,13,FALSE)+VLOOKUP(HUAWEI製ＰＣＳ接続枚数計算ツール!$C$9, HUAWEI製ＰＣＳ接続枚数計算ツール!$B$119:$P$149,14,FALSE),0)/100>=IF(過積載率!C6>1,1,過積載率!C6),1,0)) -> 0 | D6: =IF(OR(過積載率!D6=0,(標準電圧!D6*標準電圧!D$2-VLOOKUP(HUAWEI製ＰＣＳ接続枚数計算ツール!$C$9, HUAWEI製ＰＣＳ接続枚数計算ツール!$B$119:$P$149,12,FALSE))<0),0,IF(ROUNDDOWN((標準電圧!D6*標準電圧!D$2-VLOOKUP(HUAWEI製ＰＣＳ接続枚数計算ツール!$C$9, HUAWEI製ＰＣＳ接続枚数計算ツール!$B$119:$P$149,12,FALSE))/VLOOKUP(HUAWEI製ＰＣＳ接続枚数計算ツール!$C$9, HUAWEI製ＰＣＳ接続枚数計算ツール!$B$119:$P$149,13,FALSE)+VLOOKUP(HUAWEI製ＰＣＳ接続枚数計算ツール!$C$9, HUAWEI製ＰＣＳ接続枚数計算ツール!$B$119:$P$149,14,FALSE),0)/100>=IF(過積載率!D6>1,1,過積載率!D6),1,0)) -> 0 | E6: =IF(OR(過積載率!E6=0,(標準電圧!E6*標準電圧!E$2-VLOOKUP(HUAWEI製ＰＣＳ接続枚数計算ツール!$C$9, HUAWEI製ＰＣＳ接続枚数計算ツール!$B$119:$P$149,12,FALSE))<0),0,IF(ROUNDDOWN((標準電圧!E6*標準電圧!E$2-VLOOKUP(HUAWEI製ＰＣＳ接続枚数計算ツール!$C$9, HUAWEI製ＰＣＳ接続枚数計算ツール!$B$119:$P$149,12,FALSE))/VLOOKUP(HUAWEI製ＰＣＳ接続枚数計算ツール!$C$9, HUAWEI製ＰＣＳ接続枚数計算ツール!$B$119:$P$149,13,FALSE)+VLOOKUP(HUAWEI製ＰＣＳ接続枚数計算ツール!$C$9, HUAWEI製ＰＣＳ接続枚数計算ツール!$B$119:$P$149,14,FALSE),0)/100>=IF(過積載率!E6>1,1,過積載率!E6),1,0)) -> 0 | F6: =IF(OR(過積載率!F6=0,(標準電圧!F6*標準電圧!F$2-VLOOKUP(HUAWEI製ＰＣＳ接続枚数計算ツール!$C$9, HUAWEI製ＰＣＳ接続枚数計算ツール!$B$119:$P$149,12,FALSE))<0),0,IF(ROUNDDOWN((標準電圧!F6*標準電圧!F$2-VLOOKUP(HUAWEI製ＰＣＳ接続枚数計算ツール!$C$9, HUAWEI製ＰＣＳ接続枚数計算ツール!$B$119:$P$149,12,FALSE))/VLOOKUP(HUAWEI製ＰＣＳ接続枚数計算ツール!$C$9, HUAWEI製ＰＣＳ接続枚数計算ツール!$B$119:$P$149,13,FALSE)+VLOOKUP(HUAWEI製ＰＣＳ接続枚数計算ツール!$C$9, HUAWEI製ＰＣＳ接続枚数計算ツール!$B$119:$P$149,14,FALSE),0)/100>=IF(過積載率!F6>1,1,過積載率!F6),1,0)) -> 0 | G6: =IF(OR(過積載率!G6=0,(標準電圧!G6*標準電圧!G$2-VLOOKUP(HUAWEI製ＰＣＳ接続枚数計算ツール!$C$9, HUAWEI製ＰＣＳ接続枚数計算ツール!$B$119:$P$149,12,FALSE))<0),0,IF(ROUNDDOWN((標準電圧!G6*標準電圧!G$2-VLOOKUP(HUAWEI製ＰＣＳ接続枚数計算ツール!$C$9, HUAWEI製ＰＣＳ接続枚数計算ツール!$B$119:$P$149,12,FALSE))/VLOOKUP(HUAWEI製ＰＣＳ接続枚数計算ツール!$C$9, HUAWEI製ＰＣＳ接続枚数計算ツール!$B$119:$P$149,13,FALSE)+VLOOKUP(HUAWEI製ＰＣＳ接続枚数計算ツール!$C$9, HUAWEI製ＰＣＳ接続枚数計算ツール!$B$119:$P$149,14,FALSE),0)/100>=IF(過積載率!G6>1,1,過積載率!G6),1,0)) -> 0 | H6: =IF(OR(過積載率!H6=0,(標準電圧!H6*標準電圧!H$2-VLOOKUP(HUAWEI製ＰＣＳ接続枚数計算ツール!$C$9, HUAWEI製ＰＣＳ接続枚数計算ツール!$B$119:$P$149,12,FALSE))<0),0,IF(ROUNDDOWN((標準電圧!H6*標準電圧!H$2-VLOOKUP(HUAWEI製ＰＣＳ接続枚数計算ツール!$C$9, HUAWEI製ＰＣＳ接続枚数計算ツール!$B$119:$P$149,12,FALSE))/VLOOKUP(HUAWEI製ＰＣＳ接続枚数計算ツール!$C$9, HUAWEI製ＰＣＳ接続枚数計算ツール!$B$119:$P$149,13,FALSE)+VLOOKUP(HUAWEI製ＰＣＳ接続枚数計算ツール!$C$9, HUAWEI製ＰＣＳ接続枚数計算ツール!$B$119:$P$149,14,FALSE),0)/100>=IF(過積載率!H6>1,1,過積載率!H6),1,0)) -> 0 | I6: =IF(OR(過積載率!I6=0,(標準電圧!I6*標準電圧!I$2-VLOOKUP(HUAWEI製ＰＣＳ接続枚数計算ツール!$C$9, HUAWEI製ＰＣＳ接続枚数計算ツール!$B$119:$P$149,12,FALSE))<0),0,IF(ROUNDDOWN((標準電圧!I6*標準電圧!I$2-VLOOKUP(HUAWEI製ＰＣＳ接続枚数計算ツール!$C$9, HUAWEI製ＰＣＳ接続枚数計算ツール!$B$119:$P$149,12,FALSE))/VLOOKUP(HUAWEI製ＰＣＳ接続枚数計算ツール!$C$9, HUAWEI製ＰＣＳ接続枚数計算ツール!$B$119:$P$149,13,FALSE)+VLOOKUP(HUAWEI製ＰＣＳ接続枚数計算ツール!$C$9, HUAWEI製ＰＣＳ接続枚数計算ツール!$B$119:$P$149,14,FALSE),0)/100>=IF(過積載率!I6>1,1,過積載率!I6),1,0)) -> 0 | ... AO6: =IF(OR(過積載率!AO6=0,(標準電圧!AO6*標準電圧!AO$2-VLOOKUP(HUAWEI製ＰＣＳ接続枚数計算ツール!$C$9, HUAWEI製ＰＣＳ接続枚数計算ツール!$B$119:$P$149,12,FALSE))<0),0,IF(ROUNDDOWN((標準電圧!AO6*標準電圧!AO$2-VLOOKUP(HUAWEI製ＰＣＳ接続枚数計算ツール!$C$9, HUAWEI製ＰＣＳ接続枚数計算ツール!$B$119:$P$149,12,FALSE))/VLOOKUP(HUAWEI製ＰＣＳ接続枚数計算ツール!$C$9, HUAWEI製ＰＣＳ接続枚数計算ツール!$B$119:$P$149,13,FALSE)+VLOOKUP(HUAWEI製ＰＣＳ接続枚数計算ツール!$C$9, HUAWEI製ＰＣＳ接続枚数計算ツール!$B$119:$P$149,14,FALSE),0)/100>=IF(過積載率!AO6>1,1,過積載率!AO6),1,0)) -> 1
A7: 5 | B7: =IF(OR(過積載率!B7=0,(標準電圧!B7*標準電圧!B$2-VLOOKUP(HUAWEI製ＰＣＳ接続枚数計算ツール!$C$9, HUAWEI製ＰＣＳ接続枚数計算ツール!$B$119:$P$149,12,FALSE))<0),0,IF(ROUNDDOWN((標準電圧!B7*標準電圧!B$2-VLOOKUP(HUAWEI製ＰＣＳ接続枚数計算ツール!$C$9, HUAWEI製ＰＣＳ接続枚数計算ツール!$B$119:$P$149,12,FALSE))/VLOOKUP(HUAWEI製ＰＣＳ接続枚数計算ツール!$C$9, HUAWEI製ＰＣＳ接続枚数計算ツール!$B$119:$P$149,13,FALSE)+VLOOKUP(HUAWEI製ＰＣＳ接続枚数計算ツール!$C$9, HUAWEI製ＰＣＳ接続枚数計算ツール!$B$119:$P$149,14,FALSE),0)/100>=IF(過積載率!B7>1,1,過積載率!B7),1,0)) -> 0 | C7: =IF(OR(過積載率!C7=0,(標準電圧!C7*標準電圧!C$2-VLOOKUP(HUAWEI製ＰＣＳ接続枚数計算ツール!$C$9, HUAWEI製ＰＣＳ接続枚数計算ツール!$B$119:$P$149,12,FALSE))<0),0,IF(ROUNDDOWN((標準電圧!C7*標準電圧!C$2-VLOOKUP(HUAWEI製ＰＣＳ接続枚数計算ツール!$C$9, HUAWEI製ＰＣＳ接続枚数計算ツール!$B$119:$P$149,12,FALSE))/VLOOKUP(HUAWEI製ＰＣＳ接続枚数計算ツール!$C$9, HUAWEI製ＰＣＳ接続枚数計算ツール!$B$119:$P$149,13,FALSE)+VLOOKUP(HUAWEI製ＰＣＳ接続枚数計算ツール!$C$9, HUAWEI製ＰＣＳ接続枚数計算ツール!$B$119:$P$149,14,FALSE),0)/100>=IF(過積載率!C7>1,1,過積載率!C7),1,0)) -> 0 | D7: =IF(OR(過積載率!D7=0,(標準電圧!D7*標準電圧!D$2-VLOOKUP(HUAWEI製ＰＣＳ接続枚数計算ツール!$C$9, HUAWEI製ＰＣＳ接続枚数計算ツール!$B$119:$P$149,12,FALSE))<0),0,IF(ROUNDDOWN((標準電圧!D7*標準電圧!D$2-VLOOKUP(HUAWEI製ＰＣＳ接続枚数計算ツール!$C$9, HUAWEI製ＰＣＳ接続枚数計算ツール!$B$119:$P$149,12,FALSE))/VLOOKUP(HUAWEI製ＰＣＳ接続枚数計算ツール!$C$9, HUAWEI製ＰＣＳ接続枚数計算ツール!$B$119:$P$149,13,FALSE)+VLOOKUP(HUAWEI製ＰＣＳ接続枚数計算ツール!$C$9, HUAWEI製ＰＣＳ接続枚数計算ツール!$B$119:$P$149,14,FALSE),0)/100>=IF(過積載率!D7>1,1,過積載率!D7),1,0)) -> 0 | E7: =IF(OR(過積載率!E7=0,(標準電圧!E7*標準電圧!E$2-VLOOKUP(HUAWEI製ＰＣＳ接続枚数計算ツール!$C$9, HUAWEI製ＰＣＳ接続枚数計算ツール!$B$119:$P$149,12,FALSE))<0),0,IF(ROUNDDOWN((標準電圧!E7*標準電圧!E$2-VLOOKUP(HUAWEI製ＰＣＳ接続枚数計算ツール!$C$9, HUAWEI製ＰＣＳ接続枚数計算ツール!$B$119:$P$149,12,FALSE))/VLOOKUP(HUAWEI製ＰＣＳ接続枚数計算ツール!$C$9, HUAWEI製ＰＣＳ接続枚数計算ツール!$B$119:$P$149,13,FALSE)+VLOOKUP(HUAWEI製ＰＣＳ接続枚数計算ツール!$C$9, HUAWEI製ＰＣＳ接続枚数計算ツール!$B$119:$P$149,14,FALSE),0)/100>=IF(過積載率!E7>1,1,過積載率!E7),1,0)) -> 0 | F7: =IF(OR(過積載率!F7=0,(標準電圧!F7*標準電圧!F$2-VLOOKUP(HUAWEI製ＰＣＳ接続枚数計算ツール!$C$9, HUAWEI製ＰＣＳ接続枚数計算ツール!$B$119:$P$149,12,FALSE))<0),0,IF(ROUNDDOWN((標準電圧!F7*標準電圧!F$2-VLOOKUP(HUAWEI製ＰＣＳ接続枚数計算ツール!$C$9, HUAWEI製ＰＣＳ接続枚数計算ツール!$B$119:$P$149,12,FALSE))/VLOOKUP(HUAWEI製ＰＣＳ接続枚数計算ツール!$C$9, HUAWEI製ＰＣＳ接続枚数計算ツール!$B$119:$P$149,13,FALSE)+VLOOKUP(HUAWEI製ＰＣＳ接続枚数計算ツール!$C$9, HUAWEI製ＰＣＳ接続枚数計算ツール!$B$119:$P$149,14,FALSE),0)/100>=IF(過積載率!F7>1,1,過積載率!F7),1,0)) -> 0 | G7: =IF(OR(過積載率!G7=0,(標準電圧!G7*標準電圧!G$2-VLOOKUP(HUAWEI製ＰＣＳ接続枚数計算ツール!$C$9, HUAWEI製ＰＣＳ接続枚数計算ツール!$B$119:$P$149,12,FALSE))<0),0,IF(ROUNDDOWN((標準電圧!G7*標準電圧!G$2-VLOOKUP(HUAWEI製ＰＣＳ接続枚数計算ツール!$C$9, HUAWEI製ＰＣＳ接続枚数計算ツール!$B$119:$P$149,12,FALSE))/VLOOKUP(HUAWEI製ＰＣＳ接続枚数計算ツール!$C$9, HUAWEI製ＰＣＳ接続枚数計算ツール!$B$119:$P$149,13,FALSE)+VLOOKUP(HUAWEI製ＰＣＳ接続枚数計算ツール!$C$9, HUAWEI製ＰＣＳ接続枚数計算ツール!$B$119:$P$149,14,FALSE),0)/100>=IF(過積載率!G7>1,1,過積載率!G7),1,0)) -> 0 | H7: =IF(OR(過積載率!H7=0,(標準電圧!H7*標準電圧!H$2-VLOOKUP(HUAWEI製ＰＣＳ接続枚数計算ツール!$C$9, HUAWEI製ＰＣＳ接続枚数計算ツール!$B$119:$P$149,12,FALSE))<0),0,IF(ROUNDDOWN((標準電圧!H7*標準電圧!H$2-VLOOKUP(HUAWEI製ＰＣＳ接続枚数計算ツール!$C$9, HUAWEI製ＰＣＳ接続枚数計算ツール!$B$119:$P$149,12,FALSE))/VLOOKUP(HUAWEI製ＰＣＳ接続枚数計算ツール!$C$9, HUAWEI製ＰＣＳ接続枚数計算ツール!$B$119:$P$149,13,FALSE)+VLOOKUP(HUAWEI製ＰＣＳ接続枚数計算ツール!$C$9, HUAWEI製ＰＣＳ接続枚数計算ツール!$B$119:$P$149,14,FALSE),0)/100>=IF(過積載率!H7>1,1,過積載率!H7),1,0)) -> 0 | I7: =IF(OR(過積載率!I7=0,(標準電圧!I7*標準電圧!I$2-VLOOKUP(HUAWEI製ＰＣＳ接続枚数計算ツール!$C$9, HUAWEI製ＰＣＳ接続枚数計算ツール!$B$119:$P$149,12,FALSE))<0),0,IF(ROUNDDOWN((標準電圧!I7*標準電圧!I$2-VLOOKUP(HUAWEI製ＰＣＳ接続枚数計算ツール!$C$9, HUAWEI製ＰＣＳ接続枚数計算ツール!$B$119:$P$149,12,FALSE))/VLOOKUP(HUAWEI製ＰＣＳ接続枚数計算ツール!$C$9, HUAWEI製ＰＣＳ接続枚数計算ツール!$B$119:$P$149,13,FALSE)+VLOOKUP(HUAWEI製ＰＣＳ接続枚数計算ツール!$C$9, HUAWEI製ＰＣＳ接続枚数計算ツール!$B$119:$P$149,14,FALSE),0)/100>=IF(過積載率!I7>1,1,過積載率!I7),1,0)) -> 0 | ... AO7: =IF(OR(過積載率!AO7=0,(標準電圧!AO7*標準電圧!AO$2-VLOOKUP(HUAWEI製ＰＣＳ接続枚数計算ツール!$C$9, HUAWEI製ＰＣＳ接続枚数計算ツール!$B$119:$P$149,12,FALSE))<0),0,IF(ROUNDDOWN((標準電圧!AO7*標準電圧!AO$2-VLOOKUP(HUAWEI製ＰＣＳ接続枚数計算ツール!$C$9, HUAWEI製ＰＣＳ接続枚数計算ツール!$B$119:$P$149,12,FALSE))/VLOOKUP(HUAWEI製ＰＣＳ接続枚数計算ツール!$C$9, HUAWEI製ＰＣＳ接続枚数計算ツール!$B$119:$P$149,13,FALSE)+VLOOKUP(HUAWEI製ＰＣＳ接続枚数計算ツール!$C$9, HUAWEI製ＰＣＳ接続枚数計算ツール!$B$119:$P$149,14,FALSE),0)/100>=IF(過積載率!AO7>1,1,過積載率!AO7),1,0)) -> 1
A8: 6 | B8: =IF(OR(過積載率!B8=0,(標準電圧!B8*標準電圧!B$2-VLOOKUP(HUAWEI製ＰＣＳ接続枚数計算ツール!$C$9, HUAWEI製ＰＣＳ接続枚数計算ツール!$B$119:$P$149,12,FALSE))<0),0,IF(ROUNDDOWN((標準電圧!B8*標準電圧!B$2-VLOOKUP(HUAWEI製ＰＣＳ接続枚数計算ツール!$C$9, HUAWEI製ＰＣＳ接続枚数計算ツール!$B$119:$P$149,12,FALSE))/VLOOKUP(HUAWEI製ＰＣＳ接続枚数計算ツール!$C$9, HUAWEI製ＰＣＳ接続枚数計算ツール!$B$119:$P$149,13,FALSE)+VLOOKUP(HUAWEI製ＰＣＳ接続枚数計算ツール!$C$9, HUAWEI製ＰＣＳ接続枚数計算ツール!$B$119:$P$149,14,FALSE),0)/100>=IF(過積載率!B8>1,1,過積載率!B8),1,0)) -> 0 | C8: =IF(OR(過積載率!C8=0,(標準電圧!C8*標準電圧!C$2-VLOOKUP(HUAWEI製ＰＣＳ接続枚数計算ツール!$C$9, HUAWEI製ＰＣＳ接続枚数計算ツール!$B$119:$P$149,12,FALSE))<0),0,IF(ROUNDDOWN((標準電圧!C8*標準電圧!C$2-VLOOKUP(HUAWEI製ＰＣＳ接続枚数計算ツール!$C$9, HUAWEI製ＰＣＳ接続枚数計算ツール!$B$119:$P$149,12,FALSE))/VLOOKUP(HUAWEI製ＰＣＳ接続枚数計算ツール!$C$9, HUAWEI製ＰＣＳ接続枚数計算ツール!$B$119:$P$149,13,FALSE)+VLOOKUP(HUAWEI製ＰＣＳ接続枚数計算ツール!$C$9, HUAWEI製ＰＣＳ接続枚数計算ツール!$B$119:$P$149,14,FALSE),0)/100>=IF(過積載率!C8>1,1,過積載率!C8),1,0)) -> 0 | D8: =IF(OR(過積載率!D8=0,(標準電圧!D8*標準電圧!D$2-VLOOKUP(HUAWEI製ＰＣＳ接続枚数計算ツール!$C$9, HUAWEI製ＰＣＳ接続枚数計算ツール!$B$119:$P$149,12,FALSE))<0),0,IF(ROUNDDOWN((標準電圧!D8*標準電圧!D$2-VLOOKUP(HUAWEI製ＰＣＳ接続枚数計算ツール!$C$9, HUAWEI製ＰＣＳ接続枚数計算ツール!$B$119:$P$149,12,FALSE))/VLOOKUP(HUAWEI製ＰＣＳ接続枚数計算ツール!$C$9, HUAWEI製ＰＣＳ接続枚数計算ツール!$B$119:$P$149,13,FALSE)+VLOOKUP(HUAWEI製ＰＣＳ接続枚数計算ツール!$C$9, HUAWEI製ＰＣＳ接続枚数計算ツール!$B$119:$P$149,14,FALSE),0)/100>=IF(過積載率!D8>1,1,過積載率!D8),1,0)) -> 0 | E8: =IF(OR(過積載率!E8=0,(標準電圧!E8*標準電圧!E$2-VLOOKUP(HUAWEI製ＰＣＳ接続枚数計算ツール!$C$9, HUAWEI製ＰＣＳ接続枚数計算ツール!$B$119:$P$149,12,FALSE))<0),0,IF(ROUNDDOWN((標準電圧!E8*標準電圧!E$2-VLOOKUP(HUAWEI製ＰＣＳ接続枚数計算ツール!$C$9, HUAWEI製ＰＣＳ接続枚数計算ツール!$B$119:$P$149,12,FALSE))/VLOOKUP(HUAWEI製ＰＣＳ接続枚数計算ツール!$C$9, HUAWEI製ＰＣＳ接続枚数計算ツール!$B$119:$P$149,13,FALSE)+VLOOKUP(HUAWEI製ＰＣＳ接続枚数計算ツール!$C$9, HUAWEI製ＰＣＳ接続枚数計算ツール!$B$119:$P$149,14,FALSE),0)/100>=IF(過積載率!E8>1,1,過積載率!E8),1,0)) -> 0 | F8: =IF(OR(過積載率!F8=0,(標準電圧!F8*標準電圧!F$2-VLOOKUP(HUAWEI製ＰＣＳ接続枚数計算ツール!$C$9, HUAWEI製ＰＣＳ接続枚数計算ツール!$B$119:$P$149,12,FALSE))<0),0,IF(ROUNDDOWN((標準電圧!F8*標準電圧!F$2-VLOOKUP(HUAWEI製ＰＣＳ接続枚数計算ツール!$C$9, HUAWEI製ＰＣＳ接続枚数計算ツール!$B$119:$P$149,12,FALSE))/VLOOKUP(HUAWEI製ＰＣＳ接続枚数計算ツール!$C$9, HUAWEI製ＰＣＳ接続枚数計算ツール!$B$119:$P$149,13,FALSE)+VLOOKUP(HUAWEI製ＰＣＳ接続枚数計算ツール!$C$9, HUAWEI製ＰＣＳ接続枚数計算ツール!$B$119:$P$149,14,FALSE),0)/100>=IF(過積載率!F8>1,1,過積載率!F8),1,0)) -> 0 | G8: =IF(OR(過積載率!G8=0,(標準電圧!G8*標準電圧!G$2-VLOOKUP(HUAWEI製ＰＣＳ接続枚数計算ツール!$C$9, HUAWEI製ＰＣＳ接続枚数計算ツール!$B$119:$P$149,12,FALSE))<0),0,IF(ROUNDDOWN((標準電圧!G8*標準電圧!G$2-VLOOKUP(HUAWEI製ＰＣＳ接続枚数計算ツール!$C$9, HUAWEI製ＰＣＳ接続枚数計算ツール!$B$119:$P$149,12,FALSE))/VLOOKUP(HUAWEI製ＰＣＳ接続枚数計算ツール!$C$9, HUAWEI製ＰＣＳ接続枚数計算ツール!$B$119:$P$149,13,FALSE)+VLOOKUP(HUAWEI製ＰＣＳ接続枚数計算ツール!$C$9, HUAWEI製ＰＣＳ接続枚数計算ツール!$B$119:$P$149,14,FALSE),0)/100>=IF(過積載率!G8>1,1,過積載率!G8),1,0)) -> 0 | H8: =IF(OR(過積載率!H8=0,(標準電圧!H8*標準電圧!H$2-VLOOKUP(HUAWEI製ＰＣＳ接続枚数計算ツール!$C$9, HUAWEI製ＰＣＳ接続枚数計算ツール!$B$119:$P$149,12,FALSE))<0),0,IF(ROUNDDOWN((標準電圧!H8*標準電圧!H$2-VLOOKUP(HUAWEI製ＰＣＳ接続枚数計算ツール!$C$9, HUAWEI製ＰＣＳ接続枚数計算ツール!$B$119:$P$149,12,FALSE))/VLOOKUP(HUAWEI製ＰＣＳ接続枚数計算ツール!$C$9, HUAWEI製ＰＣＳ接続枚数計算ツール!$B$119:$P$149,13,FALSE)+VLOOKUP(HUAWEI製ＰＣＳ接続枚数計算ツール!$C$9, HUAWEI製ＰＣＳ接続枚数計算ツール!$B$119:$P$149,14,FALSE),0)/100>=IF(過積載率!H8>1,1,過積載率!H8),1,0)) -> 0 | I8: =IF(OR(過積載率!I8=0,(標準電圧!I8*標準電圧!I$2-VLOOKUP(HUAWEI製ＰＣＳ接続枚数計算ツール!$C$9, HUAWEI製ＰＣＳ接続枚数計算ツール!$B$119:$P$149,12,FALSE))<0),0,IF(ROUNDDOWN((標準電圧!I8*標準電圧!I$2-VLOOKUP(HUAWEI製ＰＣＳ接続枚数計算ツール!$C$9, HUAWEI製ＰＣＳ接続枚数計算ツール!$B$119:$P$149,12,FALSE))/VLOOKUP(HUAWEI製ＰＣＳ接続枚数計算ツール!$C$9, HUAWEI製ＰＣＳ接続枚数計算ツール!$B$119:$P$149,13,FALSE)+VLOOKUP(HUAWEI製ＰＣＳ接続枚数計算ツール!$C$9, HUAWEI製ＰＣＳ接続枚数計算ツール!$B$119:$P$149,14,FALSE),0)/100>=IF(過積載率!I8>1,1,過積載率!I8),1,0)) -> 0 | ... AO8: =IF(OR(過積載率!AO8=0,(標準電圧!AO8*標準電圧!AO$2-VLOOKUP(HUAWEI製ＰＣＳ接続枚数計算ツール!$C$9, HUAWEI製ＰＣＳ接続枚数計算ツール!$B$119:$P$149,12,FALSE))<0),0,IF(ROUNDDOWN((標準電圧!AO8*標準電圧!AO$2-VLOOKUP(HUAWEI製ＰＣＳ接続枚数計算ツール!$C$9, HUAWEI製ＰＣＳ接続枚数計算ツール!$B$119:$P$149,12,FALSE))/VLOOKUP(HUAWEI製ＰＣＳ接続枚数計算ツール!$C$9, HUAWEI製ＰＣＳ接続枚数計算ツール!$B$119:$P$149,13,FALSE)+VLOOKUP(HUAWEI製ＰＣＳ接続枚数計算ツール!$C$9, HUAWEI製ＰＣＳ接続枚数計算ツール!$B$119:$P$149,14,FALSE),0)/100>=IF(過積載率!AO8>1,1,過積載率!AO8),1,0)) -> 1
A9: 7 | B9: =IF(OR(過積載率!B9=0,(標準電圧!B9*標準電圧!B$2-VLOOKUP(HUAWEI製ＰＣＳ接続枚数計算ツール!$C$9, HUAWEI製ＰＣＳ接続枚数計算ツール!$B$119:$P$149,12,FALSE))<0),0,IF(ROUNDDOWN((標準電圧!B9*標準電圧!B$2-VLOOKUP(HUAWEI製ＰＣＳ接続枚数計算ツール!$C$9, HUAWEI製ＰＣＳ接続枚数計算ツール!$B$119:$P$149,12,FALSE))/VLOOKUP(HUAWEI製ＰＣＳ接続枚数計算ツール!$C$9, HUAWEI製ＰＣＳ接続枚数計算ツール!$B$119:$P$149,13,FALSE)+VLOOKUP(HUAWEI製ＰＣＳ接続枚数計算ツール!$C$9, HUAWEI製ＰＣＳ接続枚数計算ツール!$B$119:$P$149,14,FALSE),0)/100>=IF(過積載率!B9>1,1,過積載率!B9),1,0)) -> 0 | C9: =IF(OR(過積載率!C9=0,(標準電圧!C9*標準電圧!C$2-VLOOKUP(HUAWEI製ＰＣＳ接続枚数計算ツール!$C$9, HUAWEI製ＰＣＳ接続枚数計算ツール!$B$119:$P$149,12,FALSE))<0),0,IF(ROUNDDOWN((標準電圧!C9*標準電圧!C$2-VLOOKUP(HUAWEI製ＰＣＳ接続枚数計算ツール!$C$9, HUAWEI製ＰＣＳ接続枚数計算ツール!$B$119:$P$149,12,FALSE))/VLOOKUP(HUAWEI製ＰＣＳ接続枚数計算ツール!$C$9, HUAWEI製ＰＣＳ接続枚数計算ツール!$B$119:$P$149,13,FALSE)+VLOOKUP(HUAWEI製ＰＣＳ接続枚数計算ツール!$C$9, HUAWEI製ＰＣＳ接続枚数計算ツール!$B$119:$P$149,14,FALSE),0)/100>=IF(過積載率!C9>1,1,過積載率!C9),1,0)) -> 0 | D9: =IF(OR(過積載率!D9=0,(標準電圧!D9*標準電圧!D$2-VLOOKUP(HUAWEI製ＰＣＳ接続枚数計算ツール!$C$9, HUAWEI製ＰＣＳ接続枚数計算ツール!$B$119:$P$149,12,FALSE))<0),0,IF(ROUNDDOWN((標準電圧!D9*標準電圧!D$2-VLOOKUP(HUAWEI製ＰＣＳ接続枚数計算ツール!$C$9, HUAWEI製ＰＣＳ接続枚数計算ツール!$B$119:$P$149,12,FALSE))/VLOOKUP(HUAWEI製ＰＣＳ接続枚数計算ツール!$C$9, HUAWEI製ＰＣＳ接続枚数計算ツール!$B$119:$P$149,13,FALSE)+VLOOKUP(HUAWEI製ＰＣＳ接続枚数計算ツール!$C$9, HUAWEI製ＰＣＳ接続枚数計算ツール!$B$119:$P$149,14,FALSE),0)/100>=IF(過積載率!D9>1,1,過積載率!D9),1,0)) -> 0 | E9: =IF(OR(過積載率!E9=0,(標準電圧!E9*標準電圧!E$2-VLOOKUP(HUAWEI製ＰＣＳ接続枚数計算ツール!$C$9, HUAWEI製ＰＣＳ接続枚数計算ツール!$B$119:$P$149,12,FALSE))<0),0,IF(ROUNDDOWN((標準電圧!E9*標準電圧!E$2-VLOOKUP(HUAWEI製ＰＣＳ接続枚数計算ツール!$C$9, HUAWEI製ＰＣＳ接続枚数計算ツール!$B$119:$P$149,12,FALSE))/VLOOKUP(HUAWEI製ＰＣＳ接続枚数計算ツール!$C$9, HUAWEI製ＰＣＳ接続枚数計算ツール!$B$119:$P$149,13,FALSE)+VLOOKUP(HUAWEI製ＰＣＳ接続枚数計算ツール!$C$9, HUAWEI製ＰＣＳ接続枚数計算ツール!$B$119:$P$149,14,FALSE),0)/100>=IF(過積載率!E9>1,1,過積載率!E9),1,0)) -> 0 | F9: =IF(OR(過積載率!F9=0,(標準電圧!F9*標準電圧!F$2-VLOOKUP(HUAWEI製ＰＣＳ接続枚数計算ツール!$C$9, HUAWEI製ＰＣＳ接続枚数計算ツール!$B$119:$P$149,12,FALSE))<0),0,IF(ROUNDDOWN((標準電圧!F9*標準電圧!F$2-VLOOKUP(HUAWEI製ＰＣＳ接続枚数計算ツール!$C$9, HUAWEI製ＰＣＳ接続枚数計算ツール!$B$119:$P$149,12,FALSE))/VLOOKUP(HUAWEI製ＰＣＳ接続枚数計算ツール!$C$9, HUAWEI製ＰＣＳ接続枚数計算ツール!$B$119:$P$149,13,FALSE)+VLOOKUP(HUAWEI製ＰＣＳ接続枚数計算ツール!$C$9, HUAWEI製ＰＣＳ接続枚数計算ツール!$B$119:$P$149,14,FALSE),0)/100>=IF(過積載率!F9>1,1,過積載率!F9),1,0)) -> 0 | G9: =IF(OR(過積載率!G9=0,(標準電圧!G9*標準電圧!G$2-VLOOKUP(HUAWEI製ＰＣＳ接続枚数計算ツール!$C$9, HUAWEI製ＰＣＳ接続枚数計算ツール!$B$119:$P$149,12,FALSE))<0),0,IF(ROUNDDOWN((標準電圧!G9*標準電圧!G$2-VLOOKUP(HUAWEI製ＰＣＳ接続枚数計算ツール!$C$9, HUAWEI製ＰＣＳ接続枚数計算ツール!$B$119:$P$149,12,FALSE))/VLOOKUP(HUAWEI製ＰＣＳ接続枚数計算ツール!$C$9, HUAWEI製ＰＣＳ接続枚数計算ツール!$B$119:$P$149,13,FALSE)+VLOOKUP(HUAWEI製ＰＣＳ接続枚数計算ツール!$C$9, HUAWEI製ＰＣＳ接続枚数計算ツール!$B$119:$P$149,14,FALSE),0)/100>=IF(過積載率!G9>1,1,過積載率!G9),1,0)) -> 0 | H9: =IF(OR(過積載率!H9=0,(標準電圧!H9*標準電圧!H$2-VLOOKUP(HUAWEI製ＰＣＳ接続枚数計算ツール!$C$9, HUAWEI製ＰＣＳ接続枚数計算ツール!$B$119:$P$149,12,FALSE))<0),0,IF(ROUNDDOWN((標準電圧!H9*標準電圧!H$2-VLOOKUP(HUAWEI製ＰＣＳ接続枚数計算ツール!$C$9, HUAWEI製ＰＣＳ接続枚数計算ツール!$B$119:$P$149,12,FALSE))/VLOOKUP(HUAWEI製ＰＣＳ接続枚数計算ツール!$C$9, HUAWEI製ＰＣＳ接続枚数計算ツール!$B$119:$P$149,13,FALSE)+VLOOKUP(HUAWEI製ＰＣＳ接続枚数計算ツール!$C$9, HUAWEI製ＰＣＳ接続枚数計算ツール!$B$119:$P$149,14,FALSE),0)/100>=IF(過積載率!H9>1,1,過積載率!H9),1,0)) -> 0 | I9: =IF(OR(過積載率!I9=0,(標準電圧!I9*標準電圧!I$2-VLOOKUP(HUAWEI製ＰＣＳ接続枚数計算ツール!$C$9, HUAWEI製ＰＣＳ接続枚数計算ツール!$B$119:$P$149,12,FALSE))<0),0,IF(ROUNDDOWN((標準電圧!I9*標準電圧!I$2-VLOOKUP(HUAWEI製ＰＣＳ接続枚数計算ツール!$C$9, HUAWEI製ＰＣＳ接続枚数計算ツール!$B$119:$P$149,12,FALSE))/VLOOKUP(HUAWEI製ＰＣＳ接続枚数計算ツール!$C$9, HUAWEI製ＰＣＳ接続枚数計算ツール!$B$119:$P$149,13,FALSE)+VLOOKUP(HUAWEI製ＰＣＳ接続枚数計算ツール!$C$9, HUAWEI製ＰＣＳ接続枚数計算ツール!$B$119:$P$149,14,FALSE),0)/100>=IF(過積載率!I9>1,1,過積載率!I9),1,0)) -> 0 | ... AO9: =IF(OR(過積載率!AO9=0,(標準電圧!AO9*標準電圧!AO$2-VLOOKUP(HUAWEI製ＰＣＳ接続枚数計算ツール!$C$9, HUAWEI製ＰＣＳ接続枚数計算ツール!$B$119:$P$149,12,FALSE))<0),0,IF(ROUNDDOWN((標準電圧!AO9*標準電圧!AO$2-VLOOKUP(HUAWEI製ＰＣＳ接続枚数計算ツール!$C$9, HUAWEI製ＰＣＳ接続枚数計算ツール!$B$119:$P$149,12,FALSE))/VLOOKUP(HUAWEI製ＰＣＳ接続枚数計算ツール!$C$9, HUAWEI製ＰＣＳ接続枚数計算ツール!$B$119:$P$149,13,FALSE)+VLOOKUP(HUAWEI製ＰＣＳ接続枚数計算ツール!$C$9, HUAWEI製ＰＣＳ接続枚数計算ツール!$B$119:$P$149,14,FALSE),0)/100>=IF(過積載率!AO9>1,1,過積載率!AO9),1,0)) -> 1
A10: 8 | B10: =IF(OR(過積載率!B10=0,(標準電圧!B10*標準電圧!B$2-VLOOKUP(HUAWEI製ＰＣＳ接続枚数計算ツール!$C$9, HUAWEI製ＰＣＳ接続枚数計算ツール!$B$119:$P$149,12,FALSE))<0),0,IF(ROUNDDOWN((標準電圧!B10*標準電圧!B$2-VLOOKUP(HUAWEI製ＰＣＳ接続枚数計算ツール!$C$9, HUAWEI製ＰＣＳ接続枚数計算ツール!$B$119:$P$149,12,FALSE))/VLOOKUP(HUAWEI製ＰＣＳ接続枚数計算ツール!$C$9, HUAWEI製ＰＣＳ接続枚数計算ツール!$B$119:$P$149,13,FALSE)+VLOOKUP(HUAWEI製ＰＣＳ接続枚数計算ツール!$C$9, HUAWEI製ＰＣＳ接続枚数計算ツール!$B$119:$P$149,14,FALSE),0)/100>=IF(過積載率!B10>1,1,過積載率!B10),1,0)) -> 0 | C10: =IF(OR(過積載率!C10=0,(標準電圧!C10*標準電圧!C$2-VLOOKUP(HUAWEI製ＰＣＳ接続枚数計算ツール!$C$9, HUAWEI製ＰＣＳ接続枚数計算ツール!$B$119:$P$149,12,FALSE))<0),0,IF(ROUNDDOWN((標準電圧!C10*標準電圧!C$2-VLOOKUP(HUAWEI製ＰＣＳ接続枚数計算ツール!$C$9, HUAWEI製ＰＣＳ接続枚数計算ツール!$B$119:$P$149,12,FALSE))/VLOOKUP(HUAWEI製ＰＣＳ接続枚数計算ツール!$C$9, HUAWEI製ＰＣＳ接続枚数計算ツール!$B$119:$P$149,13,FALSE)+VLOOKUP(HUAWEI製ＰＣＳ接続枚数計算ツール!$C$9, HUAWEI製ＰＣＳ接続枚数計算ツール!$B$119:$P$149,14,FALSE),0)/100>=IF(過積載率!C10>1,1,過積載率!C10),1,0)) -> 0 | D10: =IF(OR(過積載率!D10=0,(標準電圧!D10*標準電圧!D$2-VLOOKUP(HUAWEI製ＰＣＳ接続枚数計算ツール!$C$9, HUAWEI製ＰＣＳ接続枚数計算ツール!$B$119:$P$149,12,FALSE))<0),0,IF(ROUNDDOWN((標準電圧!D10*標準電圧!D$2-VLOOKUP(HUAWEI製ＰＣＳ接続枚数計算ツール!$C$9, HUAWEI製ＰＣＳ接続枚数計算ツール!$B$119:$P$149,12,FALSE))/VLOOKUP(HUAWEI製ＰＣＳ接続枚数計算ツール!$C$9, HUAWEI製ＰＣＳ接続枚数計算ツール!$B$119:$P$149,13,FALSE)+VLOOKUP(HUAWEI製ＰＣＳ接続枚数計算ツール!$C$9, HUAWEI製ＰＣＳ接続枚数計算ツール!$B$119:$P$149,14,FALSE),0)/100>=IF(過積載率!D10>1,1,過積載率!D10),1,0)) -> 0 | E10: =IF(OR(過積載率!E10=0,(標準電圧!E10*標準電圧!E$2-VLOOKUP(HUAWEI製ＰＣＳ接続枚数計算ツール!$C$9, HUAWEI製ＰＣＳ接続枚数計算ツール!$B$119:$P$149,12,FALSE))<0),0,IF(ROUNDDOWN((標準電圧!E10*標準電圧!E$2-VLOOKUP(HUAWEI製ＰＣＳ接続枚数計算ツール!$C$9, HUAWEI製ＰＣＳ接続枚数計算ツール!$B$119:$P$149,12,FALSE))/VLOOKUP(HUAWEI製ＰＣＳ接続枚数計算ツール!$C$9, HUAWEI製ＰＣＳ接続枚数計算ツール!$B$119:$P$149,13,FALSE)+VLOOKUP(HUAWEI製ＰＣＳ接続枚数計算ツール!$C$9, HUAWEI製ＰＣＳ接続枚数計算ツール!$B$119:$P$149,14,FALSE),0)/100>=IF(過積載率!E10>1,1,過積載率!E10),1,0)) -> 0 | F10: =IF(OR(過積載率!F10=0,(標準電圧!F10*標準電圧!F$2-VLOOKUP(HUAWEI製ＰＣＳ接続枚数計算ツール!$C$9, HUAWEI製ＰＣＳ接続枚数計算ツール!$B$119:$P$149,12,FALSE))<0),0,IF(ROUNDDOWN((標準電圧!F10*標準電圧!F$2-VLOOKUP(HUAWEI製ＰＣＳ接続枚数計算ツール!$C$9, HUAWEI製ＰＣＳ接続枚数計算ツール!$B$119:$P$149,12,FALSE))/VLOOKUP(HUAWEI製ＰＣＳ接続枚数計算ツール!$C$9, HUAWEI製ＰＣＳ接続枚数計算ツール!$B$119:$P$149,13,FALSE)+VLOOKUP(HUAWEI製ＰＣＳ接続枚数計算ツール!$C$9, HUAWEI製ＰＣＳ接続枚数計算ツール!$B$119:$P$149,14,FALSE),0)/100>=IF(過積載率!F10>1,1,過積載率!F10),1,0)) -> 0 | G10: =IF(OR(過積載率!G10=0,(標準電圧!G10*標準電圧!G$2-VLOOKUP(HUAWEI製ＰＣＳ接続枚数計算ツール!$C$9, HUAWEI製ＰＣＳ接続枚数計算ツール!$B$119:$P$149,12,FALSE))<0),0,IF(ROUNDDOWN((標準電圧!G10*標準電圧!G$2-VLOOKUP(HUAWEI製ＰＣＳ接続枚数計算ツール!$C$9, HUAWEI製ＰＣＳ接続枚数計算ツール!$B$119:$P$149,12,FALSE))/VLOOKUP(HUAWEI製ＰＣＳ接続枚数計算ツール!$C$9, HUAWEI製ＰＣＳ接続枚数計算ツール!$B$119:$P$149,13,FALSE)+VLOOKUP(HUAWEI製ＰＣＳ接続枚数計算ツール!$C$9, HUAWEI製ＰＣＳ接続枚数計算ツール!$B$119:$P$149,14,FALSE),0)/100>=IF(過積載率!G10>1,1,過積載率!G10),1,0)) -> 0 | H10: =IF(OR(過積載率!H10=0,(標準電圧!H10*標準電圧!H$2-VLOOKUP(HUAWEI製ＰＣＳ接続枚数計算ツール!$C$9, HUAWEI製ＰＣＳ接続枚数計算ツール!$B$119:$P$149,12,FALSE))<0),0,IF(ROUNDDOWN((標準電圧!H10*標準電圧!H$2-VLOOKUP(HUAWEI製ＰＣＳ接続枚数計算ツール!$C$9, HUAWEI製ＰＣＳ接続枚数計算ツール!$B$119:$P$149,12,FALSE))/VLOOKUP(HUAWEI製ＰＣＳ接続枚数計算ツール!$C$9, HUAWEI製ＰＣＳ接続枚数計算ツール!$B$119:$P$149,13,FALSE)+VLOOKUP(HUAWEI製ＰＣＳ接続枚数計算ツール!$C$9, HUAWEI製ＰＣＳ接続枚数計算ツール!$B$119:$P$149,14,FALSE),0)/100>=IF(過積載率!H10>1,1,過積載率!H10),1,0)) -> 0 | I10: =IF(OR(過積載率!I10=0,(標準電圧!I10*標準電圧!I$2-VLOOKUP(HUAWEI製ＰＣＳ接続枚数計算ツール!$C$9, HUAWEI製ＰＣＳ接続枚数計算ツール!$B$119:$P$149,12,FALSE))<0),0,IF(ROUNDDOWN((標準電圧!I10*標準電圧!I$2-VLOOKUP(HUAWEI製ＰＣＳ接続枚数計算ツール!$C$9, HUAWEI製ＰＣＳ接続枚数計算ツール!$B$119:$P$149,12,FALSE))/VLOOKUP(HUAWEI製ＰＣＳ接続枚数計算ツール!$C$9, HUAWEI製ＰＣＳ接続枚数計算ツール!$B$119:$P$149,13,FALSE)+VLOOKUP(HUAWEI製ＰＣＳ接続枚数計算ツール!$C$9, HUAWEI製ＰＣＳ接続枚数計算ツール!$B$119:$P$149,14,FALSE),0)/100>=IF(過積載率!I10>1,1,過積載率!I10),1,0)) -> 0 | ... AO10: =IF(OR(過積載率!AO10=0,(標準電圧!AO10*標準電圧!AO$2-VLOOKUP(HUAWEI製ＰＣＳ接続枚数計算ツール!$C$9, HUAWEI製ＰＣＳ接続枚数計算ツール!$B$119:$P$149,12,FALSE))<0),0,IF(ROUNDDOWN((標準電圧!AO10*標準電圧!AO$2-VLOOKUP(HUAWEI製ＰＣＳ接続枚数計算ツール!$C$9, HUAWEI製ＰＣＳ接続枚数計算ツール!$B$119:$P$149,12,FALSE))/VLOOKUP(HUAWEI製ＰＣＳ接続枚数計算ツール!$C$9, HUAWEI製ＰＣＳ接続枚数計算ツール!$B$119:$P$149,13,FALSE)+VLOOKUP(HUAWEI製ＰＣＳ接続枚数計算ツール!$C$9, HUAWEI製ＰＣＳ接続枚数計算ツール!$B$119:$P$149,14,FALSE),0)/100>=IF(過積載率!AO10>1,1,過積載率!AO10),1,0)) -> 1
